dataset,winter_year,member,n_days_analysis_window,first_analysis_date,last_analysis_date,max_1d_mean_demand_MW,max_1d_window_start,max_1d_window_end,max_7d_mean_demand_MW,max_7d_window_start,max_7d_window_end,max_14d_mean_demand_MW,max_14d_window_start,max_14d_window_end,max_21d_mean_demand_MW,max_21d_window_start,max_21d_window_end,max_28d_mean_demand_MW,max_28d_window_start,max_28d_window_end,max_35d_mean_demand_MW,max_35d_window_start,max_35d_window_end,max_42d_mean_demand_MW,max_42d_window_start,max_42d_window_end,max_49d_mean_demand_MW,max_49d_window_start,max_49d_window_end,max_56d_mean_demand_MW,max_56d_window_start,max_56d_window_end,max_63d_mean_demand_MW,max_63d_window_start,max_63d_window_end,max_70d_mean_demand_MW,max_70d_window_start,max_70d_window_end,max_77d_mean_demand_MW,max_77d_window_start,max_77d_window_end,max_84d_mean_demand_MW,max_84d_window_start,max_84d_window_end
ECMWF,1982,0,144,1981-11-08,1982-03-31,43121.13916650679,1981-12-23,1981-12-23,40782.71991465734,1981-12-19,1981-12-25,40109.16516549316,1981-12-14,1981-12-27,39969.36371862006,1981-12-04,1981-12-24,39842.688353941274,1981-11-30,1981-12-27,39603.16169637791,1981-11-27,1981-12-31,39370.41301726666,1981-12-07,1982-01-17,39431.94440405424,1981-11-30,1982-01-17,39292.929302243305,1981-11-27,1982-01-21,39061.051232880345,1981-11-26,1982-01-27,38894.346906023115,1981-11-26,1982-02-03,38716.27081696929,1981-11-26,1982-02-10,38542.55712324678,1981-11-26,1982-02-17
ECMWF,1982,1,144,1981-11-08,1982-03-31,43260.644348354144,1981-12-16,1981-12-16,40469.32870317173,1981-12-10,1981-12-16,39477.63482881743,1981-12-05,1981-12-18,38747.99683589272,1981-12-04,1981-12-24,38868.21708900791,1981-12-06,1982-01-02,38610.634945373,1981-12-05,1982-01-08,38572.40363857702,1981-12-07,1982-01-17,38536.79285401223,1981-12-07,1982-01-24,38501.45266479991,1981-12-07,1982-01-31,38448.353456058394,1981-12-07,1982-02-07,38378.31773637,1981-12-06,1982-02-13,38311.6740466822,1981-12-07,1982-02-21,38329.68497957447,1981-12-06,1982-02-27
ECMWF,1982,2,144,1981-11-08,1982-03-31,43988.17306158841,1982-01-13,1982-01-13,42042.546794802474,1982-01-08,1982-01-14,41640.15073222604,1982-01-01,1982-01-14,41475.83565984864,1981-12-25,1982-01-14,41120.28722020567,1981-12-20,1982-01-16,40612.13594888472,1981-12-17,1982-01-20,40209.27314341348,1981-12-17,1982-01-27,39806.56017557659,1981-12-11,1982-01-28,39507.84999664385,1981-12-19,1982-02-12,39412.399781573804,1981-12-17,1982-02-17,39323.24968279057,1981-12-17,1982-02-24,39171.15660073793,1981-12-16,1982-03-02,39054.70679857537,1981-12-16,1982-03-09
ECMWF,1982,3,144,1981-11-08,1982-03-31,44574.253823278385,1982-01-27,1982-01-27,42434.156646339165,1982-01-26,1982-02-01,41800.95928235863,1982-01-22,1982-02-04,41419.9326385184,1982-01-22,1982-02-11,41078.096886244464,1982-01-19,1982-02-15,40845.73925249147,1982-01-22,1982-02-25,40687.755726987685,1982-01-20,1982-03-02,40497.2097221543,1982-01-17,1982-03-06,40285.257081138916,1982-01-16,1982-03-12,40139.550567820945,1982-01-02,1982-03-05,40044.08754408433,1981-12-28,1982-03-07,39919.66941725916,1981-12-28,1982-03-14,39860.91190320822,1981-12-15,1982-03-08
ECMWF,1982,4,144,1981-11-08,1982-03-31,44192.15737842143,1982-01-12,1982-01-12,42781.20459491211,1982-01-07,1982-01-13,42163.055957649,1982-01-02,1982-01-15,41567.91657109909,1981-12-28,1982-01-17,40917.65203917011,1981-12-22,1982-01-18,40762.162135929415,1981-12-14,1982-01-17,40433.93506707821,1981-12-10,1982-01-20,40145.77947238855,1981-12-04,1982-01-21,39843.29972148475,1981-12-04,1982-01-28,39518.82807298231,1981-12-04,1982-02-04,39262.87985126811,1981-12-03,1982-02-10,39097.585425329016,1981-12-04,1982-02-18,38974.299373482994,1981-12-04,1982-02-25
ECMWF,1982,5,144,1981-11-08,1982-03-31,43392.06484640533,1982-01-28,1982-01-28,41006.17587987932,1982-01-25,1982-01-31,40441.24226764632,1982-01-24,1982-02-06,39903.23280151319,1981-11-30,1981-12-20,39981.50837559607,1982-01-08,1982-02-04,39801.27998627338,1982-01-07,1982-02-10,39635.9391216658,1982-01-07,1982-02-17,39423.98012245274,1981-12-15,1982-02-01,39460.41390961293,1981-12-12,1982-02-05,39508.72095823965,1981-12-02,1982-02-02,39540.01747203758,1981-11-29,1982-02-06,39452.379597800995,1981-11-29,1982-02-13,39386.223482601716,1981-11-26,1982-02-17
ECMWF,1982,6,144,1981-11-08,1982-03-31,42435.00989975787,1981-12-23,1981-12-23,39782.55214051877,1982-01-18,1982-01-24,39165.15577239852,1982-01-16,1982-01-29,38563.72870373717,1982-01-16,1982-02-05,38407.836234913135,1982-01-14,1982-02-10,38163.36910308867,1982-01-15,1982-02-18,38216.65008917672,1982-01-18,1982-02-28,38265.704336658266,1982-01-16,1982-03-05,38125.388651806345,1982-01-14,1982-03-10,38019.22979506385,1982-01-14,1982-03-17,37949.27640972442,1982-01-14,1982-03-24,37937.72092743209,1981-12-19,1982-03-05,37883.55151181602,1981-12-12,1982-03-05
ECMWF,1982,7,144,1981-11-08,1982-03-31,42114.817141291525,1982-02-03,1982-02-03,39849.17501154024,1982-01-29,1982-02-04,39407.80400756845,1982-01-31,1982-02-13,39250.034509112484,1982-01-27,1982-02-16,38831.13755792808,1982-01-25,1982-02-21,38785.83501918947,1982-01-13,1982-02-16,38561.18645141873,1982-01-13,1982-02-23,38443.78013782608,1982-01-13,1982-03-02,38295.865423314564,1982-01-12,1982-03-08,38173.09236392724,1981-12-30,1982-03-02,38195.388790050565,1981-12-07,1982-02-14,38289.581089453895,1981-12-02,1982-02-16,38238.42853516097,1981-11-28,1982-02-19
ECMWF,1982,8,144,1981-11-08,1982-03-31,44141.90808242177,1982-01-15,1982-01-15,42244.70401848239,1982-01-11,1982-01-17,41634.892806821816,1982-01-04,1982-01-17,40992.50065898854,1981-12-30,1982-01-19,41017.791891082474,1981-12-22,1982-01-18,40588.7269937436,1981-12-18,1982-01-21,40412.05092409701,1981-12-07,1982-01-17,40386.85538923518,1981-12-03,1982-01-20,40173.86659779878,1981-11-26,1982-01-20,39928.17770118698,1981-11-21,1982-01-22,39608.89709631464,1981-11-18,1982-01-26,39347.668454306964,1981-11-19,1982-02-03,39253.72249203678,1981-11-25,1982-02-16
ECMWF,1982,9,144,1981-11-08,1982-03-31,44398.077026474915,1982-02-03,1982-02-03,41716.336037492445,1982-01-29,1982-02-04,40636.58483098126,1982-01-23,1982-02-05,39869.97048860275,1982-01-19,1982-02-08,39672.648464783604,1982-01-08,1982-02-04,39819.38239478419,1982-01-02,1982-02-05,39644.19022616289,1981-12-29,1982-02-08,39332.598073012836,1981-12-27,1982-02-13,39245.693796203166,1981-12-29,1982-02-22,39056.77464218261,1981-12-27,1982-02-27,38748.02403573304,1981-12-25,1982-03-04,38515.798926149684,1981-12-09,1982-02-23,38497.019550909674,1981-12-29,1982-03-22
ECMWF,1982,10,144,1981-11-08,1982-03-31,42145.601146288944,1981-12-15,1981-12-15,40408.32142760079,1981-12-11,1981-12-17,39876.860024669535,1981-12-05,1981-12-18,39662.40041159625,1981-11-28,1981-12-18,39203.27220818296,1981-11-27,1981-12-24,38878.43126184856,1981-11-25,1981-12-29,38662.031220199155,1981-11-28,1982-01-08,38507.52087016428,1981-11-28,1982-01-15,38468.652085523005,1981-12-04,1982-01-28,38552.98684644691,1981-11-28,1982-01-29,38511.54396264328,1981-11-28,1982-02-05,38393.57935296806,1981-11-24,1982-02-08,38251.18426914579,1981-11-23,1982-02-14
ECMWF,1982,11,144,1981-11-08,1982-03-31,43917.44503229453,1982-03-10,1982-03-10,42131.949458581046,1982-01-25,1982-01-31,41585.184669698625,1982-01-20,1982-02-02,40951.264983761146,1982-01-15,1982-02-04,40401.40519047854,1982-01-20,1982-02-16,40248.84330794859,1982-01-15,1982-02-18,40189.10165357344,1981-12-24,1982-02-03,40260.194971693316,1982-01-22,1982-03-11,40282.50137318713,1982-01-17,1982-03-13,40126.399502749766,1982-01-13,1982-03-16,40017.15812922749,1982-01-03,1982-03-13,40027.66410819163,1981-12-27,1982-03-13,40018.42974963883,1981-12-21,1982-03-14
ECMWF,1982,12,144,1981-11-08,1982-03-31,44746.656795713454,1982-02-09,1982-02-09,42433.197585334354,1982-02-04,1982-02-10,41818.506660647756,1982-01-30,1982-02-12,41502.872307298276,1982-01-31,1982-02-20,41315.062620999095,1982-01-28,1982-02-24,40914.67705613502,1982-01-24,1982-02-27,40399.42330600522,1982-01-15,1982-02-25,40252.106452919375,1982-01-08,1982-02-25,40061.86872165008,1982-01-03,1982-02-27,39944.063759993696,1981-12-26,1982-02-26,39936.88828872773,1981-12-18,1982-02-25,39789.86450316289,1981-12-12,1982-02-26,39663.130553581825,1981-12-06,1982-02-27
ECMWF,1982,13,144,1981-11-08,1982-03-31,41756.5110901131,1981-11-17,1981-11-17,39633.63321575226,1981-11-12,1981-11-18,39031.025650562086,1981-12-25,1982-01-07,38908.94210550781,1981-11-13,1981-12-03,38820.02988772438,1981-11-13,1981-12-10,38829.765675547074,1981-11-13,1981-12-17,38602.37662381608,1981-11-26,1982-01-06,38581.01114627132,1981-11-14,1982-01-01,38646.59099935459,1981-11-12,1982-01-06,38514.70488285601,1981-11-12,1982-01-13,38427.56264445555,1981-11-12,1982-01-20,38342.46119541769,1981-11-10,1982-01-25,38256.53038236992,1981-11-13,1982-02-04
ECMWF,1982,14,144,1981-11-08,1982-03-31,44270.74548338711,1982-01-11,1982-01-11,42052.760995562436,1982-01-05,1982-01-11,41608.38838288688,1982-01-26,1982-02-08,41205.03229932129,1982-01-22,1982-02-11,40610.177302326825,1982-01-19,1982-02-15,40744.99587119985,1982-01-05,1982-02-08,40780.10623044576,1981-12-30,1982-02-09,40641.76149463073,1981-12-27,1982-02-13,40402.08085357444,1981-12-29,1982-02-22,40409.828775848306,1981-12-27,1982-02-27,40196.463752957316,1981-12-21,1982-02-28,39927.694332560335,1981-12-16,1982-03-02,39662.68662712498,1981-12-10,1982-03-03
ECMWF,1982,15,144,1981-11-08,1982-03-31,44219.39413249617,1982-01-11,1982-01-11,42574.096180194625,1982-01-05,1982-01-11,42036.98809202665,1981-12-30,1982-01-12,41291.876045372286,1981-12-27,1982-01-16,40532.57279581132,1981-12-27,1982-01-23,40182.20397617041,1981-12-24,1982-01-27,40100.71505455981,1981-12-03,1982-01-13,39950.47955887252,1981-11-30,1982-01-17,39762.391333541156,1981-12-02,1982-01-26,39631.31133931419,1981-12-01,1982-02-01,39463.823877363604,1981-11-30,1982-02-07,39342.426056582175,1981-11-30,1982-02-14,39211.13244278609,1981-11-22,1982-02-13
ECMWF,1982,16,144,1981-11-08,1982-03-31,42105.55526455497,1981-12-08,1981-12-08,40304.745573134314,1981-12-05,1981-12-11,39911.89283906179,1981-12-01,1981-12-14,39668.884218538995,1981-11-29,1981-12-19,39329.79605330615,1981-11-27,1981-12-24,38982.575726549876,1981-11-15,1981-12-19,38900.08503969741,1981-11-13,1981-12-24,38730.93740832666,1981-11-09,1981-12-27,38561.09993181395,1981-11-09,1982-01-03,38481.869131201864,1981-11-09,1982-01-10,38330.93437595006,1981-11-09,1982-01-17,38349.190325189906,1981-12-05,1982-02-19,38416.289256619835,1981-11-29,1982-02-20
ECMWF,1982,17,144,1981-11-08,1982-03-31,43346.93478670509,1982-02-04,1982-02-04,41469.50334831873,1982-02-02,1982-02-08,39657.91541710815,1982-01-31,1982-02-13,38856.48564929591,1981-12-29,1982-01-18,38898.27443905503,1982-01-12,1982-02-08,38841.14619113626,1982-01-07,1982-02-10,38678.68676298473,1981-12-29,1982-02-08,38645.51280284233,1981-12-23,1982-02-09,38498.036756564055,1981-12-19,1982-02-12,38428.45500905988,1981-12-09,1982-02-09,38366.75214444091,1981-12-05,1982-02-12,38321.9787994188,1981-11-24,1982-02-08,38293.59432008884,1981-11-19,1982-02-10
ECMWF,1982,18,144,1981-11-08,1982-03-31,41730.56753615047,1982-03-02,1982-03-02,40120.94733045553,1982-02-25,1982-03-03,39866.66368943202,1982-02-20,1982-03-05,39552.90855860758,1982-02-19,1982-03-11,39003.88797423692,1982-02-14,1982-03-13,38658.54674894351,1982-02-05,1982-03-11,38645.88509366439,1982-01-28,1982-03-10,38607.19054934512,1982-01-20,1982-03-09,38571.50464267628,1982-01-15,1982-03-11,38413.93683662606,1982-01-11,1982-03-14,38189.93645757482,1982-01-04,1982-03-14,38004.690288521204,1981-12-28,1982-03-14,37997.91389562418,1981-12-17,1982-03-10
ECMWF,1982,19,144,1981-11-08,1982-03-31,41604.01637220016,1981-12-29,1981-12-29,39779.495929273195,1982-01-12,1982-01-18,39083.56248525745,1982-01-10,1982-01-23,38926.36073943618,1981-12-29,1982-01-18,38797.33400744632,1981-12-26,1982-01-22,38814.072315201774,1981-12-15,1982-01-18,38752.2274184919,1981-12-13,1982-01-23,38600.88418023548,1981-12-13,1982-01-30,38572.59678505303,1981-12-13,1982-02-06,38501.18596455148,1981-12-14,1982-02-14,38395.68511398592,1981-12-12,1982-02-19,38228.011606504806,1981-12-09,1982-02-23,38063.6410899281,1981-12-07,1982-02-28
ECMWF,1982,20,144,1981-11-08,1982-03-31,42578.256170818306,1981-12-31,1981-12-31,40444.252928449125,1981-12-28,1982-01-03,39684.76186598242,1981-12-23,1982-01-05,39138.86427584917,1981-12-17,1982-01-06,38724.331297955265,1981-12-17,1982-01-13,38628.68138469042,1981-12-23,1982-01-26,38520.439371249464,1981-12-19,1982-01-29,38444.65227290502,1981-12-23,1982-02-09,38403.06073119485,1981-12-17,1982-02-10,38276.16272991181,1981-12-15,1982-02-15,38138.96502420644,1981-11-11,1982-01-19,38161.353532146415,1981-11-11,1982-01-26,38131.50968533869,1981-11-12,1982-02-03
ECMWF,1982,21,144,1981-11-08,1982-03-31,44286.63030979385,1981-12-15,1981-12-15,42759.6370366393,1981-12-15,1981-12-21,42087.37256361851,1981-12-09,1981-12-22,41715.78020190322,1981-12-04,1981-12-24,41472.53693918914,1981-12-05,1982-01-01,41309.07922238955,1981-12-04,1982-01-07,40982.126387545686,1981-11-30,1982-01-10,40904.123996571514,1981-12-06,1982-01-23,40805.07114038268,1981-12-01,1982-01-25,40580.22768468208,1981-12-03,1982-02-03,40372.468149472224,1981-11-30,1982-02-07,40151.73910809188,1981-11-20,1982-02-04,40128.221737961554,1981-12-05,1982-02-26
ECMWF,1982,22,144,1981-11-08,1982-03-31,42542.31008653049,1982-01-07,1982-01-07,40326.65709006856,1982-01-01,1982-01-07,39757.094233728094,1981-12-28,1982-01-10,39522.44700029892,1982-01-26,1982-02-15,39250.18588582079,1982-01-25,1982-02-21,38860.09999115954,1981-12-31,1982-02-03,38898.98700378504,1982-01-01,1982-02-11,39019.67166019215,1981-12-29,1982-02-15,38952.57878297267,1981-12-28,1982-02-21,38826.40968856412,1981-12-22,1982-02-22,38728.473528475486,1981-12-09,1982-02-16,38796.75811487703,1981-12-02,1982-02-16,38780.03844649587,1981-11-28,1982-02-19
ECMWF,1982,23,144,1981-11-08,1982-03-31,42484.26343954973,1982-01-27,1982-01-27,40737.66980071738,1982-02-23,1982-03-01,40284.59949013942,1982-02-16,1982-03-01,40066.286416993826,1982-01-17,1982-02-06,39621.050035611916,1982-01-16,1982-02-12,39694.02150538209,1982-01-25,1982-02-28,39729.522930550935,1982-01-18,1982-02-28,39536.75154580701,1982-01-12,1982-03-01,39396.14767469653,1982-01-05,1982-03-01,39348.06341618917,1981-12-29,1982-03-01,39235.864697745914,1981-12-21,1982-02-28,39165.92995446001,1981-12-15,1982-03-01,39062.35530141789,1981-12-10,1982-03-03
ECMWF,1982,24,144,1981-11-08,1982-03-31,47365.16833239103,1982-01-20,1982-01-20,44301.866277368375,1982-01-15,1982-01-21,43834.42472641939,1982-01-08,1982-01-21,43192.17924727485,1982-01-04,1982-01-24,42604.75062973009,1982-01-06,1982-02-02,42502.090916785724,1982-01-05,1982-02-08,42108.38567562007,1982-01-02,1982-02-12,41768.856022836124,1981-12-23,1982-02-09,41538.31080806744,1981-12-19,1982-02-12,41118.21204841894,1981-12-15,1982-02-15,40668.65036814977,1981-12-11,1982-02-18,40465.186205812955,1981-11-28,1982-02-12,40289.1246461626,1981-11-21,1982-02-12
ECMWF,1983,0,144,1982-11-08,1983-03-31,43201.359561796744,1983-01-14,1983-01-14,41271.3547354259,1983-01-11,1983-01-17,40119.43691227213,1983-01-05,1983-01-18,39328.65421269386,1982-12-30,1983-01-19,38877.60349066728,1983-01-03,1983-01-30,38798.01192769078,1982-12-14,1983-01-17,38911.457957846505,1982-12-07,1983-01-17,38805.45283955997,1982-12-01,1983-01-18,38702.4747322713,1982-11-25,1983-01-19,38550.80924572084,1982-11-30,1983-01-31,38478.66401982656,1982-11-26,1983-02-03,38376.88381463503,1982-11-19,1983-02-03,38407.155043221464,1982-12-06,1983-02-27
ECMWF,1983,1,144,1982-11-08,1983-03-31,42115.382130866055,1983-01-05,1983-01-05,40668.39910891798,1982-12-31,1983-01-06,40151.30541956789,1983-01-01,1983-01-14,39818.73345708112,1982-12-28,1983-01-17,39358.35294436708,1982-12-24,1983-01-20,39138.84674306481,1982-12-14,1983-01-17,38971.34097654653,1982-12-10,1983-01-20,38902.86385752218,1982-11-30,1983-01-17,38778.80107595882,1982-11-26,1983-01-20,38671.27196212763,1982-11-29,1983-01-30,38518.58914181174,1982-11-25,1983-02-02,38313.453609987795,1982-11-25,1983-02-09,38126.29242331042,1982-11-23,1983-02-14
ECMWF,1983,2,144,1982-11-08,1983-03-31,42903.76005592101,1983-03-09,1983-03-09,41484.15724583533,1983-03-03,1983-03-09,40619.55899282259,1983-02-25,1983-03-10,39570.49847343541,1983-02-21,1983-03-13,38895.56311426045,1983-02-13,1983-03-12,38590.4735921087,1983-02-24,1983-03-30,38401.985894425445,1983-01-29,1983-03-11,38375.64822132988,1983-01-21,1983-03-10,38418.67411279971,1983-01-14,1983-03-10,38302.65118775789,1983-01-09,1983-03-12,38154.20729727322,1983-01-01,1983-03-11,38207.363861922095,1982-12-24,1983-03-10,38258.96028293674,1982-12-19,1983-03-12
ECMWF,1983,3,144,1982-11-08,1983-03-31,43500.33714062371,1983-03-01,1983-03-01,41428.48200465685,1983-02-28,1983-03-06,41294.25659211114,1983-02-27,1983-03-12,41062.268942492534,1983-02-19,1983-03-11,40917.26581041334,1983-02-13,1983-03-12,40719.20491731961,1983-02-13,1983-03-19,40470.29562080751,1983-02-11,1983-03-24,40419.00004184749,1983-01-21,1983-03-10,40408.909763933756,1983-01-16,1983-03-12,40355.35993960164,1983-01-16,1983-03-19,40225.723060139804,1983-01-14,1983-03-24,40012.96229808659,1983-01-08,1983-03-25,39984.54791597467,1982-12-26,1983-03-19
ECMWF,1983,4,144,1982-11-08,1983-03-31,43020.3205456567,1983-01-18,1983-01-18,41347.99248282433,1983-01-17,1983-01-23,40542.949538101624,1983-01-14,1983-01-27,39826.42350785362,1983-01-10,1983-01-30,39275.82292258779,1983-01-12,1983-02-08,39007.64454449799,1983-01-09,1983-02-12,38718.3501416304,1983-01-10,1983-02-20,38710.73686153389,1983-01-14,1983-03-03,38828.23970109187,1983-01-15,1983-03-11,38851.781370837285,1983-01-12,1983-03-15,38727.01011293191,1983-01-08,1983-03-18,38539.36889139156,1982-12-31,1983-03-17,38504.54059689479,1982-12-23,1983-03-16
ECMWF,1983,5,144,1982-11-08,1983-03-31,40614.935046471335,1983-01-06,1983-01-06,38985.250120548764,1982-12-22,1982-12-28,38588.62325739313,1982-12-13,1982-12-26,38623.68433164681,1982-12-08,1982-12-28,38486.11421064369,1982-12-12,1983-01-08,38456.04483673002,1982-12-08,1983-01-11,38245.91263824985,1982-12-07,1983-01-17,38209.03229432015,1982-12-07,1983-01-24,38070.32511862621,1982-12-06,1983-01-30,37896.29607164953,1982-12-05,1983-02-05,37735.012865592114,1982-12-08,1983-02-15,37689.86398252062,1982-12-06,1983-02-20,37555.82230430874,1982-12-02,1983-02-23
ECMWF,1983,6,144,1982-11-08,1983-03-31,44172.875575655504,1983-02-02,1983-02-02,41659.42195843696,1983-02-21,1983-02-27,41274.178686163716,1983-02-13,1983-02-26,41176.29332191682,1983-02-10,1983-03-02,40930.45496014828,1983-01-31,1983-02-27,40845.43584691908,1983-01-28,1983-03-03,40768.44153319088,1983-01-20,1983-03-02,40658.1984805038,1983-01-17,1983-03-06,40432.06593222696,1983-01-11,1983-03-07,40301.99159008253,1982-12-30,1983-03-02,40239.42906175076,1982-12-28,1983-03-07,40078.77389577158,1982-12-21,1983-03-07,39983.6093585092,1982-12-14,1983-03-07
ECMWF,1983,7,144,1982-11-08,1983-03-31,44301.07758858152,1983-02-16,1983-02-16,41757.45629373938,1983-02-13,1983-02-19,41356.5764890645,1983-02-06,1983-02-19,41004.56717801255,1983-02-06,1983-02-26,40622.50335005488,1983-02-01,1983-02-28,40160.15220991935,1983-01-26,1983-03-01,39866.74365984181,1983-01-17,1983-02-27,39898.14212214978,1983-01-10,1983-02-27,39701.193962864745,1983-01-05,1983-03-01,39505.68997779661,1982-12-29,1983-03-01,39350.78443491156,1982-12-23,1983-03-02,39177.67082096455,1982-12-15,1983-03-01,39086.05334496929,1982-12-06,1983-02-27
ECMWF,1983,8,144,1982-11-08,1983-03-31,41895.88785670205,1982-12-15,1982-12-15,40297.108716884555,1982-12-10,1982-12-16,39787.41447252076,1982-12-03,1982-12-16,39380.58617940605,1982-12-01,1982-12-21,39134.892803562594,1982-11-30,1982-12-27,39021.185989559395,1982-11-30,1983-01-03,38824.83097418801,1982-11-24,1983-01-04,38683.608529241814,1982-11-30,1983-01-17,38631.164085857345,1982-11-27,1983-01-21,38541.2382533047,1982-11-20,1983-01-21,38506.07487352733,1982-11-28,1983-02-05,38455.8098608259,1982-11-28,1983-02-12,38401.26649147874,1982-11-21,1983-02-12
ECMWF,1983,9,144,1982-11-08,1983-03-31,40874.39602498185,1983-01-18,1983-01-18,39193.8009353811,1982-11-24,1982-11-30,38857.18032082343,1983-02-18,1983-03-03,38520.780086461804,1983-02-17,1983-03-09,38184.38042297122,1983-02-11,1983-03-10,37880.04776648854,1983-02-04,1983-03-10,37722.57885200675,1983-01-29,1983-03-11,37680.13494290945,1983-01-14,1983-03-03,37803.24383413659,1983-01-07,1983-03-03,37824.84168359934,1983-01-05,1983-03-08,37779.287041382144,1982-12-30,1983-03-09,37707.1355341312,1982-12-25,1983-03-11,37632.21408225458,1982-12-18,1983-03-11
ECMWF,1983,10,144,1982-11-08,1983-03-31,40534.27410124334,1983-02-10,1983-02-10,38943.552054369866,1983-02-05,1983-02-11,38685.46373510727,1983-02-01,1983-02-14,38158.51222171454,1982-12-07,1982-12-27,38147.86828157251,1982-12-02,1982-12-29,38055.155607060384,1982-12-01,1983-01-04,37982.680071013965,1982-11-28,1983-01-08,37821.06254321751,1982-11-21,1983-01-08,37639.576868232405,1982-11-21,1983-01-15,37459.83259333942,1982-12-12,1983-02-12,37559.1095894516,1982-12-07,1983-02-14,37597.8667868011,1982-11-29,1983-02-13,37573.33286550172,1982-11-26,1983-02-17
ECMWF,1983,11,144,1982-11-08,1983-03-31,44300.64381628609,1983-02-16,1983-02-16,41635.57466694231,1983-02-11,1983-02-17,41155.74501651708,1983-02-05,1983-02-18,40480.01462181004,1983-02-03,1983-02-23,40329.57667981834,1983-02-06,1983-03-05,40264.20286269025,1983-01-14,1983-02-17,40347.415560981615,1983-01-08,1983-02-18,40204.77992916401,1983-01-06,1983-02-23,40157.72597600656,1982-12-25,1983-02-18,40126.33424647807,1982-12-20,1983-02-20,40076.118691362506,1982-12-13,1983-02-20,40021.45392775652,1982-12-21,1983-03-07,39985.78270345917,1982-12-13,1983-03-06
ECMWF,1983,12,144,1982-11-08,1983-03-31,41786.75383863805,1983-03-07,1983-03-07,39881.365241540596,1983-02-21,1983-02-27,39754.68383417791,1983-02-23,1983-03-08,39598.06014448152,1983-02-16,1983-03-08,39408.63217108543,1983-02-09,1983-03-08,39196.55529085419,1983-02-05,1983-03-11,38908.4062658878,1983-02-05,1983-03-18,38716.1308741738,1983-01-25,1983-03-14,38630.56133603234,1983-01-12,1983-03-08,38602.77587291634,1983-01-09,1983-03-12,38488.51980574814,1983-01-04,1983-03-14,38401.93512041299,1982-12-22,1983-03-08,38408.68998363582,1982-12-18,1983-03-11
ECMWF,1983,13,144,1982-11-08,1983-03-31,42117.97443907781,1983-03-02,1983-03-02,40497.027732547656,1982-12-16,1982-12-22,40177.72875862757,1983-02-18,1983-03-03,39771.30596181935,1983-02-12,1983-03-04,39329.58885794772,1982-12-11,1983-01-07,39072.87266445707,1982-12-10,1983-01-13,38824.750805701675,1982-12-10,1983-01-20,38710.97957680788,1982-12-11,1983-01-28,38546.5250229176,1982-12-05,1983-01-29,38437.04879697708,1982-12-31,1983-03-03,38557.00485688582,1982-12-17,1983-02-24,38715.14991018741,1982-12-16,1983-03-02,38733.98389415598,1982-12-11,1983-03-04
ECMWF,1983,14,144,1982-11-08,1983-03-31,44911.55249017546,1983-01-26,1983-01-26,41356.075650592444,1983-01-22,1983-01-28,40840.858635436976,1982-12-03,1982-12-16,40206.98018245289,1982-11-28,1982-12-18,39566.45814574981,1982-11-23,1982-12-20,39322.02429764301,1982-11-27,1982-12-31,39066.862089104165,1982-11-26,1983-01-06,38877.96299837026,1982-11-24,1983-01-11,39035.43361819342,1982-12-05,1983-01-29,39141.20480886541,1982-12-02,1983-02-02,39125.483045967965,1982-11-29,1983-02-06,39043.06055848374,1982-11-26,1983-02-10,38910.617500793276,1982-11-23,1983-02-14
ECMWF,1983,15,144,1982-11-08,1983-03-31,41938.95156198463,1982-12-28,1982-12-28,39856.4618561459,1983-02-17,1983-02-23,39490.96071195236,1982-12-28,1983-01-10,39251.21442125221,1982-12-24,1983-01-13,38834.908989190604,1982-12-21,1983-01-17,38565.73095470081,1982-12-22,1983-01-25,38433.82682791273,1982-12-21,1983-01-31,38298.87949206378,1982-12-27,1983-02-13,38423.92360297166,1982-12-28,1983-02-21,38501.41823429106,1982-12-24,1983-02-24,38413.795774932376,1982-12-22,1983-03-01,38254.2056284561,1982-12-18,1983-03-04,38109.64244957856,1982-12-11,1983-03-04
ECMWF,1983,16,144,1982-11-08,1983-03-31,42317.24173340082,1983-02-24,1983-02-24,40570.20836824037,1983-02-24,1983-03-02,40145.22311643565,1983-02-21,1983-03-06,39875.9360801698,1983-02-20,1983-03-12,39526.34611422254,1983-02-17,1983-03-16,39107.94902101389,1983-02-11,1983-03-17,38997.07851092479,1983-01-30,1983-03-12,38884.422360006196,1983-01-28,1983-03-17,38693.74656851644,1983-01-21,1983-03-17,38577.26766713699,1983-01-14,1983-03-17,38457.46532219046,1983-01-09,1983-03-19,38503.227889588015,1982-12-24,1983-03-10,38528.84654618687,1982-12-20,1983-03-13
ECMWF,1983,17,144,1982-11-08,1983-03-31,45688.92464656591,1982-12-27,1982-12-27,43679.545199809094,1982-12-22,1982-12-28,42376.839195446686,1982-12-17,1982-12-30,41185.34421295576,1982-12-13,1983-01-02,40469.589725483536,1982-12-08,1983-01-04,39867.15227347655,1982-12-02,1983-01-05,39530.708564930464,1982-11-25,1983-01-05,39190.461032158775,1982-11-23,1983-01-10,38910.110418702425,1982-11-24,1983-01-18,38737.19525835792,1982-12-13,1983-02-13,38697.4849300005,1982-12-08,1983-02-15,38579.50590169462,1982-12-02,1983-02-16,38520.91084454831,1982-11-26,1983-02-17
ECMWF,1983,18,144,1982-11-08,1983-03-31,44161.797615957104,1983-01-17,1983-01-17,41545.35305729719,1983-01-14,1983-01-20,40393.67590023084,1983-01-11,1983-01-24,40269.180544941555,1982-12-31,1983-01-20,39958.91582185413,1982-12-30,1983-01-26,39592.515413552675,1982-12-26,1983-01-29,39303.5622167903,1982-12-25,1983-02-04,38943.91621034338,1982-12-24,1983-02-10,38698.08710290363,1982-12-24,1983-02-17,38409.60727173055,1982-12-23,1983-02-23,38176.449384937565,1982-11-27,1983-02-04,38057.90889676549,1982-12-02,1983-02-16,37954.054945067255,1982-11-26,1983-02-17
ECMWF,1983,19,144,1982-11-08,1983-03-31,42537.489940397194,1983-02-02,1983-02-02,40554.78328095127,1983-01-30,1983-02-05,40252.10105355354,1983-01-02,1983-01-15,39961.02245808855,1982-12-29,1983-01-18,39898.21576527121,1982-12-19,1983-01-15,39832.38351625507,1982-12-15,1983-01-18,39645.1197650524,1982-12-27,1983-02-06,39665.892357917895,1982-12-19,1983-02-05,39635.75172330242,1982-12-15,1983-02-08,39408.10403097161,1982-12-15,1983-02-15,39448.18375260381,1982-12-18,1983-02-25,39430.973104359124,1982-12-15,1983-03-01,39188.04620882157,1982-12-09,1983-03-02
ECMWF,1983,20,144,1982-11-08,1983-03-31,42754.547516448234,1983-02-01,1983-02-01,40570.46717472277,1983-01-27,1983-02-02,39573.302522889346,1983-01-20,1983-02-02,39333.13911636988,1983-01-12,1983-02-01,38995.63875048434,1983-01-07,1983-02-03,38773.61645267167,1982-12-30,1983-02-02,38610.03258908936,1983-01-10,1983-02-20,38460.18725156718,1983-01-05,1983-02-22,38382.948962721515,1982-12-29,1983-02-22,38296.16216380692,1982-12-30,1983-03-02,38203.868062689166,1982-12-26,1983-03-05,38127.13834374822,1982-12-17,1983-03-03,38079.76757441478,1982-11-30,1983-02-21
ECMWF,1983,21,144,1982-11-08,1983-03-31,41019.79086396682,1982-12-15,1982-12-15,39369.547936685856,1982-12-14,1982-12-20,39165.83488848499,1982-12-09,1982-12-22,38912.67049812765,1982-12-08,1982-12-28,38745.348774471415,1982-12-06,1983-01-02,38559.48981512371,1982-11-29,1983-01-02,38258.67826645043,1982-11-27,1983-01-07,37952.97664901086,1982-12-06,1983-01-23,37947.15318427298,1982-12-02,1983-01-26,37885.00558245114,1982-11-28,1983-01-29,37745.957673017096,1982-11-28,1983-02-05,37715.00756361941,1982-11-29,1983-02-13,37663.00387191153,1982-11-28,1983-02-19
ECMWF,1983,22,144,1982-11-08,1983-03-31,42317.846508031,1983-01-20,1983-01-20,40689.34302047436,1983-01-19,1983-01-25,40274.86554617079,1983-01-12,1983-01-25,40172.478662750305,1983-01-06,1983-01-26,39929.1555505088,1983-01-06,1983-02-02,39559.088977077605,1983-01-04,1983-02-07,39263.82449884833,1983-01-05,1983-02-15,39003.79328791604,1983-01-01,1983-02-18,38851.887566723126,1983-01-05,1983-03-01,38806.47049576977,1983-01-06,1983-03-09,38698.737463174904,1983-01-04,1983-03-14,38557.99222203387,1982-12-27,1983-03-13,38349.41265874082,1982-12-21,1983-03-14
ECMWF,1983,23,144,1982-11-08,1983-03-31,44464.51290585053,1983-02-08,1983-02-08,42532.68356661563,1983-02-02,1983-02-08,41547.56783089783,1983-02-02,1983-02-15,41204.835335180935,1983-02-02,1983-02-22,41130.47798541112,1983-02-03,1983-03-02,41141.59949478411,1983-02-02,1983-03-08,40899.02075874845,1983-02-01,1983-03-14,40685.791777450395,1983-02-02,1983-03-22,40370.48729693632,1983-01-27,1983-03-23,40046.617659940384,1983-01-25,1983-03-28,39750.72167098967,1983-01-01,1983-03-11,39682.97186272024,1983-01-02,1983-03-19,39660.69485830293,1982-12-30,1983-03-23
ECMWF,1983,24,144,1982-11-08,1983-03-31,41887.81228468469,1983-02-17,1983-02-17,39840.70136370432,1983-02-15,1983-02-21,39109.831938027695,1983-02-10,1983-02-23,38522.389466384,1983-02-03,1983-02-23,38169.74347385558,1983-02-08,1983-03-07,37972.997540887685,1983-02-02,1983-03-08,37992.57000287048,1983-01-13,1983-02-23,37842.8782209093,1983-01-14,1983-03-03,37776.90570769725,1983-01-12,1983-03-08,37787.921556050715,1982-12-23,1983-02-23,37776.01908182085,1982-12-15,1983-02-22,37768.12552747067,1982-12-09,1983-02-23,37750.359859032054,1982-12-03,1983-02-24
ECMWF,1984,0,145,1983-11-08,1984-03-31,43521.403694558874,1984-02-22,1984-02-22,41909.22473127698,1984-01-11,1984-01-17,41538.57045324687,1984-01-07,1984-01-20,40905.40148205718,1984-01-01,1984-01-21,40247.51587240138,1983-12-28,1984-01-24,39642.786665928965,1983-12-21,1984-01-24,39191.15747207758,1983-12-21,1984-01-31,39342.13797707412,1984-01-06,1984-02-23,39335.96756618309,1984-01-04,1984-02-28,39271.742009581256,1984-01-04,1984-03-06,39207.28051709684,1983-12-30,1984-03-08,39028.626912112864,1983-12-23,1984-03-08,38826.98826584343,1983-12-18,1984-03-10
ECMWF,1984,1,145,1983-11-08,1984-03-31,41227.193731495805,1984-02-28,1984-02-28,39172.88888952812,1984-01-17,1984-01-23,38999.22478646969,1984-01-13,1984-01-26,38678.36959998456,1984-01-12,1984-02-01,38721.838108610355,1984-01-15,1984-02-11,38678.60976690821,1984-01-12,1984-02-15,38623.05689794627,1984-01-13,1984-02-23,38604.48178754326,1984-01-12,1984-02-29,38503.16288172906,1983-12-20,1984-02-13,38493.105411608914,1983-12-25,1984-02-25,38486.60522867774,1983-12-07,1984-02-14,38464.09339253161,1983-12-08,1984-02-22,38473.16690213837,1983-12-08,1984-02-29
ECMWF,1984,2,145,1983-11-08,1984-03-31,41415.86467052981,1984-01-05,1984-01-05,39909.40368843299,1984-01-04,1984-01-10,39272.214985761195,1984-01-03,1984-01-16,39010.561257237896,1984-01-01,1984-01-21,38642.08824994635,1984-01-02,1984-01-29,38615.11014292912,1984-01-01,1984-02-04,38439.56531939809,1983-12-30,1984-02-09,38294.07337488684,1983-12-28,1984-02-14,38240.82006867427,1983-12-12,1984-02-05,38159.0754943859,1983-12-12,1984-02-12,38019.76402361345,1983-12-07,1984-02-14,37946.279599701105,1983-12-13,1984-02-27,37867.043134410764,1983-12-11,1984-03-03
ECMWF,1984,3,145,1983-11-08,1984-03-31,42161.062463343755,1984-02-02,1984-02-02,40652.61200410808,1984-01-30,1984-02-05,40141.23941958131,1984-01-26,1984-02-08,39483.33215721093,1984-01-23,1984-02-12,39042.455166245745,1984-01-15,1984-02-11,38697.98553139447,1984-01-14,1984-02-17,38519.395819734294,1984-01-02,1984-02-12,38463.70660968059,1983-12-22,1984-02-08,38407.38696772078,1983-12-20,1984-02-13,38318.3530293434,1983-12-05,1984-02-05,38383.17406195497,1983-12-04,1984-02-11,38347.65060366071,1983-11-30,1984-02-14,38228.45465460458,1983-11-29,1984-02-20
ECMWF,1984,4,145,1983-11-08,1984-03-31,44003.311600106375,1984-02-06,1984-02-06,42524.502910021365,1984-02-04,1984-02-10,41431.12992114155,1984-01-30,1984-02-12,41136.0066772177,1984-01-21,1984-02-10,40944.936693890595,1984-01-16,1984-02-12,40641.104369912806,1984-01-10,1984-02-13,40186.51056731987,1984-01-06,1984-02-16,39744.92662622245,1984-01-01,1984-02-18,39516.87847869583,1983-12-20,1984-02-13,39375.640049024936,1983-12-15,1984-02-15,39184.51537400116,1983-12-09,1984-02-16,39000.05868585768,1983-12-01,1984-02-15,38898.089383465245,1983-11-24,1984-02-15
ECMWF,1984,5,145,1983-11-08,1984-03-31,43393.6229693345,1984-01-12,1984-01-12,42154.10385957721,1984-01-10,1984-01-16,41327.63245020322,1984-01-09,1984-01-22,41282.69875207102,1984-01-10,1984-01-30,40919.408409750744,1984-01-05,1984-02-01,40457.48398508716,1983-12-30,1984-02-02,40098.205728586916,1984-01-05,1984-02-15,40146.97226126811,1983-12-14,1984-01-31,39945.37489628706,1983-12-11,1984-02-04,39762.31544957047,1983-12-14,1984-02-14,39659.14072816536,1983-12-11,1984-02-18,39456.2148311188,1983-12-04,1984-02-18,39317.034499255555,1983-11-26,1984-02-17
ECMWF,1984,6,145,1983-11-08,1984-03-31,43602.18647126864,1984-01-24,1984-01-24,41849.83835721195,1984-01-21,1984-01-27,41440.62407661438,1984-01-17,1984-01-30,41040.211865423465,1984-01-20,1984-02-09,41073.299058535944,1984-01-18,1984-02-14,40954.91033160222,1984-01-15,1984-02-18,40605.338996766775,1984-01-11,1984-02-21,40076.903287650224,1984-01-09,1984-02-26,39723.93165323492,1984-01-08,1984-03-03,39401.79597564365,1983-12-21,1984-02-21,39173.49811965651,1983-12-14,1984-02-21,39009.5431924094,1983-12-07,1984-02-21,38842.786683479295,1983-12-09,1984-03-01
ECMWF,1984,7,145,1983-11-08,1984-03-31,41011.59659634068,1983-12-15,1983-12-15,39090.47967873951,1983-12-13,1983-12-19,38649.19796822344,1983-12-08,1983-12-21,38608.77259238403,1983-11-30,1983-12-20,38329.41875996949,1983-11-27,1983-12-24,38118.0643063155,1983-11-28,1984-01-01,37986.96660301269,1983-11-22,1984-01-02,37913.5977509554,1983-11-28,1984-01-15,37842.37116426055,1983-11-27,1984-01-21,37851.38466772324,1983-11-28,1984-01-29,37802.678596470854,1983-11-22,1984-01-30,37818.42372320189,1983-12-01,1984-02-15,37838.47943822707,1983-11-30,1984-02-21
ECMWF,1984,8,145,1983-11-08,1984-03-31,43815.44587173505,1983-12-21,1983-12-21,41531.642263904105,1983-12-16,1983-12-22,41087.32558702155,1983-12-10,1983-12-23,40318.265890121984,1983-12-06,1983-12-26,39595.69949625286,1983-12-03,1983-12-30,39460.06706062622,1983-12-10,1984-01-13,39371.58596954053,1983-12-06,1984-01-16,39171.110073537304,1983-12-05,1984-01-22,39115.237490339205,1983-12-10,1984-02-03,39126.190546100974,1983-12-09,1984-02-09,39059.310992846215,1983-12-06,1984-02-13,38875.03309095915,1983-12-02,1984-02-16,38766.47690456108,1983-12-05,1984-02-26
ECMWF,1984,9,145,1983-11-08,1984-03-31,43419.72728128727,1984-01-03,1984-01-03,41707.064572573596,1984-01-03,1984-01-09,41195.23451491513,1984-01-01,1984-01-14,40526.71078820639,1983-12-27,1984-01-16,40119.46967161846,1983-12-22,1984-01-18,39823.613240413084,1983-12-23,1984-01-26,39612.249975722865,1983-12-21,1984-01-31,39365.555303970745,1983-12-18,1984-02-04,39115.62988655815,1983-12-18,1984-02-11,38896.65092234703,1983-12-27,1984-02-27,38967.869010781505,1984-01-02,1984-03-11,39019.140362498896,1983-12-30,1984-03-15,39027.73760042396,1983-12-26,1984-03-18
ECMWF,1984,10,145,1983-11-08,1984-03-31,43761.55225988449,1983-12-06,1983-12-06,41889.884790989454,1983-12-02,1983-12-08,41185.56980658424,1983-11-26,1983-12-09,40764.533159827806,1983-11-20,1983-12-10,39959.14505077846,1983-11-16,1983-12-13,39558.530018650024,1983-11-20,1983-12-24,39350.38530430816,1983-11-20,1983-12-31,39102.35041355961,1983-11-20,1984-01-07,38976.70378717177,1983-11-18,1984-01-12,38749.31908131034,1983-11-17,1984-01-18,38587.10767858988,1983-11-20,1984-01-28,38641.25131444364,1983-11-26,1984-02-10,38750.468693609095,1983-11-20,1984-02-11
ECMWF,1984,11,145,1983-11-08,1984-03-31,46782.79281727267,1984-01-04,1984-01-04,44364.507451698606,1984-01-02,1984-01-08,43719.85081339224,1983-12-27,1984-01-09,43108.02033731693,1983-12-21,1984-01-10,42523.225927981104,1983-12-18,1984-01-14,41982.14016050161,1983-12-17,1984-01-20,41459.753027711755,1983-12-11,1984-01-21,40971.81825629324,1983-12-09,1984-01-26,40579.230839157746,1983-12-10,1984-02-03,40310.908139110616,1983-12-12,1984-02-12,40135.15360440185,1983-12-11,1984-02-18,39942.76270601022,1983-12-08,1984-02-22,39733.0579003777,1983-11-29,1984-02-20
ECMWF,1984,12,145,1983-11-08,1984-03-31,43435.88397296021,1983-12-22,1983-12-22,41328.063551720596,1983-12-19,1983-12-25,40587.719202751934,1983-12-17,1983-12-30,40509.20664169829,1983-12-20,1984-01-09,40268.18380030212,1983-12-15,1984-01-11,40007.41547820544,1983-12-16,1984-01-19,40131.934637731436,1983-12-19,1984-01-29,39987.01370479738,1983-12-15,1984-02-01,39706.02196033751,1983-12-07,1984-01-31,39575.883409504655,1983-11-29,1984-01-30,39415.4948222659,1983-11-26,1984-02-03,39271.971661947624,1983-11-16,1984-01-31,39096.88715668627,1983-11-13,1984-02-04
ECMWF,1984,13,145,1983-11-08,1984-03-31,42857.349563232325,1984-02-08,1984-02-08,41172.92211730509,1984-02-08,1984-02-14,41048.82185421999,1984-01-28,1984-02-10,41011.471479628235,1984-01-26,1984-02-15,40856.26054270509,1984-01-26,1984-02-22,40734.33096117687,1984-01-26,1984-02-29,40669.95803709719,1984-01-25,1984-03-06,40417.7649951669,1984-01-21,1984-03-09,40052.02977551761,1984-01-18,1984-03-13,39723.22848557511,1984-01-05,1984-03-07,39668.39146053437,1983-12-28,1984-03-06,39630.01085932608,1983-12-22,1984-03-07,39484.46659907711,1983-12-20,1984-03-12
ECMWF,1984,14,145,1983-11-08,1984-03-31,43265.82660269287,1983-12-01,1983-12-01,40464.4684527742,1983-11-26,1983-12-02,40141.39096911322,1983-11-19,1983-12-02,39389.15149542903,1983-11-16,1983-12-06,38704.24192850983,1983-12-21,1984-01-17,38284.49431638507,1983-12-14,1984-01-17,38284.12715560558,1983-11-25,1984-01-05,38471.97298575173,1983-11-19,1984-01-06,38467.7401857747,1983-11-20,1984-01-14,38436.26619408621,1983-11-16,1984-01-17,38234.35145269328,1983-11-16,1984-01-24,38193.00016368958,1983-11-16,1984-01-31,38052.88393777353,1983-11-16,1984-02-07
ECMWF,1984,15,145,1983-11-08,1984-03-31,41973.46444367775,1984-01-11,1984-01-11,40160.305528205055,1983-12-21,1983-12-27,39790.30714745189,1983-12-21,1984-01-03,39849.18155305398,1983-12-23,1984-01-12,39649.40125245375,1983-12-18,1984-01-14,39248.38380012816,1983-12-11,1984-01-14,38971.223527882205,1983-12-21,1984-01-31,38846.98588268436,1983-12-16,1984-02-02,38696.76845838041,1983-12-10,1984-02-03,38504.84712097403,1983-12-10,1984-02-10,38404.99056389042,1983-12-08,1984-02-15,38231.88069442869,1983-12-06,1984-02-20,38049.01665690298,1983-12-02,1984-02-23
ECMWF,1984,16,145,1983-11-08,1984-03-31,43866.59849702112,1983-12-29,1983-12-29,41573.175517469484,1983-12-25,1983-12-31,40850.3242408686,1983-12-23,1984-01-05,40038.33711952142,1983-12-18,1984-01-07,39642.569204401494,1983-12-24,1984-01-20,39501.81574113931,1983-12-21,1984-01-24,39273.356852539226,1983-12-15,1984-01-25,38882.99099468651,1983-12-08,1984-01-25,38810.168985676595,1983-12-24,1984-02-17,38821.91861716152,1983-12-22,1984-02-22,38776.51533656449,1983-12-16,1984-02-23,38699.86778857266,1983-12-24,1984-03-09,38770.37355212361,1983-12-23,1984-03-15
ECMWF,1984,17,145,1983-11-08,1984-03-31,41914.04299682745,1984-01-12,1984-01-12,39480.071308254745,1984-01-28,1984-02-03,39374.58466347883,1984-01-11,1984-01-24,39322.35918128916,1984-01-10,1984-01-30,39262.959073513404,1984-01-08,1984-02-04,39134.139067808865,1983-12-30,1984-02-02,39123.84041221382,1983-12-25,1984-02-04,39079.375297762424,1983-12-18,1984-02-04,39068.408898946065,1983-12-12,1984-02-05,38901.08964600274,1983-12-06,1984-02-06,38824.61507769444,1983-11-27,1984-02-04,38699.816001255655,1983-11-27,1984-02-11,38574.57357216004,1983-11-24,1984-02-15
ECMWF,1984,18,145,1983-11-08,1984-03-31,42572.02571056858,1983-12-20,1983-12-20,40871.97022774826,1983-12-18,1983-12-24,40234.382953892266,1983-12-15,1983-12-28,39420.84459938245,1983-12-08,1983-12-28,39044.827265768705,1983-12-02,1983-12-29,38618.02037177507,1983-11-24,1983-12-28,38630.075105261516,1983-12-15,1984-01-25,38630.609159667,1983-12-14,1984-01-31,38518.24101651673,1983-12-10,1984-02-03,38442.53402026355,1983-12-02,1984-02-02,38344.240728788325,1983-12-01,1984-02-08,38239.66511646065,1983-11-23,1984-02-07,38142.961881277,1983-11-20,1984-02-11
ECMWF,1984,19,145,1983-11-08,1984-03-31,43219.658038179245,1984-02-15,1984-02-15,41130.75096705784,1984-02-10,1984-02-16,40202.90509274998,1984-02-06,1984-02-19,40036.621683681115,1983-12-03,1983-12-23,39867.19193784084,1983-11-30,1983-12-27,39656.42174494284,1983-11-26,1983-12-30,39661.64437279723,1983-12-02,1984-01-12,39554.94233015556,1983-11-26,1984-01-13,39334.13075879344,1983-11-20,1984-01-14,39145.130762939196,1983-11-21,1984-01-22,39039.22340314024,1983-12-09,1984-02-16,39142.89416463284,1983-12-02,1984-02-16,39129.158339187416,1983-11-28,1984-02-19
ECMWF,1984,20,145,1983-11-08,1984-03-31,42989.6291567592,1984-01-05,1984-01-05,40619.8092734829,1983-12-31,1984-01-06,40077.11182857206,1983-12-29,1984-01-11,39553.932708027176,1983-12-24,1984-01-13,39429.998806536234,1983-12-15,1984-01-11,39268.748963148435,1983-12-11,1984-01-14,38998.51357665139,1983-12-11,1984-01-21,38757.52817273441,1983-12-05,1984-01-22,38504.06799997911,1983-12-02,1984-01-26,38347.91151927014,1983-12-04,1984-02-04,38221.18012307234,1983-12-08,1984-02-15,38112.340328613966,1983-12-01,1984-02-15,38008.35362029982,1983-12-02,1984-02-23
ECMWF,1984,21,145,1983-11-08,1984-03-31,43059.932379036334,1983-12-23,1983-12-23,41364.451706359054,1983-12-19,1983-12-25,40364.50712000418,1983-12-16,1983-12-29,39543.80883442516,1983-12-11,1983-12-31,39034.38843650655,1983-12-10,1984-01-06,38735.775619982574,1983-12-15,1984-01-18,38680.76639966428,1983-12-12,1984-01-22,38436.48102859795,1983-12-06,1984-01-23,38363.106871220916,1983-12-12,1984-02-05,38293.684878961176,1983-12-11,1984-02-11,38202.14814254854,1983-12-13,1984-02-20,38105.744565201116,1983-12-08,1984-02-22,38010.875777381974,1983-12-02,1984-02-23
ECMWF,1984,22,145,1983-11-08,1984-03-31,43164.789250576294,1984-01-10,1984-01-10,41533.32994895113,1984-01-05,1984-01-11,40340.64133786573,1984-01-02,1984-01-15,40017.913567166564,1983-12-23,1984-01-12,39874.450550525915,1983-12-16,1984-01-12,39709.47413316843,1983-12-09,1984-01-12,39716.45752901903,1983-12-02,1984-01-12,39688.28182383623,1983-11-25,1984-01-12,39589.77066139918,1983-11-21,1984-01-15,39400.34617588959,1983-11-21,1984-01-22,39190.473378356124,1983-11-19,1984-01-27,38982.147865062136,1983-11-24,1984-02-08,38992.30545522222,1983-11-21,1984-02-12
ECMWF,1984,23,145,1983-11-08,1984-03-31,44374.590421498506,1983-12-19,1983-12-19,42274.992543004555,1983-12-14,1983-12-20,41456.74805136439,1984-01-07,1984-01-20,41215.61814230833,1983-12-30,1984-01-19,41031.29506317025,1983-12-26,1984-01-22,41164.5498990168,1983-12-16,1984-01-19,41140.51462615445,1983-12-11,1984-01-21,40940.56005999231,1983-12-07,1984-01-24,40684.28272756075,1983-12-02,1984-01-26,40427.50680540549,1983-12-04,1984-02-04,40198.78429611666,1983-12-01,1984-02-08,39971.8860164562,1983-12-06,1984-02-20,39888.87894239599,1983-12-02,1984-02-23
ECMWF,1984,24,145,1983-11-08,1984-03-31,44471.64517467743,1984-01-18,1984-01-18,41648.00254026339,1984-01-16,1984-01-22,40353.72933664202,1984-01-07,1984-01-20,40311.920952673245,1984-01-03,1984-01-23,39964.23844414895,1984-01-14,1984-02-10,39925.71777883339,1983-12-19,1984-01-22,39831.968934014454,1983-12-13,1984-01-23,39743.87744560436,1983-12-06,1984-01-23,39734.67799415381,1983-12-17,1984-02-10,39656.980008963656,1983-12-10,1984-02-10,39610.63458172522,1983-12-03,1984-02-10,39525.92460080266,1983-12-05,1984-02-19,39401.17173823717,1983-12-01,1984-02-22
ECMWF,1985,0,144,1984-11-08,1985-03-31,42354.10667022921,1985-02-19,1985-02-19,40537.34571259249,1984-12-03,1984-12-09,40163.70200055287,1984-11-27,1984-12-10,39829.453409725254,1984-11-20,1984-12-10,39619.70335783871,1984-11-20,1984-12-17,39469.391264820006,1984-11-21,1984-12-25,39362.93768748407,1984-11-19,1984-12-30,39283.92814166483,1984-11-27,1985-01-14,39268.556652465486,1984-11-20,1985-01-14,39182.700383849064,1984-11-19,1985-01-20,39114.70878084899,1984-11-27,1985-02-04,39121.282155998575,1984-11-19,1985-02-03,39121.19371115399,1984-11-28,1985-02-19
ECMWF,1985,1,144,1984-11-08,1985-03-31,41810.337956276424,1985-02-07,1985-02-07,40415.83649751657,1985-02-03,1985-02-09,39982.25725027202,1985-01-28,1985-02-10,39711.32742415514,1985-01-26,1985-02-15,39384.00480032834,1985-01-23,1985-02-19,39118.06674576117,1985-01-27,1985-03-02,39012.93020161274,1985-01-22,1985-03-04,38615.27426556899,1985-01-18,1985-03-07,38356.88181331695,1985-01-07,1985-03-03,38295.26594654258,1984-12-31,1985-03-03,38231.92348434851,1984-12-26,1985-03-05,38147.17298247754,1984-12-17,1985-03-03,38057.422698788665,1984-12-10,1985-03-03
ECMWF,1985,2,144,1984-11-08,1985-03-31,43341.82449232485,1984-12-17,1984-12-17,41573.24891088069,1984-12-11,1984-12-17,40606.63336979134,1984-12-10,1984-12-23,39949.112630542484,1984-12-04,1984-12-24,39442.540977595294,1984-11-29,1984-12-26,39391.53379861182,1984-12-10,1985-01-13,39357.040920850726,1984-12-08,1985-01-18,39183.46441449506,1984-12-02,1985-01-19,39022.92453312943,1984-12-12,1985-02-05,39118.52145173567,1984-12-09,1985-02-09,39037.52758023166,1984-12-03,1985-02-10,38952.55570574943,1984-12-07,1985-02-21,38883.053759058785,1984-11-30,1985-02-21
ECMWF,1985,3,144,1984-11-08,1985-03-31,43126.45674037527,1985-02-19,1985-02-19,41041.36900168103,1985-02-13,1985-02-19,40598.42567031698,1985-02-11,1985-02-24,39951.544942813634,1985-02-04,1985-02-24,39631.15402494436,1985-01-30,1985-02-26,39183.414745558206,1985-01-23,1985-02-26,39050.042829501996,1985-01-11,1985-02-21,39134.24344310711,1985-01-08,1985-02-25,38996.7099349489,1985-01-04,1985-02-28,38784.550730277726,1985-01-04,1985-03-07,38593.19758498843,1984-12-29,1985-03-08,38464.421365648064,1985-01-07,1985-03-24,38429.62203941389,1985-01-04,1985-03-28
ECMWF,1985,4,144,1984-11-08,1985-03-31,43216.87792993942,1985-01-09,1985-01-09,40793.15952183755,1985-01-03,1985-01-09,39975.17279148118,1985-01-18,1985-01-31,39850.52407544361,1985-01-02,1985-01-22,39905.742549665636,1985-01-03,1985-01-30,39791.018425335445,1985-01-06,1985-02-09,39745.550989464406,1984-12-31,1985-02-10,39522.5372979546,1984-12-27,1985-02-13,39282.036536351785,1984-12-17,1985-02-10,39286.87256909652,1985-01-03,1985-03-06,39241.91652340244,1984-12-02,1985-02-09,39208.909388433516,1984-11-28,1985-02-12,39022.40942175403,1984-12-13,1985-03-06
ECMWF,1985,5,144,1984-11-08,1985-03-31,44140.61193080664,1985-01-02,1985-01-02,42463.29787509119,1984-12-30,1985-01-05,42054.59724999748,1984-12-26,1985-01-08,41485.00847022928,1984-12-25,1985-01-14,41050.530569650306,1984-12-25,1985-01-21,40688.88815361743,1984-12-26,1985-01-29,40516.28444237093,1984-12-25,1985-02-04,40168.30757517674,1984-12-22,1985-02-08,39798.98333063368,1984-12-22,1985-02-15,39593.49354814225,1984-12-25,1985-02-25,39495.999107999814,1984-12-22,1985-03-01,39283.08061486976,1984-12-20,1985-03-06,39062.83716515127,1984-12-19,1985-03-12
ECMWF,1985,6,144,1984-11-08,1985-03-31,42983.80058423142,1985-01-09,1985-01-09,40406.26117660032,1985-01-06,1985-01-12,39901.22603688096,1984-12-16,1984-12-29,39616.52115380756,1984-12-22,1985-01-11,39741.61877051147,1984-12-15,1985-01-11,39562.72945573054,1984-12-16,1985-01-19,39311.5535020635,1984-12-13,1985-01-23,38950.7760708554,1984-12-13,1985-01-30,38800.43250741246,1984-12-14,1985-02-07,38657.014890771316,1984-12-14,1985-02-14,38654.57994898032,1984-12-14,1985-02-21,38527.95361013778,1984-11-09,1985-01-24,38408.209314812004,1984-11-11,1985-02-02
ECMWF,1985,7,144,1984-11-08,1985-03-31,41824.07600716721,1985-01-08,1985-01-08,39439.001406021256,1985-01-04,1985-01-10,38624.96787237662,1984-12-28,1985-01-10,38361.17116080325,1984-12-24,1985-01-13,38109.690465342916,1984-12-23,1985-01-19,37895.624013084904,1984-12-12,1985-01-15,37786.86450428824,1984-12-10,1985-01-20,37644.03639103998,1984-12-19,1985-02-05,37607.74433050871,1984-12-11,1985-02-04,37530.22744631582,1984-11-13,1985-01-14,37495.55647058036,1984-11-13,1985-01-21,37441.44107413391,1984-12-09,1985-02-23,37433.28604084178,1984-11-13,1985-02-04
ECMWF,1985,8,144,1984-11-08,1985-03-31,41016.21834093402,1985-01-23,1985-01-23,38689.95732211603,1984-11-26,1984-12-02,37845.25241014023,1985-01-17,1985-01-30,37395.76459868538,1985-01-12,1985-02-01,37240.87387224614,1985-01-02,1985-01-29,37150.554017776216,1984-12-28,1985-01-31,37041.21882728458,1984-11-26,1985-01-06,37022.60027589117,1984-12-11,1985-01-28,36965.74324926586,1984-12-06,1985-01-30,37106.58484627568,1984-11-25,1985-01-26,37092.745751195966,1984-11-23,1985-01-31,37020.08905814554,1984-11-23,1985-02-07,36963.6848853249,1984-11-23,1985-02-14
ECMWF,1985,9,144,1984-11-08,1985-03-31,43527.0503709398,1985-01-07,1985-01-07,41767.06661175385,1985-01-01,1985-01-07,40675.08102382186,1984-12-28,1985-01-10,39832.710117508905,1984-12-22,1985-01-11,39410.54545911922,1984-12-11,1985-01-07,39368.29385719258,1984-12-07,1985-01-10,39061.457175662785,1984-12-04,1985-01-14,38839.25839712636,1984-12-10,1985-01-27,38830.83293531222,1984-12-06,1985-01-30,38711.041439423694,1984-12-06,1985-02-06,38634.00033439555,1984-12-05,1985-02-12,38539.38160229816,1984-11-14,1985-01-29,38503.39514462596,1984-12-05,1985-02-26
ECMWF,1985,10,144,1984-11-08,1985-03-31,42378.51300319828,1985-02-05,1985-02-05,39930.166842137885,1985-02-02,1985-02-08,39040.64790624656,1985-01-31,1985-02-13,38704.21716106526,1985-01-04,1985-01-24,38652.02947112086,1985-01-16,1985-02-12,38651.56167129001,1985-01-06,1985-02-09,38534.61217030314,1985-01-03,1985-02-13,38281.997460556166,1984-12-22,1985-02-08,38321.67652192421,1984-12-19,1985-02-12,38298.89630036269,1984-12-12,1985-02-12,38281.579611510744,1984-12-05,1985-02-12,38170.40132908221,1984-11-29,1985-02-13,38021.92854278584,1984-11-28,1985-02-19
ECMWF,1985,11,144,1984-11-08,1985-03-31,42193.21792625544,1985-01-09,1985-01-09,39754.929417156345,1985-01-04,1985-01-10,39096.683192302306,1985-01-01,1985-01-14,38797.16684400457,1984-12-20,1985-01-09,38750.14586706064,1984-12-18,1985-01-14,38724.86406346469,1984-12-11,1985-01-14,38600.93536711959,1984-12-10,1985-01-20,38479.83991908247,1984-12-08,1985-01-25,38392.739423335006,1984-12-16,1985-02-09,38409.783936574924,1984-12-10,1985-02-10,38339.60291486123,1984-12-08,1985-02-15,38267.55766133544,1984-12-10,1985-02-24,38210.69704833008,1984-12-10,1985-03-03
ECMWF,1985,12,144,1984-11-08,1985-03-31,42534.6720873074,1985-01-03,1985-01-03,40483.18944524358,1985-01-01,1985-01-07,40103.33312225611,1984-12-24,1985-01-06,39927.866651686,1984-12-20,1985-01-09,39613.84865933015,1984-12-11,1985-01-07,39396.88334741263,1984-12-09,1985-01-12,39185.77698991577,1984-12-03,1985-01-13,38930.57988330166,1984-12-02,1985-01-19,38725.225375930095,1984-11-22,1985-01-16,38558.21489577896,1984-11-17,1985-01-18,38420.39314448975,1984-11-17,1985-01-25,38302.710813010126,1984-11-10,1985-01-25,38192.88133544546,1984-11-11,1985-02-02
ECMWF,1985,13,144,1984-11-08,1985-03-31,42522.385214236776,1984-12-27,1984-12-27,39702.004161569,1984-12-25,1984-12-31,38993.73774437874,1984-12-20,1985-01-02,38639.45398646517,1985-02-12,1985-03-04,38428.67512622148,1985-02-11,1985-03-10,38321.57240761171,1985-01-27,1985-03-02,38316.617456170345,1985-01-26,1985-03-08,38215.56588662218,1985-01-24,1985-03-13,38110.15417964746,1985-01-12,1985-03-08,38073.02194704052,1984-12-25,1985-02-25,38147.2037145474,1984-12-25,1985-03-04,38151.122082804075,1984-12-21,1985-03-07,38122.66074800072,1984-12-14,1985-03-07
ECMWF,1985,14,144,1984-11-08,1985-03-31,41901.04856005681,1985-01-01,1985-01-01,40137.99844453265,1984-12-29,1985-01-04,39830.38533839786,1984-12-28,1985-01-10,39826.199216376444,1984-12-28,1985-01-17,39563.30263021583,1984-12-27,1985-01-23,39377.60325197157,1985-01-01,1985-02-04,39442.00431980153,1984-12-27,1985-02-06,39217.85255569244,1984-12-21,1985-02-07,39009.85439115778,1984-12-15,1985-02-08,38900.36553861471,1984-12-07,1985-02-07,38772.45467107561,1984-11-30,1985-02-07,38608.875961829726,1984-11-27,1985-02-11,38410.28151869994,1984-11-27,1985-02-18
ECMWF,1985,15,144,1984-11-08,1985-03-31,44395.63061529799,1985-02-21,1985-02-21,41676.904573183034,1985-02-20,1985-02-26,41359.240320601406,1985-02-19,1985-03-04,41146.25319770203,1985-02-13,1985-03-05,40745.45978217369,1985-02-11,1985-03-10,40669.55440243989,1985-01-29,1985-03-04,40537.79991975156,1985-01-24,1985-03-06,40458.77277693483,1985-01-15,1985-03-04,40334.4124992664,1985-01-14,1985-03-10,40259.345080332365,1985-01-13,1985-03-16,40004.17884127841,1985-01-08,1985-03-18,40000.33874884721,1984-12-19,1985-03-05,39950.341171914144,1984-12-22,1985-03-15
ECMWF,1985,16,144,1984-11-08,1985-03-31,42351.895577842966,1984-12-14,1984-12-14,40357.33399028947,1984-12-12,1984-12-18,38876.661573633355,1984-12-10,1984-12-23,39055.69118876635,1984-11-28,1984-12-18,38643.44744793094,1984-11-25,1984-12-22,38435.66158647646,1984-12-12,1985-01-15,38411.16662005244,1984-12-10,1985-01-20,38429.30812473962,1984-11-29,1985-01-16,38407.916466761904,1984-11-27,1985-01-21,38327.56174098839,1984-11-28,1985-01-29,38358.75982768019,1984-11-29,1985-02-06,38341.07702727824,1984-11-27,1985-02-11,38218.69071236959,1984-11-26,1985-02-17
ECMWF,1985,17,144,1984-11-08,1985-03-31,43496.97233690495,1985-01-08,1985-01-08,41603.36403559665,1985-01-04,1985-01-10,40886.66025676177,1984-12-29,1985-01-11,40617.47215564238,1984-12-24,1985-01-13,39977.072631409996,1984-12-22,1985-01-18,39705.070902818436,1984-12-23,1985-01-26,39426.36258441865,1984-12-20,1985-01-30,39356.11893544352,1984-11-24,1985-01-11,39353.60270808435,1984-11-20,1985-01-14,39178.57057540116,1984-11-17,1985-01-18,39145.58513022345,1984-11-19,1985-01-27,39019.696558059026,1984-11-15,1985-01-30,38827.57359574783,1984-11-09,1985-01-31
ECMWF,1985,18,144,1984-11-08,1985-03-31,43202.297859039645,1985-01-16,1985-01-16,41554.74418733609,1985-01-14,1985-01-20,40681.11848824157,1985-01-12,1985-01-25,39713.75733282113,1985-01-10,1985-01-30,39208.42877079041,1985-01-02,1985-01-29,38815.29084142201,1984-12-26,1985-01-29,38542.252275503255,1984-12-19,1985-01-29,38375.04120534473,1985-01-11,1985-02-28,38282.212416223476,1985-01-11,1985-03-07,38237.44693696305,1985-01-11,1985-03-14,38157.84006626411,1985-01-03,1985-03-13,38091.21781166067,1984-12-29,1985-03-15,38007.59588317502,1984-12-21,1985-03-14
ECMWF,1985,19,144,1984-11-08,1985-03-31,42937.367177466534,1985-01-08,1985-01-08,40762.07896007162,1985-01-04,1985-01-10,39911.65565209985,1984-12-31,1985-01-13,39245.700001026205,1984-12-28,1985-01-17,39004.48383030786,1984-12-18,1985-01-14,38789.128582392295,1984-12-13,1985-01-16,38655.23571162315,1984-12-06,1985-01-16,38485.527330008605,1984-12-02,1985-01-19,38349.40060036834,1984-12-08,1985-02-01,38259.13743428151,1984-12-02,1985-02-02,38126.12597777452,1984-11-27,1985-02-04,38035.91283374066,1984-11-18,1985-02-02,37975.28104144496,1984-11-11,1985-02-02
ECMWF,1985,20,144,1984-11-08,1985-03-31,42974.92535906606,1984-12-28,1984-12-28,40292.35084919485,1984-12-26,1985-01-01,39479.168401344454,1984-12-22,1985-01-04,39356.05407079063,1984-12-26,1985-01-15,39174.586504751955,1984-12-20,1985-01-16,38920.709543694975,1984-12-18,1985-01-21,38748.45685483649,1984-12-16,1985-01-26,38571.793157329885,1984-12-11,1985-01-28,38451.02269296321,1984-11-30,1985-01-24,38388.99630812056,1984-12-19,1985-02-19,38337.53107200958,1984-12-20,1985-02-27,38284.45417270422,1984-12-14,1985-02-28,38205.76264556286,1984-11-29,1985-02-20
ECMWF,1985,21,144,1984-11-08,1985-03-31,45717.50178177487,1985-01-23,1985-01-23,43999.71280428237,1985-01-18,1985-01-24,43600.44382535705,1985-01-17,1985-01-30,42934.339148169296,1985-01-12,1985-02-01,42205.406620297814,1985-01-05,1985-02-01,41699.01758099734,1984-12-29,1985-02-01,41279.44657196252,1984-12-26,1985-02-05,40927.12043573473,1984-12-19,1985-02-05,40807.416483077235,1984-12-08,1985-02-01,40712.34173531659,1984-12-02,1985-02-02,40569.925340601876,1984-11-28,1985-02-05,40373.79564801519,1984-11-22,1985-02-06,40270.6414094026,1984-11-14,1985-02-05
ECMWF,1985,22,144,1984-11-08,1985-03-31,42012.14414670663,1985-02-25,1985-02-25,40254.50673737315,1985-02-20,1985-02-26,39817.73572853172,1985-02-21,1985-03-06,39838.28293361881,1985-02-20,1985-03-12,39507.42025755842,1985-02-16,1985-03-15,38938.7329501664,1985-02-09,1985-03-15,38863.21297517604,1985-02-01,1985-03-14,38704.45595790056,1985-01-26,1985-03-15,38456.689048155655,1985-01-19,1985-03-15,38329.31743947251,1985-01-12,1985-03-15,38362.69166018246,1985-01-04,1985-03-14,38367.90415294134,1984-12-27,1985-03-13,38304.27100678878,1984-12-22,1985-03-15
ECMWF,1985,23,144,1984-11-08,1985-03-31,44179.43286572458,1984-12-31,1984-12-31,42096.51678387795,1984-12-26,1985-01-01,41285.48593520447,1984-12-22,1985-01-04,40459.06066398852,1984-12-16,1985-01-05,39891.997407632545,1984-12-15,1985-01-11,39651.746517568376,1984-11-29,1985-01-02,39633.17429497304,1984-11-25,1985-01-05,39426.177407323885,1984-11-24,1985-01-11,39288.8855935603,1984-11-28,1985-01-22,39250.112917325205,1984-11-25,1985-01-26,39132.58546604453,1984-11-22,1985-01-30,38974.510913168706,1984-11-21,1985-02-05,38759.494141412906,1984-11-22,1985-02-13
ECMWF,1985,24,144,1984-11-08,1985-03-31,42822.31546675452,1984-12-18,1984-12-18,40861.15413522421,1984-12-14,1984-12-20,40309.56121855194,1984-12-09,1984-12-22,39840.18246459974,1984-12-10,1984-12-30,39568.622797697215,1984-12-10,1985-01-06,39251.464078628545,1984-12-07,1985-01-10,39142.89365900889,1984-12-10,1985-01-20,39061.65730381388,1984-12-08,1985-01-25,39134.03029919319,1984-12-10,1985-02-03,39108.27791566689,1984-12-07,1985-02-07,38913.91564765667,1984-12-05,1985-02-12,38920.230915117616,1984-12-09,1985-02-23,38868.89139475239,1984-12-08,1985-03-01
ECMWF,1986,0,144,1985-11-08,1986-03-31,42611.57174903214,1985-12-17,1985-12-17,40654.79669131885,1985-12-12,1985-12-18,39943.72203186311,1985-12-08,1985-12-21,39314.712784688134,1985-12-04,1985-12-24,38915.60499967033,1985-11-25,1985-12-22,38632.93322945569,1985-11-23,1985-12-27,38429.39181656972,1985-11-29,1986-01-09,38301.3570413214,1985-11-24,1986-01-11,38142.986420617075,1985-11-24,1986-01-18,37980.10647631669,1985-11-24,1986-01-25,37836.593233606596,1985-11-19,1986-01-27,37696.59540304504,1985-12-04,1986-02-18,37706.102146053556,1985-11-26,1986-02-17
ECMWF,1986,1,144,1985-11-08,1986-03-31,45190.18559778688,1985-12-26,1985-12-26,43641.980219853824,1985-12-24,1985-12-30,42774.23438071425,1985-12-17,1985-12-30,42381.90046553606,1985-12-16,1986-01-05,41882.52633979204,1985-12-11,1986-01-07,41422.53119955689,1985-12-08,1986-01-11,41198.553451394866,1985-12-10,1986-01-20,40930.478987480805,1985-12-06,1986-01-23,40698.315501442405,1985-11-27,1986-01-21,40534.7359128089,1985-11-21,1986-01-22,40502.703644734975,1985-12-12,1986-02-19,40463.199959018966,1985-12-08,1986-02-22,40331.23461771361,1985-12-01,1986-02-22
ECMWF,1986,2,144,1985-11-08,1986-03-31,43051.344220961575,1986-02-04,1986-02-04,40782.57083941077,1986-02-03,1986-02-09,40068.01313694513,1986-01-30,1986-02-12,39474.285328608836,1986-02-03,1986-02-23,39654.453092797754,1986-02-01,1986-02-28,39235.94928107581,1986-01-28,1986-03-03,39032.31655317907,1986-01-18,1986-02-28,38895.49971775464,1986-01-12,1986-03-01,38737.1262782316,1986-01-04,1986-02-28,38628.75545635561,1985-12-29,1986-03-01,38453.25945540221,1985-12-24,1986-03-03,38309.54506370903,1985-12-14,1986-02-28,38207.64900302601,1985-12-09,1986-03-02
ECMWF,1986,3,144,1985-11-08,1986-03-31,41999.76832672154,1986-02-04,1986-02-04,40065.926587798574,1986-02-03,1986-02-09,39525.585952853595,1986-01-27,1986-02-09,39242.115539250546,1986-01-20,1986-02-09,38929.82145783969,1986-01-16,1986-02-12,38655.55254109759,1986-01-19,1986-02-22,38522.4814424421,1986-01-15,1986-02-25,38360.77433392939,1985-12-25,1986-02-11,38246.88971905119,1985-12-23,1986-02-16,38228.71843513496,1985-12-24,1986-02-24,38171.44810583553,1985-12-08,1986-02-15,38141.93810041709,1985-12-10,1986-02-24,38076.06414898139,1985-12-05,1986-02-26
ECMWF,1986,4,144,1985-11-08,1986-03-31,44415.26534445849,1986-02-05,1986-02-05,42145.647424144496,1986-01-30,1986-02-05,41508.457440411985,1986-01-26,1986-02-08,40987.61865346925,1986-01-26,1986-02-15,40646.87872965705,1986-01-26,1986-02-22,40608.09528039777,1986-01-27,1986-03-02,40515.593150802575,1986-01-26,1986-03-08,40381.7409227873,1986-01-25,1986-03-14,40175.323866248924,1986-01-23,1986-03-19,39881.644691849986,1986-01-22,1986-03-25,39633.269803328876,1986-01-16,1986-03-26,39396.795696411384,1986-01-09,1986-03-26,39367.5854467471,1985-11-20,1986-02-11
ECMWF,1986,5,144,1985-11-08,1986-03-31,41209.38263378365,1986-02-05,1986-02-05,38943.12124489834,1986-01-30,1986-02-05,38522.01087866673,1986-01-29,1986-02-11,38225.64270471981,1986-01-29,1986-02-18,38022.72420566335,1986-01-22,1986-02-18,38013.77727172832,1986-01-03,1986-02-06,38010.32443249838,1986-01-01,1986-02-11,37956.40756454518,1986-01-01,1986-02-18,37904.57936874685,1985-12-13,1986-02-06,37909.28665976725,1985-12-13,1986-02-13,37893.07380102199,1985-12-04,1986-02-11,37871.12621337482,1985-12-03,1986-02-17,37843.34007478565,1985-12-02,1986-02-23
ECMWF,1986,6,144,1985-11-08,1986-03-31,44169.801666711035,1986-01-15,1986-01-15,41787.105076712425,1986-01-10,1986-01-16,41145.203989713125,1986-01-03,1986-01-16,40742.27367655786,1986-01-01,1986-01-21,40351.26659844916,1985-12-30,1986-01-26,40219.28089725401,1986-01-01,1986-02-04,40088.81848052734,1986-01-01,1986-02-11,39998.62307576561,1986-01-03,1986-02-20,39991.27842929914,1985-12-30,1986-02-23,39818.54170369276,1985-12-28,1986-02-28,39752.16181304937,1985-12-30,1986-03-09,39631.07343454062,1985-12-26,1986-03-12,39583.703028428514,1985-12-16,1986-03-09
ECMWF,1986,7,144,1985-11-08,1986-03-31,42868.04169574041,1986-02-05,1986-02-05,41219.730466296125,1986-02-05,1986-02-11,40798.12297057584,1986-02-04,1986-02-17,40329.615916657975,1986-01-31,1986-02-20,39689.220138720055,1986-01-27,1986-02-23,39130.157236559535,1986-01-23,1986-02-26,38766.83860152256,1986-01-14,1986-02-24,38551.24700775496,1986-01-06,1986-02-23,38456.0604408096,1985-12-27,1986-02-20,38375.801080568905,1985-12-26,1986-02-26,38270.7457222926,1985-12-16,1986-02-23,38151.8690065218,1985-12-09,1986-02-23,38041.67032720108,1985-12-03,1986-02-24
ECMWF,1986,8,144,1985-11-08,1986-03-31,42747.81356768752,1986-01-06,1986-01-06,40844.06483281497,1985-12-31,1986-01-06,40624.03891516184,1985-12-25,1986-01-07,40184.73587622383,1985-12-18,1986-01-07,39948.11517943854,1985-12-13,1986-01-09,39660.67669828191,1985-12-04,1986-01-07,39651.37356097408,1985-11-27,1986-01-07,39559.48141549382,1985-11-23,1986-01-10,39426.91376029158,1985-11-17,1986-01-11,39247.53113346486,1985-11-24,1986-01-25,39177.703135933,1985-11-24,1986-02-01,39126.94716817357,1985-11-18,1986-02-02,39030.78540804175,1985-11-15,1986-02-06
ECMWF,1986,9,144,1985-11-08,1986-03-31,40321.38429377867,1986-01-07,1986-01-07,38557.82792324711,1986-02-05,1986-02-11,38464.67941130848,1986-02-01,1986-02-14,38319.900460605604,1986-01-30,1986-02-19,38227.01726840773,1986-02-01,1986-02-28,38070.54909030024,1986-01-28,1986-03-03,37752.5294041363,1986-01-20,1986-03-02,37567.01020876353,1986-01-13,1986-03-02,37544.19755394982,1986-01-05,1986-03-01,37476.26891463131,1985-12-31,1986-03-03,37397.55079949186,1985-12-25,1986-03-04,37332.902742790386,1985-12-16,1986-03-02,37292.68346214215,1985-12-10,1986-03-03
ECMWF,1986,10,144,1985-11-08,1986-03-31,41093.60112153509,1986-01-23,1986-01-23,39444.36640724884,1986-01-20,1986-01-26,38899.84806327403,1985-12-25,1986-01-07,38823.13260938922,1986-01-19,1986-02-08,38689.23275942354,1986-01-19,1986-02-15,38581.82521595893,1985-12-24,1986-01-27,38548.94945230516,1985-12-29,1986-02-08,38556.604851209144,1985-12-25,1986-02-11,38525.648169422464,1985-12-21,1986-02-14,38435.922357946714,1985-12-15,1986-02-15,38339.151959291055,1985-12-12,1986-02-19,38190.51952282895,1985-12-03,1986-02-17,38113.33098795575,1985-11-28,1986-02-19
ECMWF,1986,11,144,1985-11-08,1986-03-31,41614.64258031104,1986-02-27,1986-02-27,39600.76521932532,1986-02-22,1986-02-28,38841.63380653927,1986-02-18,1986-03-03,38270.79166015088,1986-02-12,1986-03-04,37702.696469653114,1986-02-06,1986-03-05,37712.79930486764,1985-12-10,1986-01-13,37616.3219710677,1985-12-08,1986-01-18,37540.735065616864,1985-11-26,1986-01-13,37481.65559787813,1985-11-24,1986-01-18,37473.56391412712,1985-11-17,1986-01-18,37396.11443102633,1985-11-12,1986-01-20,37451.62021413329,1985-12-16,1986-03-02,37489.24318101439,1985-12-10,1986-03-03
ECMWF,1986,12,144,1985-11-08,1986-03-31,44147.4849333153,1986-01-27,1986-01-27,41392.231472439176,1986-01-22,1986-01-28,40766.05555831087,1986-01-15,1986-01-28,40499.172842052256,1986-01-09,1986-01-29,40029.465975254374,1986-01-06,1986-02-02,39463.65181360092,1986-01-04,1986-02-07,39440.13166419719,1986-01-08,1986-02-18,39331.13089136931,1986-01-06,1986-02-23,39031.20649726967,1985-12-30,1986-02-23,38923.075647745594,1985-11-27,1986-01-28,38911.469648056154,1985-11-25,1986-02-02,38754.24871795247,1985-11-24,1986-02-08,38790.59748727438,1985-11-27,1986-02-18
ECMWF,1986,13,144,1985-11-08,1986-03-31,41668.85332715243,1985-12-30,1985-12-30,39526.5725937746,1985-12-25,1985-12-31,39240.47580014153,1985-12-18,1985-12-31,38995.12803331582,1985-12-16,1986-01-05,38909.76073050372,1985-12-16,1986-01-12,38822.98767639351,1985-12-17,1986-01-20,38844.17142252422,1985-12-17,1986-01-27,38725.730117414736,1985-12-15,1986-02-01,38609.16331422403,1985-12-03,1986-01-27,38543.156250220716,1985-12-02,1986-02-02,38400.4184828601,1985-11-27,1986-02-04,38273.787724593756,1985-11-21,1986-02-05,38227.177826983454,1985-11-10,1986-02-01
ECMWF,1986,14,144,1985-11-08,1986-03-31,41866.14515646471,1985-12-17,1985-12-17,39220.84673656151,1985-12-14,1985-12-20,38572.13715053035,1986-02-08,1986-02-21,38349.01505558001,1986-02-05,1986-02-25,38130.54745123726,1986-01-29,1986-02-25,38256.071332551495,1986-01-17,1986-02-20,38211.79124200313,1986-01-15,1986-02-25,38048.91290087676,1986-01-13,1986-03-02,37964.390948645414,1985-12-31,1986-02-24,37872.13435366329,1985-12-30,1986-03-02,37905.677318564216,1985-12-13,1986-02-20,37904.079468699936,1985-12-12,1986-02-26,37821.81762051194,1985-12-04,1986-02-25
ECMWF,1986,15,144,1985-11-08,1986-03-31,43098.46459938803,1986-02-12,1986-02-12,41041.32444045756,1985-12-27,1986-01-02,40499.17393591189,1985-12-23,1986-01-05,40382.55169014285,1985-12-16,1986-01-05,40018.67181996962,1985-12-13,1986-01-09,39641.20422061405,1986-01-30,1986-03-05,39215.300697045175,1985-12-12,1986-01-22,38919.75368324703,1985-12-17,1986-02-03,39052.62820163587,1985-12-24,1986-02-17,39176.66578121422,1985-12-17,1986-02-17,39210.15523670438,1985-12-17,1986-02-24,39238.96203698003,1985-12-14,1986-02-28,39162.22939072297,1985-12-12,1986-03-05
ECMWF,1986,16,144,1985-11-08,1986-03-31,44208.073793762946,1986-01-01,1986-01-01,42473.86783367039,1985-12-28,1986-01-03,42057.467296164345,1985-12-24,1986-01-06,41391.809377314974,1985-12-21,1986-01-10,41068.19448187704,1985-12-10,1986-01-06,40714.16327640602,1985-12-09,1986-01-12,40343.31026126834,1985-12-09,1986-01-19,40047.41604894347,1985-12-06,1986-01-23,39685.183608701445,1985-12-05,1986-01-29,39280.00051918592,1985-12-02,1986-02-02,38937.12835416687,1985-12-02,1986-02-09,38692.04358033871,1985-12-04,1986-02-18,38502.355148527015,1985-12-05,1986-02-26
ECMWF,1986,17,144,1985-11-08,1986-03-31,41776.12139575028,1986-01-08,1986-01-08,39291.734505159584,1986-01-15,1986-01-21,39195.55589885092,1986-01-07,1986-01-20,39061.220618487656,1986-01-03,1986-01-23,38991.21193549992,1985-12-27,1986-01-23,38783.87563506413,1985-12-20,1986-01-23,38614.25677561845,1985-12-19,1986-01-29,38491.92049152697,1985-12-16,1986-02-02,38351.48313145219,1985-12-16,1986-02-09,38223.64448305245,1985-12-13,1986-02-13,38221.04427877888,1985-11-16,1986-01-24,38173.41704646063,1985-11-16,1986-01-31,38123.40377117148,1985-11-11,1986-02-02
ECMWF,1986,18,144,1985-11-08,1986-03-31,44886.59508084369,1986-02-18,1986-02-18,41845.898958008795,1986-02-13,1986-02-19,41216.402290841565,1986-02-08,1986-02-21,40843.360853096296,1986-02-01,1986-02-21,40564.72208699499,1986-01-31,1986-02-27,40472.8299583464,1986-01-18,1986-02-21,40377.44723267316,1986-01-17,1986-02-27,40234.450942721436,1986-01-04,1986-02-21,40188.94933413673,1986-01-02,1986-02-26,40068.685433035775,1986-01-02,1986-03-05,39870.78511507454,1985-12-27,1986-03-06,39701.03567771465,1985-12-20,1986-03-06,39587.96077965787,1985-12-13,1986-03-06
ECMWF,1986,19,144,1985-11-08,1986-03-31,42691.62977369788,1986-01-09,1986-01-09,40835.253759598396,1985-11-26,1985-12-02,40451.88848440455,1986-03-06,1986-03-19,39949.886523752844,1985-11-19,1985-12-09,40025.009555900186,1986-01-06,1986-02-02,39885.46919725992,1986-01-04,1986-02-07,39642.508038850814,1985-12-31,1986-02-10,39551.571775070544,1985-12-21,1986-02-07,39368.15166130945,1985-11-22,1986-01-16,39328.277471757734,1985-11-26,1986-01-27,39465.9669920098,1985-11-25,1986-02-02,39468.52613133465,1985-11-20,1986-02-04,39390.01539593289,1985-11-19,1986-02-10
ECMWF,1986,20,144,1985-11-08,1986-03-31,43475.25900814216,1985-12-05,1985-12-05,41610.99963695951,1985-12-03,1985-12-09,41173.19700314654,1985-12-02,1985-12-15,40578.79866609335,1985-11-29,1985-12-19,39624.80491188686,1985-11-28,1985-12-25,39136.35225044906,1985-11-28,1986-01-01,38900.80459779717,1985-11-28,1986-01-08,38902.982818493394,1985-11-29,1986-01-16,38799.16475010933,1985-11-28,1986-01-22,38558.855629486694,1985-11-28,1986-01-29,38471.86557318427,1985-11-29,1986-02-06,38589.69090115434,1985-11-30,1986-02-14,38580.94342180631,1985-11-28,1986-02-19
ECMWF,1986,21,144,1985-11-08,1986-03-31,43479.62561403638,1985-12-05,1985-12-05,41531.99972559674,1985-12-18,1985-12-24,40476.0792073763,1985-12-15,1985-12-28,40354.678641698294,1985-12-04,1985-12-24,40191.54889474731,1985-11-30,1985-12-27,39878.52630930629,1985-11-24,1985-12-28,39507.08991556159,1985-11-22,1986-01-02,39391.038767758655,1985-11-29,1986-01-16,39363.959624889445,1985-12-03,1986-01-27,39403.26303714131,1985-12-02,1986-02-02,39347.540048940595,1985-11-25,1986-02-02,39241.379145563085,1985-11-24,1986-02-08,39115.51671600359,1985-11-21,1986-02-12
ECMWF,1986,22,144,1985-11-08,1986-03-31,42118.8018569996,1986-01-15,1986-01-15,39457.943108107094,1986-01-13,1986-01-19,38774.71270096572,1986-01-08,1986-01-21,38845.11982913992,1985-12-30,1986-01-19,38730.637926839074,1985-12-28,1986-01-24,38405.64808777476,1985-12-25,1986-01-28,38244.975836180885,1985-12-13,1986-01-23,38317.08868229193,1985-12-03,1986-01-20,38279.52235389385,1985-12-01,1986-01-25,38179.42178301448,1985-11-26,1986-01-27,38020.18592397172,1985-11-26,1986-02-03,37928.88671943935,1985-11-25,1986-02-09,37827.29754337367,1985-11-26,1986-02-17
ECMWF,1986,23,144,1985-11-08,1986-03-31,43707.1035561871,1986-01-16,1986-01-16,41507.35704946891,1986-01-11,1986-01-17,40964.1232974445,1986-01-04,1986-01-17,40504.455640493514,1985-12-31,1986-01-20,39881.51812622091,1985-12-28,1986-01-24,39726.27140074435,1985-12-15,1986-01-18,39575.22526870364,1985-12-11,1986-01-21,39358.77960905922,1985-12-05,1986-01-22,39088.00095198305,1985-11-29,1986-01-23,38850.3262311584,1985-11-29,1986-01-30,38693.056324876605,1985-12-10,1986-02-17,38672.93462391623,1985-12-10,1986-02-24,38588.3555104572,1985-12-02,1986-02-23
ECMWF,1986,24,144,1985-11-08,1986-03-31,45610.813750900335,1985-12-25,1985-12-25,43706.930063567175,1985-12-23,1985-12-29,43604.82827516179,1985-12-16,1985-12-29,43097.09074455005,1985-12-12,1986-01-01,42642.28156542297,1985-12-07,1986-01-03,41986.49776126386,1985-12-05,1986-01-08,41468.784592323595,1985-12-01,1986-01-11,40936.02921786607,1985-11-29,1986-01-16,40487.036029960225,1985-11-30,1986-01-24,40221.56184742792,1985-11-29,1986-01-30,39821.66093108019,1985-11-28,1986-02-05,39710.84143710201,1985-11-30,1986-02-14,39670.316269679795,1985-12-05,1986-02-26
ECMWF,1987,0,144,1986-11-08,1987-03-31,41926.11296998394,1987-02-17,1987-02-17,40088.38726095314,1987-02-16,1987-02-22,39944.57096168657,1987-03-03,1987-03-16,39905.377352929616,1987-02-15,1987-03-07,39920.25709530216,1987-02-17,1987-03-16,39848.62588401403,1987-02-13,1987-03-19,39670.22965524576,1987-02-06,1987-03-19,39304.98069102436,1987-01-31,1987-03-20,39110.35711236596,1987-01-23,1987-03-19,39058.95094504391,1987-01-17,1987-03-20,38892.027057755884,1987-01-10,1987-03-20,38892.07224656966,1986-12-31,1987-03-17,38904.89831565801,1986-12-27,1987-03-20
ECMWF,1987,1,144,1986-11-08,1987-03-31,43487.68841762278,1987-01-07,1987-01-07,42128.377509187245,1987-01-07,1987-01-13,41500.34946799344,1987-01-06,1987-01-19,40976.74560101418,1987-01-06,1987-01-26,40450.75877547591,1987-01-05,1987-02-01,40211.91959927824,1987-01-06,1987-02-09,40288.85258203516,1987-01-06,1987-02-16,40057.8059298995,1987-01-06,1987-02-23,39792.75796806616,1987-01-01,1987-02-25,39468.24714448386,1986-12-19,1987-02-19,39382.546844420416,1986-12-18,1987-02-25,39279.477224918635,1986-12-11,1987-02-25,39123.7967906383,1986-12-04,1987-02-25
ECMWF,1987,2,144,1986-11-08,1987-03-31,43191.73536137909,1986-12-25,1986-12-25,41488.749671586316,1986-12-23,1986-12-29,40954.10605369816,1986-12-20,1987-01-02,40703.30986050303,1986-12-13,1987-01-02,40571.4717226379,1986-12-08,1987-01-04,40396.93176137629,1986-12-08,1987-01-11,40256.427099602086,1986-12-03,1987-01-13,40079.76534372561,1986-12-02,1987-01-19,39907.699548575176,1986-12-02,1987-01-26,39782.11537229046,1986-12-04,1987-02-04,39684.75264568623,1986-11-29,1987-02-06,39620.89651954988,1986-12-01,1987-02-15,39517.86010225398,1986-11-23,1987-02-14
ECMWF,1987,3,144,1986-11-08,1987-03-31,42745.160408245145,1987-01-06,1987-01-06,40701.13951376292,1986-12-22,1986-12-28,40392.73672469012,1986-12-24,1987-01-06,40023.93240032186,1986-12-21,1987-01-10,39668.15842856022,1986-12-22,1987-01-18,39620.62375555794,1986-12-22,1987-01-25,39398.29041562193,1986-12-22,1987-02-01,39252.78136304953,1986-12-20,1987-02-06,38938.60850109683,1986-12-14,1987-02-07,38745.128404827425,1986-12-07,1987-02-07,38525.78980067922,1986-12-02,1987-02-09,38329.76867181872,1986-11-23,1987-02-07,38188.119506357936,1986-11-18,1987-02-09
ECMWF,1987,4,144,1986-11-08,1987-03-31,44148.23419251572,1987-01-22,1987-01-22,41604.01576276764,1987-01-19,1987-01-25,40991.67701318928,1987-02-06,1987-02-19,40409.46589529988,1987-02-05,1987-02-25,40281.656701637236,1987-01-19,1987-02-15,40212.774088812126,1987-01-18,1987-02-21,39969.4537366189,1987-01-16,1987-02-26,39646.87999994707,1987-01-14,1987-03-03,39427.47441043858,1987-01-01,1987-02-25,39281.98158375781,1986-12-27,1987-02-27,39106.00026362797,1986-12-22,1987-03-01,38999.8171987518,1986-12-31,1987-03-17,38903.94337492232,1986-12-04,1987-02-25
ECMWF,1987,5,144,1986-11-08,1987-03-31,43846.90618309522,1987-03-05,1987-03-05,41865.14562762075,1987-02-25,1987-03-03,41517.02554677187,1987-02-20,1987-03-05,41361.366990662165,1987-02-15,1987-03-07,40994.92292076912,1987-02-10,1987-03-09,40472.173041888534,1987-02-03,1987-03-09,39990.14534033177,1987-02-02,1987-03-15,39754.570620626284,1987-01-18,1987-03-07,39705.45159454936,1987-01-14,1987-03-10,39465.81346467804,1987-01-14,1987-03-17,39170.55486043614,1987-01-01,1987-03-11,39021.04998436016,1986-12-31,1987-03-17,38885.00766923867,1986-12-24,1987-03-17
ECMWF,1987,6,144,1986-11-08,1987-03-31,42910.80032508774,1987-01-19,1987-01-19,40335.58529982851,1987-01-14,1987-01-20,39799.149269181646,1987-01-11,1987-01-24,39441.63430869652,1987-01-08,1987-01-28,39002.78141849879,1987-01-03,1987-01-30,38791.62348656686,1987-01-10,1987-02-13,38764.07233025971,1987-01-09,1987-02-19,38620.05748026007,1987-01-03,1987-02-20,38414.81733695127,1986-12-31,1987-02-24,38293.29490419882,1986-12-19,1987-02-19,38203.073177888175,1986-12-17,1987-02-24,38055.69317414957,1986-12-12,1987-02-26,38005.786816969485,1986-11-27,1987-02-18
ECMWF,1987,7,144,1986-11-08,1987-03-31,41859.695834321275,1986-12-23,1986-12-23,40406.69634537241,1986-12-20,1986-12-26,40211.10175988187,1986-12-17,1986-12-30,39811.36683024635,1986-12-11,1986-12-31,39549.69943251308,1986-12-11,1987-01-07,39441.602312522264,1986-12-15,1987-01-18,39315.70020673265,1986-12-09,1987-01-19,39034.37409148266,1986-12-06,1987-01-23,38827.93403875969,1986-11-26,1987-01-20,38803.34999027269,1986-12-10,1987-02-10,38740.50054908209,1986-12-17,1987-02-24,38762.85469068719,1986-12-11,1987-02-25,38738.3962828009,1986-12-08,1987-03-01
ECMWF,1987,8,144,1986-11-08,1987-03-31,45216.688102430686,1987-01-08,1987-01-08,43069.13001405874,1987-01-07,1987-01-13,42589.200187763534,1986-12-17,1986-12-30,42439.18464399491,1986-12-23,1987-01-12,42529.98375943078,1986-12-17,1987-01-13,42161.2980799896,1986-12-12,1987-01-15,41570.85772751761,1986-12-08,1987-01-18,41199.32883364002,1986-12-13,1987-01-30,41230.61212834176,1986-12-15,1987-02-08,41131.52253688844,1986-12-13,1987-02-13,41018.54631201474,1986-12-14,1987-02-21,41108.593638265935,1986-12-17,1987-03-03,41113.088132768775,1986-12-14,1987-03-07
ECMWF,1987,9,144,1986-11-08,1987-03-31,45391.79408464685,1987-01-14,1987-01-14,42862.89677867135,1987-01-10,1987-01-16,42113.28875468405,1987-01-09,1987-01-22,41490.836652088816,1987-01-07,1987-01-27,41068.02317119974,1987-01-08,1987-02-04,40819.331068601976,1987-01-07,1987-02-10,40556.14317199873,1986-12-22,1987-02-01,40417.74135231512,1986-12-21,1987-02-07,40291.857335322675,1986-12-20,1987-02-13,40049.272111862054,1986-12-21,1987-02-21,40011.311619001055,1986-12-20,1987-02-27,39837.13295554746,1986-12-16,1987-03-02,39609.98221319634,1986-12-12,1987-03-05
ECMWF,1987,10,144,1986-11-08,1987-03-31,42984.17431286642,1987-01-27,1987-01-27,40940.5258662399,1987-01-22,1987-01-28,40695.458968419734,1987-01-17,1987-01-30,40376.24639236723,1987-01-10,1987-01-30,39906.93269451806,1987-01-06,1987-02-02,39384.751797093995,1986-12-31,1987-02-03,38924.402426073895,1986-12-30,1987-02-09,38866.930733987385,1986-12-15,1987-02-01,38756.912020882926,1986-12-10,1987-02-03,38516.690858148446,1986-12-09,1987-02-09,38474.90614594233,1986-11-25,1987-02-02,38348.26798295227,1986-12-10,1987-02-24,38204.669315668114,1986-11-25,1987-02-16
ECMWF,1987,11,144,1986-11-08,1987-03-31,42501.46227765871,1987-01-14,1987-01-14,40280.724621253954,1986-12-26,1987-01-01,39659.7355318411,1986-12-22,1987-01-04,39639.613743899616,1986-12-25,1987-01-14,39407.773074490244,1986-12-24,1987-01-20,39342.308285871855,1986-12-24,1987-01-27,39166.689997174704,1986-12-21,1987-01-31,38872.04403034161,1986-12-16,1987-02-02,38790.429145377595,1986-12-24,1987-02-17,38796.65134085644,1986-12-23,1987-02-23,38642.657038643774,1986-12-16,1987-02-23,38510.13701891036,1986-12-10,1987-02-24,38367.73315695212,1986-12-03,1987-02-24
ECMWF,1987,12,144,1986-11-08,1987-03-31,42043.79041944698,1986-12-10,1986-12-10,40573.33110565959,1986-12-08,1986-12-14,39580.63758863382,1986-12-07,1986-12-20,38945.10901326443,1986-11-29,1986-12-19,38660.40811267971,1986-12-04,1986-12-31,38550.518907728474,1986-12-02,1987-01-05,38408.29331149549,1987-01-17,1987-02-27,38437.938530437656,1986-12-08,1987-01-25,38506.27832308429,1986-12-08,1987-02-01,38482.37797384572,1986-12-04,1987-02-04,38402.28913993469,1986-11-29,1987-02-06,38346.601224744394,1986-12-08,1987-02-22,38369.551788549914,1986-12-07,1987-02-28
ECMWF,1987,13,144,1986-11-08,1987-03-31,41871.47306806815,1986-12-18,1986-12-18,39873.53642822727,1986-12-16,1986-12-22,39742.66109464221,1986-12-14,1986-12-27,39544.68191113257,1986-12-13,1987-01-02,39359.66608250588,1986-12-14,1987-01-10,39308.22866633515,1986-12-14,1987-01-17,39126.366339968554,1986-12-12,1987-01-22,38854.113033664406,1986-12-16,1987-02-02,38860.73189803038,1986-12-13,1987-02-06,38733.50981924389,1986-12-10,1987-02-10,38539.5197257569,1986-12-06,1987-02-13,38370.4684117051,1986-12-06,1987-02-20,38216.801220297326,1986-12-05,1987-02-26
ECMWF,1987,14,144,1986-11-08,1987-03-31,41019.27399353062,1987-01-06,1987-01-06,39431.384775881925,1987-01-02,1987-01-08,38766.29692132577,1986-12-26,1987-01-08,38192.9040802683,1986-12-24,1987-01-13,38016.64542605353,1987-01-02,1987-01-29,38033.55815419675,1986-12-26,1987-01-29,38034.009271172086,1986-12-28,1987-02-07,37976.98776507243,1986-12-26,1987-02-12,37856.47495149689,1987-01-21,1987-03-17,37853.15265267817,1986-12-25,1987-02-25,37779.86236817945,1987-01-02,1987-03-12,37836.918935625625,1986-12-31,1987-03-17,37840.08304793376,1986-12-25,1987-03-18
ECMWF,1987,15,144,1986-11-08,1987-03-31,41899.53207329237,1987-02-03,1987-02-03,38957.750779952876,1987-02-22,1987-02-28,38525.5964217827,1986-12-02,1986-12-15,38301.0975753885,1986-11-27,1986-12-17,38178.1878137033,1986-12-01,1986-12-28,38069.12421043942,1986-11-27,1986-12-31,37914.25114217377,1986-11-27,1987-01-07,37848.32637903941,1986-12-01,1987-01-18,37823.681603811354,1986-11-27,1987-01-21,37721.37024347651,1986-12-04,1987-02-04,37774.790315595514,1986-11-28,1987-02-05,37781.49729803815,1986-11-29,1987-02-13,37726.84857889364,1986-12-04,1987-02-25
ECMWF,1987,16,144,1986-11-08,1987-03-31,43436.52824291166,1987-03-04,1987-03-04,41534.25829038351,1987-02-27,1987-03-05,41408.294615920495,1987-02-22,1987-03-07,40986.98324758011,1987-02-15,1987-03-07,40510.83938998562,1987-02-11,1987-03-10,40217.56506481176,1987-02-01,1987-03-07,40041.71029127174,1987-01-26,1987-03-08,39774.0945747957,1987-01-24,1987-03-13,39681.14038786489,1987-01-26,1987-03-22,39515.51790573479,1987-01-24,1987-03-27,39316.9860277266,1987-01-17,1987-03-27,39146.15586388318,1987-01-10,1987-03-27,39102.55174100812,1986-12-14,1987-03-07
ECMWF,1987,17,144,1986-11-08,1987-03-31,42921.13278363105,1987-02-03,1987-02-03,41133.75332199138,1986-11-29,1986-12-05,40315.44417472446,1986-11-28,1986-12-11,40294.132493414974,1986-11-26,1986-12-16,40131.69789333885,1986-11-29,1986-12-26,39993.45249963947,1986-11-25,1986-12-29,39853.617614131756,1986-11-25,1987-01-05,39660.796807086255,1986-11-25,1987-01-12,39427.206289729795,1986-11-20,1987-01-14,39225.75219521981,1986-11-28,1987-01-29,39321.209986811235,1986-11-27,1987-02-04,39274.110419215474,1986-11-25,1987-02-09,39146.08374963838,1986-11-19,1987-02-10
ECMWF,1987,18,144,1986-11-08,1987-03-31,42938.457934089,1987-01-14,1987-01-14,40612.548787255146,1987-01-09,1987-01-15,40269.285305920836,1987-01-10,1987-01-23,39797.56474893664,1987-01-06,1987-01-26,39245.789419049914,1986-12-31,1987-01-27,39176.51996444782,1987-01-09,1987-02-12,38995.58097588958,1986-12-16,1987-01-26,38825.9941065685,1986-12-12,1987-01-29,38757.78619476107,1986-12-17,1987-02-10,38756.352860867555,1986-12-13,1987-02-13,38592.59612707743,1986-12-12,1987-02-19,38476.57260309266,1986-11-13,1987-01-28,38401.63471032454,1986-11-19,1987-02-10
ECMWF,1987,19,144,1986-11-08,1987-03-31,45936.936695299766,1987-01-28,1987-01-28,43904.945816024374,1987-01-22,1987-01-28,43385.87670738281,1987-01-15,1987-01-28,42905.307244365315,1987-01-08,1987-01-28,42449.043625030856,1987-01-04,1987-01-31,42126.82325683973,1986-12-28,1987-01-31,41868.84398711722,1986-12-29,1987-02-08,41583.96150335085,1986-12-25,1987-02-11,41228.36848087811,1986-12-23,1987-02-16,40811.06767675414,1986-12-21,1987-02-21,40424.752682290025,1986-12-18,1987-02-25,40164.967243049454,1986-12-23,1987-03-09,39950.73931681061,1986-11-22,1987-02-13
ECMWF,1987,20,144,1986-11-08,1987-03-31,43223.77630744911,1987-02-19,1987-02-19,40815.07873015596,1987-01-28,1987-02-03,40256.91519979753,1987-01-22,1987-02-04,39696.002178178234,1987-01-20,1987-02-09,39511.947730079446,1987-01-24,1987-02-20,39434.320814165054,1987-01-20,1987-02-23,39243.718981368496,1987-01-10,1987-02-20,39177.55096091087,1987-01-06,1987-02-23,39041.90501333777,1986-12-27,1987-02-20,38931.745702592576,1986-12-25,1987-02-25,38742.865616384006,1986-12-19,1987-02-26,38556.934477565956,1986-12-12,1987-02-26,38422.58198469434,1986-12-02,1987-02-23
ECMWF,1987,21,144,1986-11-08,1987-03-31,40857.76540592554,1987-01-14,1987-01-14,39078.049819486136,1986-12-11,1986-12-17,38829.658514859846,1987-01-11,1987-01-24,38644.6992845742,1987-01-08,1987-01-28,38441.418783710214,1987-01-11,1987-02-07,38387.79880940848,1987-01-08,1987-02-11,38318.88407587265,1987-01-07,1987-02-17,38249.375735502676,1986-12-11,1987-01-28,38175.60219975419,1986-12-12,1987-02-05,38194.50292687096,1986-12-11,1987-02-11,38170.637797547744,1986-12-10,1987-02-17,38059.25652414196,1986-12-09,1987-02-23,37928.7422773408,1986-12-09,1987-03-02
ECMWF,1987,22,144,1986-11-08,1987-03-31,44694.38035308103,1986-12-16,1986-12-16,42390.234346421086,1986-12-12,1986-12-18,41423.77282117234,1986-12-06,1986-12-19,40791.950780872445,1986-12-01,1986-12-21,40438.65293174558,1986-12-07,1987-01-03,40283.402788867184,1986-12-03,1987-01-06,40010.36898779037,1986-11-27,1987-01-07,39921.094004050785,1986-12-02,1987-01-19,39755.59546086281,1986-11-27,1987-01-21,39610.92774511303,1986-11-20,1987-01-21,39414.16760751763,1986-11-14,1987-01-22,39162.45460943109,1986-11-16,1987-01-31,38929.03947998618,1986-11-12,1987-02-03
ECMWF,1987,23,144,1986-11-08,1987-03-31,43934.48933623152,1987-02-16,1987-02-16,41681.69382099928,1987-02-12,1987-02-18,40776.391405785995,1987-02-08,1987-02-21,40092.54722830689,1987-02-08,1987-02-28,39820.939328792505,1987-01-24,1987-02-20,39583.2010058885,1987-01-24,1987-02-27,39498.50822779771,1987-01-12,1987-02-22,39379.23005003946,1987-01-11,1987-02-28,39202.01933027703,1987-01-11,1987-03-07,39137.513532427925,1986-12-28,1987-02-28,39029.60183022529,1986-12-27,1987-03-06,38886.9184894079,1986-12-22,1987-03-08,38756.65946742966,1986-12-13,1987-03-06
ECMWF,1987,24,144,1986-11-08,1987-03-31,42840.19070900264,1987-01-21,1987-01-21,41673.96842043944,1987-01-19,1987-01-25,40938.82197487435,1987-01-13,1987-01-26,39944.03858472946,1987-01-11,1987-01-31,39346.526435793035,1987-01-13,1987-02-09,39097.445453808614,1987-01-11,1987-02-14,38862.1492510678,1987-01-14,1987-02-24,38807.941072123074,1987-01-11,1987-02-28,38629.60740678665,1987-01-04,1987-02-28,38452.06900976666,1986-11-28,1987-01-29,38363.27325053965,1986-12-07,1987-02-14,38346.05504571041,1986-12-11,1987-02-25,38317.64639212124,1986-12-06,1987-02-27
ECMWF,1988,0,145,1987-11-08,1988-03-31,42176.94957290479,1987-12-09,1987-12-09,40239.62627669202,1987-12-31,1988-01-06,39806.03522467643,1987-12-25,1988-01-07,39630.95805175141,1987-12-22,1988-01-11,39425.705948740135,1987-12-21,1988-01-17,39107.92485269892,1987-12-16,1988-01-19,39026.77530015574,1987-12-06,1988-01-16,38914.10453150538,1987-11-29,1988-01-16,38846.678152601664,1987-11-24,1988-01-18,38555.4328276936,1987-11-23,1988-01-24,38319.18400976093,1987-11-23,1988-01-31,38108.411446708546,1987-11-24,1988-02-08,38082.738430571764,1987-11-24,1988-02-15
ECMWF,1988,1,145,1987-11-08,1988-03-31,41314.50519064736,1987-12-03,1987-12-03,39481.106557045525,1987-11-28,1987-12-04,38873.65551572207,1987-11-25,1987-12-08,38213.63266307036,1988-01-04,1988-01-24,37853.891622148374,1987-12-26,1988-01-22,37781.75329569196,1987-12-21,1988-01-24,37626.841886827344,1987-12-16,1988-01-26,37668.106238505374,1987-11-27,1988-01-14,37814.938041260706,1987-11-27,1988-01-21,37773.31020539362,1987-11-25,1988-01-26,37601.38081804188,1987-11-24,1988-02-01,37514.44941000245,1987-11-11,1988-01-26,37415.698493903095,1987-11-24,1988-02-15
ECMWF,1988,2,145,1987-11-08,1988-03-31,42941.52782370201,1987-12-17,1987-12-17,41449.56858665052,1987-12-14,1987-12-20,40956.52146659966,1987-12-13,1987-12-26,40314.63666546924,1987-12-09,1987-12-29,39691.04974155064,1987-12-05,1988-01-01,39235.44991634936,1987-11-27,1987-12-31,39030.15025309959,1987-11-20,1987-12-31,38846.742213141944,1987-11-14,1988-01-01,38562.71623776335,1987-11-12,1988-01-06,38440.011475463914,1987-11-15,1988-01-16,38336.63183006982,1987-11-18,1988-01-26,38258.9255819654,1987-11-13,1988-01-28,38206.86156863636,1987-11-15,1988-02-06
ECMWF,1988,3,145,1987-11-08,1988-03-31,41409.29288561243,1987-12-02,1987-12-02,39496.739365898815,1987-11-29,1987-12-05,38850.33570748539,1987-11-29,1987-12-12,38495.215364901516,1987-11-24,1987-12-14,38174.39259609043,1987-11-23,1987-12-20,38103.42636229336,1987-11-10,1987-12-14,37948.43971735535,1987-11-10,1987-12-21,37932.26761522021,1987-11-29,1988-01-16,37891.01773128769,1987-11-24,1988-01-18,37837.30628665072,1987-11-14,1988-01-15,37815.96275670638,1987-11-10,1988-01-18,37698.61672075065,1987-11-10,1988-01-25,37641.47912819918,1987-11-28,1988-02-19
ECMWF,1988,4,145,1987-11-08,1988-03-31,43980.96278655794,1988-02-04,1988-02-04,42197.702311405046,1988-01-31,1988-02-06,41275.50464109443,1988-01-29,1988-02-11,40926.39802633573,1988-01-28,1988-02-17,40173.83520440007,1988-01-24,1988-02-20,40021.89967217859,1987-11-30,1988-01-03,39740.01835327315,1987-11-26,1988-01-06,39478.26663027209,1987-12-20,1988-02-06,39582.75333282194,1987-12-16,1988-02-09,39698.653883354855,1987-12-16,1988-02-16,39571.81678621222,1987-12-10,1988-02-17,39606.9624503506,1987-12-01,1988-02-15,39549.60245631587,1987-11-27,1988-02-18
ECMWF,1988,5,145,1987-11-08,1988-03-31,44098.780503051465,1987-12-31,1987-12-31,42079.60220867308,1987-12-27,1988-01-02,41756.65444876074,1987-12-29,1988-01-11,41675.044503865014,1987-12-25,1988-01-14,41471.107636188746,1987-12-20,1988-01-16,41114.18874496092,1987-12-12,1988-01-15,40894.75075324326,1987-12-07,1988-01-17,40614.93978439108,1987-12-02,1988-01-19,40367.15685601439,1987-11-27,1988-01-21,40072.85959077884,1987-11-27,1988-01-28,39894.99160808792,1987-12-11,1988-02-18,39824.28952336986,1987-12-04,1988-02-18,39752.08713170729,1987-11-27,1988-02-18
ECMWF,1988,6,145,1987-11-08,1988-03-31,44822.59707617878,1988-01-19,1988-01-19,43278.83259243312,1988-01-14,1988-01-20,43083.88950174325,1988-01-07,1988-01-20,42700.90500628772,1987-12-31,1988-01-20,42252.45353502093,1987-12-25,1988-01-21,42021.898912986886,1987-12-18,1988-01-21,41637.407200324466,1987-12-13,1988-01-23,41075.02388486014,1987-12-06,1988-01-23,40972.55554783657,1987-12-24,1988-02-17,40980.927479071404,1987-12-17,1988-02-17,40864.62199489194,1987-12-16,1988-02-23,40748.98137358423,1987-12-14,1988-02-28,40590.90393730049,1987-12-12,1988-03-04
ECMWF,1988,7,145,1987-11-08,1988-03-31,44001.050149104434,1988-03-03,1988-03-03,41366.11440217889,1988-02-27,1988-03-04,40303.99942774683,1988-02-23,1988-03-07,40299.152193643604,1988-02-13,1988-03-04,40075.98320977015,1988-02-09,1988-03-07,39883.59688236411,1988-01-30,1988-03-04,39791.81074242989,1988-01-23,1988-03-04,39641.95930669533,1988-01-22,1988-03-10,39496.812848654656,1988-01-09,1988-03-04,39412.2348490412,1988-01-07,1988-03-09,39206.089178618364,1988-01-05,1988-03-14,39011.33916496424,1988-01-07,1988-03-23,38908.67825236167,1987-12-20,1988-03-12
ECMWF,1988,8,145,1987-11-08,1988-03-31,44350.71453281446,1988-01-29,1988-01-29,42502.673556583075,1988-01-26,1988-02-01,41837.64116339665,1988-01-23,1988-02-05,41428.46262977653,1988-01-23,1988-02-12,41283.345300161905,1988-01-23,1988-02-19,41166.95454607979,1988-01-20,1988-02-23,40959.962553095225,1988-01-13,1988-02-23,40761.79084383901,1988-01-16,1988-03-04,40512.10591826879,1988-01-10,1988-03-05,40159.799500756824,1988-01-03,1988-03-05,40056.417092631644,1987-12-27,1988-03-05,39979.02920424328,1987-12-19,1988-03-04,39888.64818542417,1987-12-12,1988-03-04
ECMWF,1988,9,145,1987-11-08,1988-03-31,43067.48016365593,1988-01-04,1988-01-04,40685.58471572306,1987-12-30,1988-01-05,39759.05591408352,1988-01-23,1988-02-05,39347.58200006337,1988-01-17,1988-02-06,38947.84635330677,1988-01-20,1988-02-16,38961.89464872224,1988-01-01,1988-02-04,38963.93182712111,1987-12-30,1988-02-09,38811.743737235774,1987-12-30,1988-02-16,38658.10111930435,1987-12-25,1988-02-18,38552.46824599616,1987-12-18,1988-02-18,38430.01406570555,1987-12-12,1988-02-19,38254.675031350765,1987-12-05,1988-02-19,38164.248807846176,1987-11-28,1988-02-19
ECMWF,1988,10,145,1987-11-08,1988-03-31,40725.54155892848,1988-02-16,1988-02-16,39008.75112818305,1988-01-31,1988-02-06,38848.91973994938,1988-01-26,1988-02-08,38721.02198310792,1988-01-27,1988-02-16,38661.66318539868,1988-01-25,1988-02-21,38508.94442938743,1988-01-21,1988-02-24,38356.30132331228,1988-01-20,1988-03-01,38207.218309790056,1988-01-17,1988-03-05,38027.22801234845,1988-01-11,1988-03-06,37873.41185688133,1988-01-04,1988-03-06,37771.92396194231,1987-12-14,1988-02-21,37768.143806842614,1987-12-11,1988-02-25,37759.04793204716,1987-12-11,1988-03-03
ECMWF,1988,11,145,1987-11-08,1988-03-31,43147.79135889289,1988-01-19,1988-01-19,41429.08995879726,1988-01-15,1988-01-21,40896.64352333691,1988-01-14,1988-01-27,40256.028547118316,1988-01-07,1988-01-27,39681.042235394554,1988-01-07,1988-02-03,39399.06275934886,1988-01-07,1988-02-10,39140.92086548827,1987-12-27,1988-02-06,38966.25620756663,1987-12-26,1988-02-12,38996.646156133786,1987-12-03,1988-01-27,38889.626299497184,1987-12-01,1988-02-01,38825.7129848377,1987-12-01,1988-02-08,38727.514044121854,1987-11-29,1988-02-13,38552.03908509136,1987-11-27,1988-02-18
ECMWF,1988,12,145,1987-11-08,1988-03-31,42136.56216644389,1987-12-02,1987-12-02,40486.05812184752,1987-11-27,1987-12-03,39984.03566712444,1987-11-21,1987-12-04,39534.641875998255,1987-11-17,1987-12-07,38980.012534797956,1987-11-13,1987-12-10,38466.897604876875,1987-11-13,1987-12-17,38199.75975048157,1987-11-18,1987-12-29,38152.42867833634,1987-11-17,1988-01-04,38127.48962464592,1987-11-24,1988-01-18,38268.42290325264,1987-11-20,1988-01-21,38274.73044147128,1987-11-17,1988-01-25,38201.05985440974,1987-11-15,1988-01-30,38078.03436090398,1987-11-17,1988-02-08
ECMWF,1988,13,145,1987-11-08,1988-03-31,42469.59856147874,1987-12-17,1987-12-17,40347.94903600467,1987-12-12,1987-12-18,39189.04128230329,1987-12-07,1987-12-20,38610.08574017463,1987-12-03,1987-12-23,38136.92138876525,1987-12-04,1987-12-31,37946.309558742236,1987-12-02,1988-01-05,37722.7694637817,1987-12-03,1988-01-13,37692.16360496082,1987-12-03,1988-01-20,37685.90716212586,1987-12-07,1988-01-31,37665.90017987227,1987-12-03,1988-02-03,37644.596679294315,1987-12-03,1988-02-10,37530.80277165846,1987-11-28,1988-02-12,37379.71469301334,1987-11-20,1988-02-11
ECMWF,1988,14,145,1987-11-08,1988-03-31,41689.49674924887,1988-01-07,1988-01-07,39940.69553773639,1987-12-16,1987-12-22,39045.0651228995,1987-12-14,1987-12-27,38355.109905638565,1987-12-04,1987-12-24,38452.56540010317,1987-12-15,1988-01-11,38280.610140722034,1987-11-21,1987-12-25,38132.60975526365,1987-12-03,1988-01-13,38108.689028035595,1987-11-21,1988-01-08,38118.02041565249,1987-11-20,1988-01-14,38002.127351310985,1987-11-14,1988-01-15,37950.613647073544,1987-12-02,1988-02-09,37985.72410213719,1987-11-20,1988-02-04,37960.55385729808,1987-11-17,1988-02-08
ECMWF,1988,15,145,1987-11-08,1988-03-31,41519.0512060467,1988-02-04,1988-02-04,39844.459768564266,1988-02-04,1988-02-10,39624.95248251278,1988-02-03,1988-02-16,39265.61542122064,1988-01-27,1988-02-16,38897.142678324264,1988-01-23,1988-02-19,38656.97306316006,1988-01-13,1988-02-16,38488.15613104727,1988-01-07,1988-02-17,38355.43107076161,1988-01-14,1988-03-02,38268.51230536779,1988-01-07,1988-03-02,38175.69389876376,1988-01-18,1988-03-20,38148.748059683356,1988-01-11,1988-03-20,38053.344187501796,1988-01-07,1988-03-23,37990.24186376427,1987-12-10,1988-03-02
ECMWF,1988,16,145,1987-11-08,1988-03-31,41275.049648719294,1988-03-01,1988-03-01,39378.50041639832,1988-03-01,1988-03-07,38975.20379955595,1988-02-26,1988-03-10,38575.38410553729,1988-02-19,1988-03-10,38287.71523112059,1988-02-14,1988-03-12,37826.65302365044,1988-02-08,1988-03-13,37511.020246702356,1988-01-29,1988-03-10,37335.053144928046,1988-01-24,1988-03-12,37207.58019387273,1987-11-10,1988-01-04,37159.32888784676,1987-11-11,1988-01-12,37070.52195709977,1987-11-11,1988-01-19,37022.059573438484,1987-12-25,1988-03-10,37068.64796824082,1987-12-19,1988-03-11
ECMWF,1988,17,145,1987-11-08,1988-03-31,44680.66280548106,1988-01-06,1988-01-06,42844.22894488295,1987-12-31,1988-01-06,42452.48519243337,1987-12-25,1988-01-07,41929.008191063476,1987-12-22,1988-01-11,41343.11222295014,1987-12-12,1988-01-08,41293.36764319981,1987-12-04,1988-01-07,41109.54475919112,1987-12-01,1988-01-11,40876.763829857846,1987-11-24,1988-01-11,40629.501557594565,1987-11-18,1988-01-12,40255.589240482295,1987-11-18,1988-01-19,39989.13798753539,1987-11-18,1988-01-26,39983.8095139009,1987-12-04,1988-02-18,39967.79851168272,1987-11-30,1988-02-21
ECMWF,1988,18,145,1987-11-08,1988-03-31,41119.56800768616,1988-02-11,1988-02-11,38861.04186699078,1988-02-06,1988-02-12,38286.31172036975,1988-02-02,1988-02-15,38014.34110656034,1988-01-23,1988-02-12,37993.334009364255,1988-02-03,1988-03-01,37827.18412455391,1988-01-28,1988-03-02,37799.3425111004,1988-01-21,1988-03-02,37703.291675140674,1988-01-17,1988-03-05,37639.0410667119,1988-01-07,1988-03-02,37645.555290918914,1987-12-31,1988-03-02,37635.30650673349,1987-12-26,1988-03-04,37558.95124489776,1987-12-16,1988-03-01,37593.84183451945,1987-12-10,1988-03-02
ECMWF,1988,19,145,1987-11-08,1988-03-31,46042.00311040996,1988-01-27,1988-01-27,44114.353066922566,1988-01-22,1988-01-28,43715.671848583515,1988-01-18,1988-01-31,43055.14284117933,1988-01-11,1988-01-31,42257.71001071843,1988-01-07,1988-02-03,41430.0884793565,1988-01-02,1988-02-05,40837.67425012443,1988-01-07,1988-02-17,40414.41290119564,1988-01-01,1988-02-18,40204.39385324995,1987-12-11,1988-02-04,39917.85363076409,1987-12-05,1988-02-05,39757.93100402295,1987-12-10,1988-02-17,39550.13992772487,1987-12-03,1988-02-17,39350.951228299695,1987-11-24,1988-02-15
ECMWF,1988,20,145,1987-11-08,1988-03-31,42560.08314073387,1988-02-11,1988-02-11,40328.52843388758,1988-02-08,1988-02-14,40013.63299241337,1988-02-10,1988-02-23,39657.86346780177,1988-02-07,1988-02-27,39414.462742515585,1988-02-07,1988-03-05,39199.05043636145,1988-01-30,1988-03-04,38989.639071443286,1988-01-24,1988-03-05,38868.76476900932,1988-01-17,1988-03-05,38725.061547010264,1988-01-14,1988-03-09,38459.76335186377,1988-01-11,1988-03-13,38438.80583418931,1987-12-26,1988-03-04,38398.32788954897,1987-12-23,1988-03-08,38350.47252840549,1987-12-13,1988-03-05
ECMWF,1988,21,145,1987-11-08,1988-03-31,43249.992463651826,1988-01-15,1988-01-15,40948.48633002835,1988-01-12,1988-01-18,40664.587332829586,1988-01-13,1988-01-26,40443.418354618305,1988-01-09,1988-01-29,40020.013097717296,1988-01-08,1988-02-04,39834.09239851529,1988-01-07,1988-02-10,39411.21791723125,1988-01-03,1988-02-13,39056.85722057577,1988-01-07,1988-02-24,38958.52788995267,1988-01-06,1988-03-01,38790.94425710897,1988-01-04,1988-03-06,38620.9886982746,1988-01-07,1988-03-16,38508.016770271875,1988-01-04,1988-03-20,38372.89805508078,1987-12-30,1988-03-22
ECMWF,1988,22,145,1987-11-08,1988-03-31,42965.30099299026,1988-02-24,1988-02-24,40853.30134790223,1988-02-21,1988-02-27,40145.538661047955,1988-02-16,1988-02-29,39429.21164183306,1988-02-09,1988-02-29,39392.78281235717,1988-02-01,1988-02-28,39125.36788472219,1988-01-28,1988-03-02,38756.60072851869,1988-01-26,1988-03-07,38627.791268864275,1988-01-28,1988-03-16,38370.86872787287,1988-01-27,1988-03-22,38128.93335925988,1988-01-23,1988-03-25,38050.05357197708,1987-12-22,1988-02-29,38004.621952518,1987-12-16,1988-03-01,38031.66902528527,1987-12-07,1988-02-28
ECMWF,1988,23,145,1987-11-08,1988-03-31,42269.02840629666,1988-01-21,1988-01-21,40271.15129032907,1988-01-18,1988-01-24,39929.09258929838,1988-01-16,1988-01-29,39463.24509730867,1988-01-09,1988-01-29,38948.118388829855,1988-01-04,1988-01-31,38799.77322821016,1988-01-12,1988-02-15,38702.25797351574,1988-01-07,1988-02-17,38692.27836199889,1988-01-16,1988-03-04,38743.947540100045,1988-01-15,1988-03-10,38717.930212542175,1988-01-09,1988-03-11,38579.387473157854,1988-01-03,1988-03-12,38400.084144167085,1987-12-29,1988-03-14,38211.53769782263,1987-12-22,1988-03-14
ECMWF,1988,24,145,1987-11-08,1988-03-31,42457.49974173995,1987-11-25,1987-11-25,40569.881331305296,1987-11-20,1987-11-26,40006.94060284609,1987-11-16,1987-11-29,39506.75856383591,1987-12-28,1988-01-17,39498.13121718614,1987-12-29,1988-01-25,39321.31099655468,1987-12-25,1988-01-28,39234.20542864001,1987-12-29,1988-02-08,39118.726168423964,1987-12-24,1988-02-10,38954.54603658392,1987-12-17,1988-02-10,38858.988328651205,1987-12-13,1988-02-13,38839.18737647789,1987-11-18,1988-01-26,38840.30664988489,1987-11-13,1988-01-28,38815.84966091759,1987-11-18,1988-02-09
ECMWF,1989,0,144,1988-11-08,1989-03-31,45978.65864151025,1989-01-18,1989-01-18,43635.40062756864,1989-01-17,1989-01-23,43022.315212418216,1989-01-10,1989-01-23,42514.25355494479,1989-01-03,1989-01-23,42087.4097708618,1988-12-29,1989-01-25,41508.74983419993,1988-12-24,1989-01-27,41229.6999935402,1988-12-14,1989-01-24,40983.41562327995,1988-12-10,1989-01-27,40645.58940400437,1988-12-10,1989-02-03,40298.45204019853,1988-12-09,1989-02-09,40019.94448791704,1988-12-10,1989-02-17,39855.39825165051,1988-12-23,1989-03-09,39869.62518704657,1988-12-14,1989-03-07
ECMWF,1989,1,144,1988-11-08,1989-03-31,43365.62932393253,1989-01-11,1989-01-11,41354.16993198418,1989-01-09,1989-01-15,39969.47668098746,1989-01-02,1989-01-15,40002.26470102562,1988-12-27,1989-01-16,39796.34373360338,1988-12-20,1989-01-16,39713.655002911924,1988-12-13,1989-01-16,39392.267059941645,1988-12-12,1989-01-22,39108.201267892255,1988-12-03,1989-01-20,38893.34299881739,1988-12-02,1989-01-26,38681.41081507999,1988-11-26,1989-01-27,38550.818191675266,1988-12-12,1989-02-19,38440.197417242365,1988-12-12,1989-02-26,38355.26024782138,1988-12-03,1989-02-24
ECMWF,1989,2,144,1988-11-08,1989-03-31,43828.97853367222,1988-12-28,1988-12-28,41283.95333447695,1988-12-23,1988-12-29,40502.51711100063,1988-12-21,1989-01-03,39922.777868772464,1988-12-09,1988-12-29,39870.4507349957,1988-12-04,1988-12-31,39739.677979913045,1988-11-30,1989-01-03,39567.13378084457,1988-11-26,1989-01-06,39488.586851363856,1988-11-15,1989-01-02,39405.39686007057,1988-11-11,1989-01-05,39281.82748071575,1988-11-20,1989-01-21,39261.26976825081,1988-11-13,1989-01-21,39171.341174980145,1988-11-09,1989-01-24,39039.31661576353,1988-11-12,1989-02-03
ECMWF,1989,3,144,1988-11-08,1989-03-31,43160.80583403156,1989-01-31,1989-01-31,41213.710567434566,1989-01-27,1989-02-02,40212.22003436139,1989-01-24,1989-02-06,39625.49717965763,1989-01-17,1989-02-06,39273.364443637016,1989-01-09,1989-02-05,39406.175307222446,1988-12-30,1989-02-02,39433.82141647052,1988-12-27,1989-02-06,39380.19007046304,1988-12-19,1989-02-05,39243.79563016896,1988-12-13,1989-02-06,39197.405008223825,1988-12-06,1989-02-06,39060.510767382046,1988-12-04,1989-02-11,39002.731453313136,1988-12-04,1989-02-18,38925.57258843143,1988-11-17,1989-02-08
ECMWF,1989,4,144,1988-11-08,1989-03-31,40543.59675866362,1988-12-22,1988-12-22,38711.497847866274,1988-12-21,1988-12-27,38404.96572926113,1988-12-22,1989-01-04,38421.54497308523,1988-12-22,1989-01-11,38161.89880555489,1988-12-19,1989-01-15,37832.81349831833,1988-12-16,1989-01-19,37663.89373816001,1988-12-19,1989-01-29,37539.60750637029,1988-12-21,1989-02-07,37514.123989775624,1988-12-21,1989-02-14,37501.21922563588,1988-12-22,1989-02-22,37447.3847729258,1988-12-17,1989-02-24,37330.955557261594,1988-12-10,1989-02-24,37191.56857256381,1988-12-05,1989-02-26
ECMWF,1989,5,144,1988-11-08,1989-03-31,41808.65191188723,1989-01-12,1989-01-12,39921.65264696036,1989-01-09,1989-01-15,39207.33427163797,1989-01-05,1989-01-18,38841.56975849207,1988-12-30,1989-01-19,38851.13349649269,1989-01-08,1989-02-04,38730.08132250031,1988-12-31,1989-02-03,38453.15911899602,1988-12-29,1989-02-08,38116.51923527713,1988-12-30,1989-02-16,37832.296719340135,1988-12-30,1989-02-23,37667.74032096455,1988-12-29,1989-03-01,37477.72999786975,1988-12-28,1989-03-07,37283.199170002845,1988-11-25,1989-02-09,37189.055267217154,1988-11-26,1989-02-17
ECMWF,1989,6,144,1988-11-08,1989-03-31,43104.695580083506,1989-01-03,1989-01-03,41363.677088125165,1989-01-02,1989-01-08,41117.01019025174,1988-12-30,1989-01-12,40518.608798938876,1988-12-23,1989-01-12,40522.677287804996,1988-12-16,1989-01-12,40414.29731109591,1988-12-10,1989-01-13,40122.79150858246,1988-12-07,1989-01-17,39996.178625182474,1988-12-08,1989-01-25,39844.64559138421,1988-12-07,1989-01-31,39607.42731149357,1988-12-13,1989-02-13,39567.27942595782,1988-12-07,1989-02-14,39452.18811714758,1988-12-07,1989-02-21,39262.443263570836,1988-12-05,1989-02-26
ECMWF,1989,7,144,1988-11-08,1989-03-31,41521.61063475893,1988-12-15,1988-12-15,38813.81478073169,1989-01-02,1989-01-08,38401.38003066439,1989-01-04,1989-01-17,38129.08552237366,1989-01-01,1989-01-21,37906.32090001851,1989-01-02,1989-01-29,37926.83620580448,1989-01-04,1989-02-07,37934.64507062726,1989-01-02,1989-02-12,37823.669043367554,1988-12-27,1989-02-13,37787.12743109914,1988-12-13,1989-02-06,37806.64637668032,1988-12-12,1989-02-12,37714.75708345499,1988-12-08,1989-02-15,37713.170647316714,1988-11-29,1989-02-13,37690.33819843245,1988-11-22,1989-02-13
ECMWF,1989,8,144,1988-11-08,1989-03-31,42706.007120564725,1989-02-07,1989-02-07,41154.592628631974,1988-12-22,1988-12-28,40306.08160836859,1988-12-15,1988-12-28,40096.771287834745,1988-12-08,1988-12-28,39802.40528143551,1988-12-07,1989-01-03,39438.60703101842,1988-12-16,1989-01-19,39472.742611738446,1988-12-10,1989-01-20,39383.22284841556,1988-12-06,1989-01-23,39187.68183518985,1988-12-04,1989-01-28,39140.58033066272,1988-12-08,1989-02-08,39099.54004007831,1988-12-06,1989-02-13,38972.65280278501,1988-11-30,1989-02-14,38889.620272048676,1988-11-23,1989-02-14
ECMWF,1989,9,144,1988-11-08,1989-03-31,43286.734884071135,1988-12-20,1988-12-20,40740.575620819014,1988-12-16,1988-12-22,40240.96844875092,1988-12-13,1988-12-26,39559.01470263096,1988-12-10,1988-12-30,39219.37987247661,1988-12-12,1989-01-08,38991.84223889521,1988-12-12,1989-01-15,38974.22650410847,1988-12-12,1989-01-22,38876.9808110092,1988-12-09,1989-01-26,38698.996224038696,1988-12-01,1989-01-25,38532.17226544149,1988-11-28,1989-01-29,38334.33629720153,1988-11-24,1989-02-01,38162.48336427309,1988-11-28,1989-02-12,38076.5815708739,1988-12-01,1989-02-22
ECMWF,1989,10,144,1988-11-08,1989-03-31,41448.47392882232,1989-01-11,1989-01-11,39695.55578274209,1989-01-10,1989-01-16,38984.519071109484,1989-01-08,1989-01-21,38888.81719241745,1989-01-29,1989-02-18,38910.12025036341,1989-01-09,1989-02-05,38822.40959841014,1989-01-09,1989-02-12,38810.10044505155,1989-01-08,1989-02-18,38633.77860294631,1989-01-02,1989-02-19,38465.93285350648,1988-12-31,1989-02-24,38291.48291377839,1988-12-28,1989-02-28,38138.53630972027,1989-01-01,1989-03-11,38056.07741133534,1989-01-01,1989-03-18,37950.30432186696,1988-12-29,1989-03-22
ECMWF,1989,11,144,1988-11-08,1989-03-31,41827.30987912803,1989-01-04,1989-01-04,40232.57673266051,1988-12-31,1989-01-06,39828.85655717093,1988-12-27,1989-01-09,39626.251163204535,1988-12-27,1989-01-16,39407.49523535449,1988-12-25,1989-01-21,39150.39402060635,1988-12-25,1989-01-28,38924.0716599896,1988-12-24,1989-02-03,38707.14410087724,1988-12-20,1989-02-06,38582.19485951814,1988-12-26,1989-02-19,38459.20637010835,1988-12-20,1989-02-20,38385.57415642938,1988-11-26,1989-02-03,38364.15328012404,1988-12-24,1989-03-10,38258.334505755105,1988-12-19,1989-03-12
ECMWF,1989,12,144,1988-11-08,1989-03-31,43770.05173051282,1989-01-19,1989-01-19,41449.8599037781,1989-01-16,1989-01-22,41341.49496621049,1989-01-08,1989-01-21,40943.12034678521,1989-01-07,1989-01-27,40464.62293171774,1989-01-02,1989-01-29,40234.13580645122,1988-12-24,1989-01-27,40007.57321608117,1988-12-19,1989-01-29,40029.47501378966,1988-12-06,1989-01-23,39991.47679626708,1988-12-05,1989-01-29,39717.67945531171,1988-12-05,1989-02-05,39536.386666780454,1988-12-04,1989-02-11,39416.14067115714,1988-12-06,1989-02-20,39333.75111301789,1988-12-05,1989-02-26
ECMWF,1989,13,144,1988-11-08,1989-03-31,43405.41961883787,1989-01-11,1989-01-11,41333.87509836563,1989-01-08,1989-01-14,40463.25292067773,1989-01-05,1989-01-18,39973.942274726425,1988-12-28,1989-01-17,39565.69381843193,1988-12-23,1989-01-19,39538.60322364925,1988-12-11,1989-01-14,39584.40943851697,1988-12-07,1989-01-17,39432.09540070059,1988-12-02,1989-01-19,39231.84119278596,1988-11-29,1989-01-23,38987.37559697687,1988-11-29,1989-01-30,38753.55709364407,1988-11-29,1989-02-06,38561.33496101834,1988-12-02,1989-02-16,38437.92687348231,1988-11-28,1989-02-19
ECMWF,1989,14,144,1988-11-08,1989-03-31,41102.60500106354,1989-01-04,1989-01-04,39225.221474068974,1988-12-31,1989-01-06,38808.649988452504,1988-12-25,1989-01-07,38583.88816705323,1988-12-17,1989-01-06,38556.986102581046,1988-12-11,1989-01-07,38347.45893951934,1988-12-11,1989-01-14,38206.938663663386,1988-12-11,1989-01-21,38009.176372056594,1988-12-11,1989-01-28,37865.73714367208,1988-12-09,1989-02-02,37709.79794730016,1988-12-11,1989-02-11,37774.54743803161,1988-12-12,1989-02-19,37739.27942450498,1988-12-09,1989-02-23,37711.20306514208,1988-12-11,1989-03-04
ECMWF,1989,15,144,1988-11-08,1989-03-31,41245.22016622779,1989-01-05,1989-01-05,38688.830072302895,1989-01-01,1989-01-07,38240.87651611709,1989-01-03,1989-01-16,38022.89123637771,1988-12-30,1989-01-19,37870.70842117156,1988-12-30,1989-01-26,37674.982091676306,1988-12-29,1989-02-01,37516.95286815008,1988-12-22,1989-02-01,37440.769911257026,1988-12-15,1989-02-01,37343.92103715461,1988-12-30,1989-02-23,37391.0843195071,1989-01-01,1989-03-04,37447.03295821165,1988-12-31,1989-03-10,37398.33383974653,1988-12-25,1989-03-11,37341.387019294045,1988-12-17,1989-03-10
ECMWF,1989,16,144,1988-11-08,1989-03-31,41593.37485180928,1989-01-12,1989-01-12,39430.763418376955,1989-01-09,1989-01-15,38720.773576593514,1989-01-07,1989-01-20,38253.03694478291,1989-02-02,1989-02-22,37998.12554401532,1988-12-23,1989-01-19,37940.4454537332,1989-01-09,1989-02-12,38031.54114119734,1989-01-08,1989-02-18,37940.388373388225,1989-01-07,1989-02-24,37860.68361169692,1988-12-27,1989-02-20,37789.72643478811,1988-12-26,1989-02-26,37745.18741593958,1988-12-16,1989-02-23,37681.383500869626,1988-12-16,1989-03-02,37567.61291217727,1988-12-11,1989-03-04
ECMWF,1989,17,144,1988-11-08,1989-03-31,43359.527412104886,1989-01-09,1989-01-09,40931.19920230522,1988-12-24,1988-12-30,40105.494679750016,1988-12-27,1989-01-09,40046.81735506968,1988-12-23,1989-01-12,39593.891393887556,1988-12-18,1989-01-14,39419.23484309097,1988-12-26,1989-01-29,39489.576792974454,1988-12-23,1989-02-02,39318.05665006826,1988-12-20,1989-02-06,39235.05136805201,1988-12-23,1989-02-16,39156.421139361635,1988-12-03,1989-02-03,39061.922194536695,1988-12-09,1989-02-16,39030.74432028108,1988-12-06,1989-02-20,38954.744861175546,1988-12-02,1989-02-23
ECMWF,1989,18,144,1988-11-08,1989-03-31,41808.77959867129,1989-01-17,1989-01-17,39145.26005955372,1989-01-13,1989-01-19,38659.59901780962,1989-01-14,1989-01-27,38348.905646454725,1989-01-14,1989-02-03,38224.79260412801,1989-01-14,1989-02-10,38058.88766670375,1988-12-25,1989-01-28,38053.894341379804,1988-12-19,1989-01-29,38001.55925982724,1988-12-19,1989-02-05,37978.239120201615,1988-12-18,1989-02-11,37902.18608365307,1988-12-11,1989-02-11,37842.520689521734,1988-12-16,1989-02-23,37773.21628391169,1988-12-11,1989-02-25,37705.79683365395,1988-12-16,1989-03-09
ECMWF,1989,19,144,1988-11-08,1989-03-31,40734.39998413911,1989-03-02,1989-03-02,38911.94238987372,1988-12-22,1988-12-28,38619.6980818348,1988-12-17,1988-12-30,38304.04158074387,1989-02-25,1989-03-17,38102.04042502591,1989-02-25,1989-03-24,37931.04573708044,1989-02-09,1989-03-15,37859.28078988475,1989-02-09,1989-03-22,37784.86171072725,1989-02-05,1989-03-25,37705.115396321286,1989-01-26,1989-03-22,37649.3565736489,1989-01-24,1989-03-27,37536.816548762596,1989-01-07,1989-03-17,37566.39277853752,1988-12-23,1989-03-09,37641.31887644661,1988-12-17,1989-03-10
ECMWF,1989,20,144,1988-11-08,1989-03-31,40977.36854367997,1989-01-03,1989-01-03,39420.757040809876,1988-12-30,1989-01-05,39009.33423716203,1988-12-31,1989-01-13,38693.157396377545,1988-12-27,1989-01-16,38548.98040603322,1988-12-30,1989-01-26,38351.740231609714,1988-12-25,1989-01-28,38180.162400010864,1988-12-06,1989-01-16,38127.93339050152,1988-12-06,1989-01-23,38102.23585229234,1988-12-03,1989-01-27,37951.43578634912,1988-11-30,1989-01-31,37811.44843501474,1988-11-19,1989-01-27,37717.49210233473,1988-11-17,1989-02-01,37587.62386378153,1988-11-16,1989-02-07
ECMWF,1989,21,144,1988-11-08,1989-03-31,43637.89955847702,1989-01-24,1989-01-24,41043.87988176412,1989-01-20,1989-01-26,40382.19359494992,1989-01-13,1989-01-26,40002.56336911476,1989-01-08,1989-01-28,39306.651106085905,1989-01-04,1989-01-31,39019.18121704241,1988-12-26,1989-01-29,38951.86781251318,1988-12-16,1989-01-26,39054.25671783849,1988-12-10,1989-01-27,38986.989035812745,1988-12-06,1989-01-30,38809.32058675849,1988-12-01,1989-02-01,38583.66280081544,1988-11-26,1989-02-03,38423.84986131434,1988-11-16,1989-01-31,38265.633431233546,1988-12-01,1989-02-22
ECMWF,1989,22,144,1988-11-08,1989-03-31,45309.324688852634,1988-12-29,1988-12-29,43076.69568222806,1988-12-23,1988-12-29,42777.124254790586,1988-12-16,1988-12-29,42177.86748771038,1988-12-10,1988-12-30,41680.0537658606,1988-12-03,1988-12-30,41323.88191871132,1988-11-26,1988-12-30,40980.27231778776,1988-12-14,1989-01-24,40964.97669902409,1988-12-08,1989-01-25,40994.05159388499,1988-12-17,1989-02-10,40994.399785940725,1988-12-10,1989-02-10,40913.621067377775,1988-12-03,1989-02-10,40821.40047308109,1988-11-26,1989-02-10,40604.997228207205,1988-11-22,1989-02-13
ECMWF,1989,23,144,1988-11-08,1989-03-31,41090.64449869958,1989-03-08,1989-03-08,39058.87155518964,1989-01-27,1989-02-02,38659.29406395142,1989-03-06,1989-03-19,38534.25227909909,1989-01-14,1989-02-03,38348.01647016564,1989-01-13,1989-02-09,38281.893196710735,1989-01-13,1989-02-16,38163.90899522222,1989-01-13,1989-02-23,38105.59857384149,1989-01-29,1989-03-18,38123.824089888825,1989-01-23,1989-03-19,38146.696186933485,1989-01-15,1989-03-18,38121.72810453382,1989-01-13,1989-03-23,38031.93379455823,1989-01-09,1989-03-26,38004.35818204439,1988-12-27,1989-03-20
ECMWF,1989,24,144,1988-11-08,1989-03-31,44250.1588856774,1988-12-20,1988-12-20,42190.89516990199,1988-12-17,1988-12-23,41818.422714471126,1988-12-16,1988-12-29,41332.31631978042,1988-12-12,1989-01-01,40802.2285431034,1988-12-10,1989-01-06,40510.71818946449,1988-12-11,1989-01-14,40266.532488365854,1988-12-08,1989-01-18,39900.519766946054,1988-12-05,1989-01-22,39607.72388313151,1988-12-11,1989-02-04,39683.69407655243,1988-12-14,1989-02-14,39695.64506270829,1988-12-09,1989-02-16,39668.05851967216,1988-12-10,1989-02-24,39602.89518343294,1988-12-09,1989-03-02
ECMWF,1990,0,144,1989-11-08,1990-03-31,43895.98212388178,1990-01-30,1990-01-30,42052.82327808547,1990-01-28,1990-02-03,40726.72764243086,1990-01-24,1990-02-06,40119.27244516967,1990-01-19,1990-02-08,39676.49380249726,1990-01-13,1990-02-09,39441.569880409144,1990-01-06,1990-02-09,39172.86275026078,1990-01-02,1990-02-12,39024.276730177735,1989-12-18,1990-02-04,38994.41214618312,1989-12-16,1990-02-09,38919.21556017782,1989-12-07,1990-02-07,38876.168048241954,1989-12-02,1990-02-09,38788.69677469845,1989-11-29,1990-02-13,38668.36113890802,1989-11-22,1990-02-13
ECMWF,1990,1,144,1989-11-08,1990-03-31,42266.63496225846,1990-01-25,1990-01-25,40443.678461450145,1990-01-22,1990-01-28,39913.34348358322,1990-01-15,1990-01-28,39554.13574454529,1990-01-11,1990-01-31,39066.62264665796,1990-01-08,1990-02-04,38905.47815234655,1989-12-25,1990-01-28,38811.33919132028,1989-12-23,1990-02-02,38529.18213120882,1989-12-22,1990-02-08,38281.69358801136,1989-12-26,1990-02-19,38276.21515304162,1989-12-23,1990-02-23,38088.06922383137,1989-12-22,1990-03-01,37882.15297499091,1989-12-21,1990-03-07,37727.54257732922,1989-12-22,1990-03-15
ECMWF,1990,2,144,1989-11-08,1990-03-31,42026.77816203474,1990-02-20,1990-02-20,39860.84723832384,1990-03-03,1990-03-09,39345.60980339105,1990-02-27,1990-03-12,39234.77696583903,1990-02-18,1990-03-10,38950.69676798327,1990-02-13,1990-03-12,38705.43416997691,1990-02-16,1990-03-22,38647.72345975404,1990-01-28,1990-03-10,38539.90374730587,1990-01-26,1990-03-15,38455.8938843893,1990-01-27,1990-03-23,38331.126617724985,1990-01-21,1990-03-24,38154.64578660704,1990-01-16,1990-03-26,38021.25753716764,1990-01-04,1990-03-21,38008.43438662908,1989-12-31,1990-03-24
ECMWF,1990,3,144,1989-11-08,1990-03-31,41467.25566110364,1990-02-28,1990-02-28,39433.37890533783,1990-02-22,1990-02-28,38880.25403406605,1989-11-22,1989-12-05,38590.87842220244,1990-02-09,1990-03-01,38216.76354395067,1990-02-08,1990-03-07,38110.92052272883,1989-11-19,1989-12-23,38007.2428673199,1989-11-14,1989-12-25,37757.159000589454,1989-11-08,1989-12-26,37768.087749783575,1989-11-21,1990-01-15,37764.060773901285,1989-11-14,1990-01-15,37629.120145787456,1989-11-13,1990-01-21,37590.85918284901,1989-11-14,1990-01-29,37532.521432424976,1989-12-14,1990-03-07
ECMWF,1990,4,144,1989-11-08,1990-03-31,42487.45213590389,1990-01-30,1990-01-30,40919.81123486522,1990-01-27,1990-02-02,40337.04064901238,1990-01-25,1990-02-07,40068.93705226245,1990-02-24,1990-03-16,39919.80373587814,1990-02-17,1990-03-16,39632.460534242964,1990-01-25,1990-02-28,39743.57111794837,1990-01-24,1990-03-06,39810.864947490794,1990-01-25,1990-03-14,39695.016868208586,1990-01-23,1990-03-19,39389.18201342995,1990-01-23,1990-03-26,39186.75294955577,1990-01-21,1990-03-31,38927.4954840389,1990-01-02,1990-03-19,38803.79574119074,1990-01-07,1990-03-31
ECMWF,1990,5,144,1989-11-08,1990-03-31,41816.7930109704,1990-02-14,1990-02-14,40041.52536824299,1989-12-21,1989-12-27,39144.80885811685,1990-02-11,1990-02-24,38768.71021587304,1989-12-07,1989-12-27,38801.00558806771,1989-12-01,1989-12-28,38414.094378923735,1989-11-30,1990-01-03,38244.783735024546,1989-11-30,1990-01-10,38039.27680263232,1989-11-28,1990-01-15,37950.132826278255,1989-11-30,1990-01-24,37826.45298089555,1989-11-30,1990-01-31,37878.54321298293,1989-12-17,1990-02-24,37848.62354065805,1989-12-02,1990-02-16,37969.7797168218,1989-12-02,1990-02-23
ECMWF,1990,6,144,1989-11-08,1990-03-31,42657.7717834779,1989-12-26,1989-12-26,40420.76185446428,1989-12-24,1989-12-30,39629.344767552415,1989-12-23,1990-01-05,39433.11168936362,1989-12-25,1990-01-14,39500.39342392661,1989-12-24,1990-01-20,39237.42427278649,1989-12-20,1990-01-23,38982.350595494456,1989-12-20,1990-01-30,38774.078230279585,1989-12-12,1990-01-29,38603.327393265856,1989-12-06,1990-01-30,38489.75261909951,1989-12-23,1990-02-23,38412.65195070856,1989-12-18,1990-02-25,38373.140132288405,1989-12-10,1990-02-24,38246.31723674258,1989-12-06,1990-02-27
ECMWF,1990,7,144,1989-11-08,1990-03-31,43237.11342383464,1989-12-28,1989-12-28,41258.95625606707,1990-01-11,1990-01-17,41061.864384542,1990-01-07,1990-01-20,40881.80657843585,1989-12-28,1990-01-17,40834.794061847664,1989-12-24,1990-01-20,40381.380687179684,1989-12-23,1990-01-26,40144.088125161055,1989-12-23,1990-02-02,39827.35699029209,1989-12-20,1990-02-06,39492.26288324269,1989-12-16,1990-02-09,39290.389537932475,1989-12-24,1990-02-24,39116.32712067295,1989-12-18,1990-02-25,38896.73427703851,1989-12-13,1990-02-27,38739.358459822644,1989-12-20,1990-03-13
ECMWF,1990,8,144,1989-11-08,1990-03-31,44090.01719979506,1990-01-09,1990-01-09,42121.0723590089,1990-01-07,1990-01-13,41693.907001474014,1990-01-02,1990-01-15,41394.08488812422,1989-12-24,1990-01-13,41262.22010286245,1989-12-17,1990-01-13,41200.20579845006,1989-12-11,1990-01-14,40997.03293775119,1989-12-07,1990-01-17,40904.68521863867,1989-11-29,1990-01-16,40703.2642652516,1989-11-25,1990-01-19,40375.17672447774,1989-11-19,1990-01-20,39995.21765423433,1989-11-21,1990-01-29,39710.80854136641,1989-11-20,1990-02-04,39506.43773963429,1989-11-21,1990-02-12
ECMWF,1990,9,144,1989-11-08,1990-03-31,39850.86606158649,1990-02-08,1990-02-08,38141.48705592571,1989-11-23,1989-11-29,37945.07620430297,1989-11-22,1989-12-05,37668.575403371826,1989-11-19,1989-12-09,37481.03332976358,1989-11-22,1989-12-19,37578.74085386965,1989-11-22,1989-12-26,37508.84115482854,1989-11-20,1989-12-31,37474.77116108242,1989-11-20,1990-01-07,37465.420567183064,1989-11-22,1990-01-16,37449.42549620464,1989-11-19,1990-01-20,37326.370678594125,1989-11-13,1990-01-21,37236.814866865105,1989-11-24,1990-02-08,37285.35594021662,1989-11-21,1990-02-12
ECMWF,1990,10,144,1989-11-08,1990-03-31,43142.41280667515,1989-12-26,1989-12-26,41433.4360422011,1989-12-23,1989-12-29,40870.420174140934,1989-12-16,1989-12-29,40209.35760682441,1989-12-13,1990-01-02,39811.93834842798,1989-12-03,1989-12-30,39680.594071118285,1989-11-29,1990-01-02,39318.92102165384,1989-11-28,1990-01-08,39015.06366433245,1989-11-28,1990-01-15,38711.40355477307,1989-11-23,1990-01-17,38639.12230969091,1989-12-05,1990-02-05,38706.83758254832,1989-11-29,1990-02-06,38612.584191233684,1989-11-29,1990-02-13,38515.92531778186,1989-11-27,1990-02-18
ECMWF,1990,11,144,1989-11-08,1990-03-31,42601.1415720569,1990-01-15,1990-01-15,40341.839980201075,1990-01-10,1990-01-16,39379.31062148313,1990-01-04,1990-01-17,38947.76288728771,1989-12-29,1990-01-18,38459.463854098576,1989-12-30,1990-01-26,38165.17186363171,1989-12-29,1990-02-01,37941.75818884067,1989-12-29,1990-02-08,37699.774706145574,1989-12-22,1990-02-08,37567.15088629661,1989-12-15,1990-02-08,37418.480513825205,1989-12-28,1990-02-28,37350.61322413,1989-11-20,1990-01-28,37287.999560027594,1989-11-20,1990-02-04,37219.749785245804,1989-11-17,1990-02-08
ECMWF,1990,12,144,1989-11-08,1990-03-31,41237.16849913888,1989-12-19,1989-12-19,39999.26397769707,1989-12-14,1989-12-20,39249.933637069815,1990-01-26,1990-02-08,39095.246597060526,1989-12-13,1990-01-02,38750.892081560836,1989-12-12,1990-01-08,38609.329208843,1989-12-12,1990-01-15,38489.36180526293,1989-12-29,1990-02-08,38526.851804332975,1989-12-13,1990-01-30,38644.832439084945,1989-12-14,1990-02-07,38605.99901223757,1989-12-12,1990-02-12,38495.79170947554,1989-12-12,1990-02-19,38395.94468874993,1989-12-08,1990-02-22,38239.42299602001,1989-12-01,1990-02-22
ECMWF,1990,13,144,1989-11-08,1990-03-31,42321.99600345783,1989-12-12,1989-12-12,40142.726884469426,1989-12-08,1989-12-14,39868.07936663647,1989-12-06,1989-12-19,39752.02042960705,1989-12-11,1989-12-31,39620.77755236077,1989-12-05,1990-01-01,39299.14616019721,1989-12-02,1990-01-05,39159.0399694071,1989-12-05,1990-01-15,39047.355758851976,1989-12-02,1990-01-19,38856.74725237489,1989-12-01,1990-01-25,38703.06003442747,1989-12-02,1990-02-02,38515.67577440164,1989-11-29,1990-02-06,38377.72970234734,1989-12-02,1990-02-16,38320.590932766594,1989-12-02,1990-02-23
ECMWF,1990,14,144,1989-11-08,1990-03-31,42465.47504276289,1989-12-12,1989-12-12,40876.75185607498,1989-12-08,1989-12-14,40423.92843590622,1989-12-06,1989-12-19,39572.57233956265,1989-12-01,1989-12-21,39228.51974292949,1989-12-06,1990-01-02,39009.54438812922,1989-12-03,1990-01-06,38814.23409022519,1989-12-01,1990-01-11,38736.7303682555,1989-12-06,1990-01-23,38831.99017092283,1989-12-08,1990-02-01,38914.52697775963,1989-12-07,1990-02-07,38921.88638334345,1989-12-04,1990-02-11,38800.323196297795,1989-11-30,1990-02-14,38676.048506666644,1989-11-20,1990-02-11
ECMWF,1990,15,144,1989-11-08,1990-03-31,42848.874095436666,1990-01-11,1990-01-11,41123.57781570869,1990-01-10,1990-01-16,40768.07497758882,1990-01-11,1990-01-24,40517.737193487315,1990-01-06,1990-01-26,40004.33894388868,1990-01-02,1990-01-29,39694.81827434702,1990-01-06,1990-02-09,39621.838146657254,1990-01-05,1990-02-15,39421.49602487264,1990-01-01,1990-02-18,39303.01876934057,1989-12-03,1990-01-27,39198.25053328403,1990-01-06,1990-03-09,39157.26936080318,1989-12-08,1990-02-15,39133.96298202856,1989-11-30,1990-02-14,39029.37769841844,1989-11-28,1990-02-19
ECMWF,1990,16,144,1989-11-08,1990-03-31,41674.91412747378,1990-03-14,1990-03-14,39717.57614743863,1990-03-11,1990-03-17,38856.86964294894,1990-03-09,1990-03-22,38548.01311885767,1989-11-27,1989-12-17,38087.830228077124,1989-11-23,1989-12-20,37724.518452207005,1989-11-22,1989-12-26,37529.89789133823,1990-02-08,1990-03-21,37487.91409130536,1990-02-02,1990-03-22,37433.644709024564,1990-01-26,1990-03-22,37431.040045278736,1990-01-19,1990-03-22,37377.49162355019,1990-01-14,1990-03-24,37312.15420254558,1989-11-29,1990-02-13,37337.898708077315,1989-11-26,1990-02-17
ECMWF,1990,17,144,1989-11-08,1990-03-31,42818.02293375206,1990-01-16,1990-01-16,40771.025418153695,1990-01-12,1990-01-18,40458.76555062056,1990-01-09,1990-01-22,39880.9670204949,1989-12-29,1990-01-18,39766.05107382061,1989-12-27,1990-01-23,39374.59712466283,1989-12-22,1990-01-25,39053.15122819581,1989-12-13,1990-01-23,38979.45023255545,1989-12-05,1990-01-22,38877.9392235758,1989-12-29,1990-02-22,38778.00127911394,1989-12-23,1990-02-23,38642.21020577324,1989-12-17,1990-02-24,38613.56404240417,1989-12-06,1990-02-20,38578.115829066395,1989-12-01,1990-02-22
ECMWF,1990,18,144,1989-11-08,1990-03-31,42857.5544389924,1990-01-25,1990-01-25,41466.134874382,1990-01-22,1990-01-28,40676.49673643262,1990-01-19,1990-02-01,39955.81879751624,1990-01-17,1990-02-06,39639.39176540151,1990-01-18,1990-02-14,39133.82088451651,1990-01-16,1990-02-19,38710.509828586095,1990-01-16,1990-02-26,38337.36790334268,1990-01-11,1990-02-28,38229.174352178525,1989-12-22,1990-02-15,38211.17624982474,1989-12-05,1990-02-05,38255.02849003761,1989-12-05,1990-02-12,38254.19740438339,1989-11-30,1990-02-14,38131.96745904237,1989-11-28,1990-02-19
ECMWF,1990,19,144,1989-11-08,1990-03-31,45883.4744715476,1990-01-30,1990-01-30,43653.00760240299,1990-01-29,1990-02-04,43184.45577666724,1990-01-22,1990-02-04,43130.682234618966,1990-01-15,1990-02-04,42930.66382190059,1990-01-15,1990-02-11,42689.84504157867,1990-01-14,1990-02-17,42352.766965254785,1990-01-07,1990-02-17,42031.63628136833,1990-01-05,1990-02-22,41792.27153430863,1990-01-04,1990-02-28,41498.74763678998,1989-12-17,1990-02-17,41357.976405881316,1989-12-11,1990-02-18,41242.63039916587,1989-12-14,1990-02-28,41083.7033234832,1989-12-07,1990-02-28
ECMWF,1990,20,144,1989-11-08,1990-03-31,43420.69202125149,1990-01-16,1990-01-16,40856.95417272538,1990-01-27,1990-02-02,40557.0798463021,1990-01-25,1990-02-07,40095.02582036309,1990-01-15,1990-02-04,40149.447235397536,1990-01-10,1990-02-06,39946.473361055716,1990-01-08,1990-02-11,39707.406604834665,1990-01-08,1990-02-18,39483.013305730026,1990-01-04,1990-02-21,39301.74520622585,1989-12-23,1990-02-16,39163.99132859988,1989-12-21,1990-02-21,38922.58146263032,1989-12-17,1990-02-24,38781.3821834374,1989-12-08,1990-02-22,38622.580959194696,1989-12-21,1990-03-14
ECMWF,1990,21,144,1989-11-08,1990-03-31,43589.237207226775,1990-01-11,1990-01-11,41983.662036564776,1990-01-09,1990-01-15,41113.24399255363,1990-01-06,1990-01-19,40149.80105842705,1990-01-03,1990-01-23,39463.05814646353,1990-01-05,1990-02-01,39211.05208459197,1990-01-02,1990-02-05,38815.00842757003,1989-12-27,1990-02-06,38521.060770672855,1989-12-25,1990-02-11,38345.62820197366,1990-01-06,1990-03-02,38346.31717187691,1990-01-03,1990-03-06,38268.06604461557,1990-01-02,1990-03-12,38192.78578014566,1990-01-02,1990-03-19,38130.81645016431,1989-12-31,1990-03-24
ECMWF,1990,22,144,1989-11-08,1990-03-31,41632.25447695974,1990-02-20,1990-02-20,40008.0206200126,1990-02-14,1990-02-20,39086.935563676234,1990-02-10,1990-02-23,38624.461562781886,1990-02-10,1990-03-02,38336.33731989331,1990-02-06,1990-03-05,38183.24578024567,1990-01-23,1990-02-26,38100.680151994384,1990-01-23,1990-03-05,38003.25914790393,1990-01-03,1990-02-20,38073.77363825944,1989-12-29,1990-02-22,38040.91247221588,1989-12-26,1990-02-26,38027.749317590766,1989-12-19,1990-02-26,37996.84956242233,1989-12-19,1990-03-05,37918.71128701685,1989-12-13,1990-03-06
ECMWF,1990,23,144,1989-11-08,1990-03-31,43550.45620984189,1990-01-31,1990-01-31,40754.36855356512,1989-12-06,1989-12-12,40701.835549223644,1989-12-05,1989-12-18,40380.652002367264,1989-11-30,1989-12-20,39813.14476483575,1989-11-26,1989-12-23,39326.97881127432,1989-11-23,1989-12-27,39018.070951911526,1989-11-23,1990-01-03,38938.49213498769,1989-11-30,1990-01-17,38823.75800091308,1989-12-07,1990-01-31,39003.80435617298,1989-12-01,1990-02-01,38958.78517402243,1989-11-28,1990-02-05,38848.00680180648,1989-11-23,1990-02-07,38698.67250758616,1989-11-30,1990-02-21
ECMWF,1990,24,144,1989-11-08,1990-03-31,42302.93987813611,1990-01-17,1990-01-17,40630.367633255766,1990-01-15,1990-01-21,39778.39703769772,1990-03-07,1990-03-20,39218.23321528334,1990-03-01,1990-03-21,38973.11476118111,1990-01-12,1990-02-08,38732.8159434382,1990-02-15,1990-03-21,38500.68281218214,1989-12-31,1990-02-10,38487.50171064508,1990-02-01,1990-03-21,38487.48231351841,1990-01-17,1990-03-13,38653.15956270884,1990-01-16,1990-03-19,38639.77209001965,1990-01-11,1990-03-21,38537.150733089824,1990-01-04,1990-03-21,38463.524869717396,1989-12-27,1990-03-20
ECMWF,1991,0,144,1990-11-08,1991-03-31,43002.18236846234,1990-12-20,1990-12-20,40297.63298610492,1990-12-18,1990-12-24,39664.398238463524,1990-12-13,1990-12-26,39087.36494929875,1990-12-05,1990-12-25,38840.733608409566,1990-12-15,1991-01-11,38681.880426458156,1990-12-09,1991-01-12,38526.25113224231,1990-12-04,1991-01-14,38374.78611837749,1990-12-04,1991-01-21,38160.42631900635,1990-11-30,1991-01-24,37950.039084506665,1990-11-18,1991-01-19,37868.55299675752,1990-11-14,1991-01-22,37771.59816734591,1990-11-08,1991-01-23,37673.68618269381,1990-12-07,1991-02-28
ECMWF,1991,1,144,1990-11-08,1991-03-31,43699.344481780645,1991-01-01,1991-01-01,40746.855345419564,1990-12-28,1991-01-03,40182.04600306141,1991-01-11,1991-01-24,39851.84355252527,1990-12-31,1991-01-20,39930.532125840036,1990-12-28,1991-01-24,39579.21332631729,1990-12-24,1991-01-27,39053.83139738147,1990-12-21,1991-01-31,38862.814250922725,1990-12-09,1991-01-26,38614.28498668824,1990-12-04,1991-01-28,38567.01895168696,1990-11-23,1991-01-24,38480.61559644702,1990-11-19,1991-01-27,38316.448466251866,1990-11-11,1991-01-26,38184.61053324682,1990-11-08,1991-01-30
ECMWF,1991,2,144,1990-11-08,1991-03-31,43910.20514246209,1991-01-17,1991-01-17,41931.18028999569,1991-01-12,1991-01-18,41782.693600841114,1991-01-06,1991-01-19,41039.245038205394,1991-01-03,1991-01-23,40275.668654967565,1991-01-01,1991-01-28,39770.934385954104,1990-12-29,1991-02-01,39332.8466264953,1990-12-23,1991-02-02,39066.04018219511,1990-12-28,1991-02-14,38842.50237479783,1991-01-03,1991-02-27,38721.920240525884,1990-12-28,1991-02-28,38610.370045880976,1990-11-17,1991-01-25,38565.751801573526,1990-11-10,1991-01-25,38509.29076205748,1990-11-10,1991-02-01
ECMWF,1991,3,144,1990-11-08,1991-03-31,42044.731104630184,1991-01-30,1991-01-30,40277.73617009012,1991-01-25,1991-01-31,40144.76048176156,1991-01-20,1991-02-02,39679.58806617042,1991-01-14,1991-02-03,39407.775349371266,1991-01-07,1991-02-03,39182.080896648484,1991-01-04,1991-02-07,39023.30978225804,1990-12-27,1991-02-06,38742.707389018986,1990-12-26,1991-02-12,38509.483798782996,1990-12-13,1991-02-06,38590.08924897096,1990-12-02,1991-02-02,38556.40762307343,1990-12-01,1991-02-08,38393.00329385897,1990-11-26,1991-02-10,38291.476560002324,1990-11-18,1991-02-09
ECMWF,1991,4,144,1990-11-08,1991-03-31,44087.85881418647,1991-02-20,1991-02-20,41823.877241658316,1991-02-16,1991-02-22,41057.29333793493,1990-12-22,1991-01-04,40709.8681155438,1990-12-17,1991-01-06,40157.90912879654,1991-01-29,1991-02-25,39700.60780306876,1991-01-22,1991-02-25,39309.24025156409,1991-01-16,1991-02-26,39300.7490597056,1990-12-20,1991-02-06,39282.40384249436,1990-12-16,1991-02-09,39429.212242823465,1990-12-22,1991-02-22,39511.37874874922,1990-12-17,1991-02-24,39331.17217505919,1990-12-12,1991-02-26,39091.29355681252,1990-12-05,1991-02-26
ECMWF,1991,5,144,1990-11-08,1991-03-31,43519.75656949197,1991-01-01,1991-01-01,41803.86590699475,1990-12-28,1991-01-03,41436.5139244033,1990-12-25,1991-01-07,41146.21950603188,1990-12-25,1991-01-14,40687.18085494948,1990-12-23,1991-01-19,40366.13265820145,1990-12-04,1991-01-07,40401.1141493705,1990-12-03,1991-01-13,40372.03482725815,1990-11-28,1991-01-15,40217.67115710479,1990-11-25,1991-01-19,40001.15602777942,1990-11-18,1991-01-19,39807.57662439003,1990-11-12,1991-01-20,39665.841131250614,1990-11-23,1991-02-07,39535.43370708219,1990-11-18,1991-02-09
ECMWF,1991,6,144,1990-11-08,1991-03-31,41547.31003264388,1991-01-23,1991-01-23,39827.69183790841,1991-01-21,1991-01-27,39346.931345161414,1991-01-19,1991-02-01,39086.55263701343,1991-01-16,1991-02-05,38767.7329912911,1991-01-11,1991-02-07,38447.69631273472,1991-01-17,1991-02-20,38418.832977721126,1991-01-14,1991-02-24,38243.18546111214,1991-01-08,1991-02-25,38072.22963274018,1991-01-02,1991-02-26,37883.20795371319,1990-12-27,1991-02-27,37840.459890882456,1990-12-18,1991-02-25,37767.21184278858,1990-12-10,1991-02-24,37781.22938330013,1990-12-04,1991-02-25
ECMWF,1991,7,144,1990-11-08,1991-03-31,46188.53483842983,1991-01-24,1991-01-24,43977.35992390877,1991-01-18,1991-01-24,43414.35457049915,1991-01-12,1991-01-25,42766.21349740877,1991-01-05,1991-01-25,42426.51864593131,1990-12-29,1991-01-25,42116.29547628894,1990-12-23,1991-01-26,41756.70341559728,1990-12-24,1991-02-03,41394.114510347674,1990-12-17,1991-02-03,41046.030901227845,1990-12-16,1991-02-09,40837.16636809203,1990-11-24,1991-01-25,40750.01929058828,1990-11-22,1991-01-30,40648.756348129864,1990-11-19,1991-02-03,40471.079503760964,1990-11-18,1991-02-09
ECMWF,1991,8,144,1990-11-08,1991-03-31,44495.1684903986,1991-01-09,1991-01-09,42053.629659867365,1991-01-08,1991-01-14,41439.322307789866,1991-01-05,1991-01-18,40819.92452707047,1990-12-30,1991-01-19,40341.40271369192,1990-12-30,1991-01-26,39823.826158146774,1990-12-26,1991-01-29,39664.763988637584,1990-12-04,1991-01-14,39798.461589335464,1990-12-01,1991-01-18,39735.64773740618,1990-11-30,1991-01-24,39574.40525560883,1990-11-27,1991-01-28,39349.81921693983,1990-11-25,1991-02-02,39284.51083239789,1990-11-30,1991-02-14,39291.11430790676,1990-11-30,1991-02-21
ECMWF,1991,9,144,1990-11-08,1991-03-31,40836.498622814695,1990-12-18,1990-12-18,38814.31386396366,1991-02-21,1991-02-27,38143.424960607605,1991-02-19,1991-03-04,37839.16661061611,1990-12-22,1991-01-11,37880.960904448744,1990-12-13,1991-01-09,37785.59397291098,1990-12-13,1991-01-16,37649.45442778409,1990-11-30,1991-01-10,37583.568767609315,1990-11-29,1991-01-16,37555.97847359121,1990-11-16,1991-01-10,37531.62382600871,1990-11-14,1991-01-15,37459.24486241204,1990-11-14,1991-01-22,37433.371895641365,1990-11-16,1991-01-31,37417.47930452398,1990-11-11,1991-02-02
ECMWF,1991,10,144,1990-11-08,1991-03-31,42269.56488952824,1991-02-15,1991-02-15,40679.476367247866,1991-02-12,1991-02-18,39965.91975376861,1991-02-10,1991-02-23,39207.28956241663,1991-02-06,1991-02-26,38629.172487888885,1991-01-30,1991-02-26,38286.130547098284,1991-01-23,1991-02-26,37850.099513001674,1991-01-18,1991-02-28,37860.4521719976,1991-01-09,1991-02-26,37723.85819778048,1991-01-02,1991-02-26,37674.32302569603,1990-12-26,1991-02-26,37694.11326598933,1990-12-18,1991-02-25,37625.87631134216,1990-12-13,1991-02-27,37561.21308549566,1990-12-05,1991-02-26
ECMWF,1991,11,144,1990-11-08,1991-03-31,40405.834283058706,1991-01-03,1991-01-03,38392.04503939349,1990-12-29,1991-01-04,37988.359310482985,1991-02-20,1991-03-05,37784.372983932226,1990-12-21,1991-01-10,37660.644128704495,1990-12-21,1991-01-17,37576.68105240411,1990-12-26,1991-01-29,37561.76459935205,1990-12-21,1991-01-31,37418.14115340813,1990-12-20,1991-02-06,37345.94325690444,1990-12-21,1991-02-14,37416.25058288117,1991-01-01,1991-03-04,37442.38923547281,1990-12-26,1991-03-05,37424.28988031102,1990-12-20,1991-03-06,37279.7056007529,1990-12-17,1991-03-10
ECMWF,1991,12,144,1990-11-08,1991-03-31,41660.007389395745,1990-12-04,1990-12-04,39752.943762775794,1990-11-28,1990-12-04,39275.89901880942,1990-11-21,1990-12-04,38922.45478462538,1990-11-16,1990-12-06,38536.60150845432,1990-11-10,1990-12-07,38255.513821074645,1990-11-08,1990-12-12,38033.890039855614,1990-11-09,1990-12-20,37843.74292251054,1990-11-08,1990-12-26,37674.971546170724,1990-11-08,1991-01-02,37560.08332410797,1990-11-08,1991-01-09,37439.183743138754,1990-11-10,1991-01-18,37388.413388134395,1990-11-09,1991-01-24,37364.182563116396,1990-11-11,1991-02-02
ECMWF,1991,13,144,1990-11-08,1991-03-31,44115.706115413486,1991-01-08,1991-01-08,41297.23780261248,1991-01-04,1991-01-10,40539.56976479675,1990-12-30,1991-01-12,39945.277684510875,1990-12-24,1991-01-13,39677.87396279251,1990-12-15,1991-01-11,39456.11556195917,1990-12-09,1991-01-12,39307.27394499366,1990-12-25,1991-02-04,39203.00366345023,1990-12-18,1991-02-04,39155.88225145127,1990-12-12,1991-02-05,39095.4523946373,1990-12-06,1991-02-06,39004.44069540018,1990-12-25,1991-03-04,38965.617175290135,1990-12-18,1991-03-04,38956.43621172839,1990-12-12,1991-03-05
ECMWF,1991,14,144,1990-11-08,1991-03-31,42688.26081464457,1991-02-06,1991-02-06,41027.877133963935,1991-02-03,1991-02-09,40866.308264510786,1991-01-27,1991-02-09,40370.55949719907,1991-01-22,1991-02-11,39724.12137169734,1991-01-15,1991-02-11,39360.680999636505,1991-01-08,1991-02-11,39065.72653604414,1991-01-05,1991-02-15,38806.277898500404,1990-12-28,1991-02-14,38734.33895283237,1990-12-18,1991-02-11,38750.260894580955,1990-12-11,1991-02-11,38894.308106729964,1990-12-03,1991-02-10,38878.13578249484,1990-11-29,1991-02-13,38753.86241977148,1990-11-23,1991-02-14
ECMWF,1991,15,144,1990-11-08,1991-03-31,42694.18011665717,1991-01-29,1991-01-29,41269.1459627362,1991-01-23,1991-01-29,40760.555383021754,1991-01-17,1991-01-30,40112.82688689059,1991-01-16,1991-02-05,39576.84183338099,1991-01-14,1991-02-10,39221.10746238986,1991-01-14,1991-02-17,39085.320933588446,1990-12-26,1991-02-05,38975.21359433988,1990-12-21,1991-02-07,38906.03016946872,1990-12-07,1991-01-31,38853.89140670286,1990-12-07,1991-02-07,38752.04672394731,1990-12-07,1991-02-14,38654.31356500213,1990-11-22,1991-02-06,38597.655844079665,1990-11-15,1991-02-06
ECMWF,1991,16,144,1990-11-08,1991-03-31,41252.39510694277,1990-11-28,1990-11-28,39346.254223095144,1991-01-04,1991-01-10,38938.47548303106,1990-12-30,1991-01-12,38669.45168490092,1990-12-23,1991-01-12,38184.549957976815,1990-12-21,1991-01-17,37862.87488489396,1990-12-12,1991-01-15,37825.089958388686,1990-11-28,1991-01-08,37945.20695987456,1990-11-25,1991-01-12,37994.82735234634,1990-11-18,1991-01-12,37899.65948762602,1990-11-12,1991-01-13,37795.47993824159,1990-11-08,1991-01-16,37669.58671311839,1990-11-08,1991-01-23,37677.24690372619,1990-11-19,1991-02-10
ECMWF,1991,17,144,1990-11-08,1991-03-31,44929.763209276774,1991-01-31,1991-01-31,43260.63320352519,1991-01-27,1991-02-02,42332.1830515042,1991-01-21,1991-02-03,41346.89313312755,1991-01-18,1991-02-07,40803.961783112834,1991-01-19,1991-02-15,40555.6039702702,1991-01-18,1991-02-21,40468.9710054104,1991-01-20,1991-03-02,40311.46061634421,1991-01-18,1991-03-07,39977.63315725202,1991-01-12,1991-03-08,39711.74607688679,1991-01-06,1991-03-09,39502.74937079517,1990-12-29,1991-03-08,39210.748713543275,1990-12-24,1991-03-10,38992.742305998254,1990-12-15,1991-03-08
ECMWF,1991,18,144,1990-11-08,1991-03-31,41274.51718391062,1990-12-19,1990-12-19,39664.36931317924,1990-12-13,1990-12-19,39062.05481158705,1990-12-06,1990-12-19,38984.33599889751,1990-11-29,1990-12-19,38969.23532629347,1990-11-22,1990-12-19,38875.49879093506,1990-11-19,1990-12-23,38580.42150040328,1990-11-18,1990-12-29,38318.846739320725,1990-11-14,1991-01-01,38127.99756707507,1990-11-08,1991-01-02,37967.28583165011,1990-11-16,1991-01-17,37842.638762613424,1990-11-08,1991-01-16,37720.3499455515,1990-11-18,1991-02-02,37705.78841136936,1990-11-18,1991-02-09
ECMWF,1991,19,144,1990-11-08,1991-03-31,43355.57683177093,1990-12-26,1990-12-26,41239.81062700328,1991-02-03,1991-02-09,40573.59590900047,1991-02-01,1991-02-14,40431.13699283125,1991-02-03,1991-02-23,40108.93264745181,1991-01-29,1991-02-25,39746.09268145522,1991-01-24,1991-02-27,39358.08799947593,1990-12-01,1991-01-11,39230.280195144,1991-01-08,1991-02-25,39085.41979169386,1990-12-16,1991-02-09,39185.74046867421,1990-12-23,1991-02-23,39273.69586850413,1990-12-16,1991-02-23,39287.19322331584,1990-12-10,1991-02-24,39293.13626891942,1990-12-03,1991-02-24
ECMWF,1991,20,144,1990-11-08,1991-03-31,43579.811154357514,1991-01-29,1991-01-29,41851.50681913595,1991-01-23,1991-01-29,41566.66177193715,1991-01-20,1991-02-02,41294.54266484935,1991-01-18,1991-02-07,40698.235616347774,1991-01-15,1991-02-11,39962.47889233299,1991-01-14,1991-02-17,39763.89588110272,1991-01-18,1991-02-28,39661.652646387505,1991-01-15,1991-03-04,39361.47337179578,1991-01-11,1991-03-07,39162.03331294828,1991-01-01,1991-03-04,39054.2429343935,1990-12-28,1991-03-07,38867.54830459371,1990-12-21,1991-03-07,38759.57055419838,1990-12-28,1991-03-21
ECMWF,1991,21,144,1990-11-08,1991-03-31,42683.58144439019,1990-12-19,1990-12-19,40241.92097850939,1990-12-15,1990-12-21,39448.05289092758,1991-01-14,1991-01-27,39311.89032432357,1991-01-06,1991-01-26,39172.42585495214,1991-01-03,1991-01-30,38807.03112485998,1991-01-03,1991-02-06,38817.841517778004,1990-12-16,1991-01-26,38748.00855226891,1990-12-13,1991-01-30,38742.39276572912,1991-01-03,1991-02-27,38572.522375286775,1990-12-29,1991-03-01,38583.375448082574,1990-12-16,1991-02-23,38601.156629602745,1990-12-14,1991-02-28,38426.14809903276,1990-12-11,1991-03-04
ECMWF,1991,22,144,1990-11-08,1991-03-31,42170.65779292335,1990-12-26,1990-12-26,40428.23415022083,1990-12-23,1990-12-29,40123.04263509009,1990-12-17,1990-12-30,39714.561154748146,1990-12-14,1991-01-03,39246.05263293593,1990-12-07,1991-01-03,38984.83242797051,1990-11-30,1991-01-03,38725.72742764923,1990-11-29,1991-01-09,38516.24644584093,1990-11-29,1991-01-16,38347.18192835369,1990-11-25,1991-01-19,38215.89765292279,1990-11-17,1991-01-18,38103.961110508535,1990-11-21,1991-01-29,38020.084578697984,1990-11-15,1991-01-30,37927.82499621318,1990-11-08,1991-01-30
ECMWF,1991,23,144,1990-11-08,1991-03-31,43578.91533934366,1991-01-23,1991-01-23,42048.000395623334,1991-01-17,1991-01-23,41396.94369214816,1991-01-11,1991-01-24,40690.917016633895,1991-01-10,1991-01-30,40058.51020275739,1991-01-10,1991-02-06,39613.445900434825,1991-01-08,1991-02-11,39156.64367020324,1990-12-30,1991-02-09,38821.81326120542,1990-12-29,1991-02-15,38539.17324099407,1990-12-30,1991-02-23,38314.45639389616,1990-12-29,1991-03-01,38156.33394937678,1990-12-31,1991-03-10,38189.43334124888,1990-11-17,1991-02-01,38181.93047125638,1990-11-18,1991-02-09
ECMWF,1991,24,144,1990-11-08,1991-03-31,42882.45329454384,1991-02-27,1991-02-27,41304.658167027985,1991-02-24,1991-03-02,40967.972911763514,1991-02-21,1991-03-06,40687.2983188319,1991-02-20,1991-03-12,40126.38335789009,1991-02-14,1991-03-13,39632.56989913837,1991-02-10,1991-03-16,39256.93369804521,1991-02-01,1991-03-14,39067.607532003145,1991-01-26,1991-03-15,38897.199914855024,1991-01-17,1991-03-13,38841.9374294468,1991-01-12,1991-03-15,38791.34702246812,1991-01-05,1991-03-15,38691.3665191982,1990-12-30,1991-03-16,38506.80656872649,1990-12-23,1991-03-16
ECMWF,1992,0,145,1991-11-08,1992-03-31,42401.613043314115,1992-02-13,1992-02-13,40493.660620166476,1992-02-09,1992-02-15,40046.76921731563,1992-02-03,1992-02-16,39832.03281466721,1992-02-01,1992-02-21,39320.61785305834,1992-01-28,1992-02-24,39456.45995794122,1992-01-15,1992-02-18,39307.827854523006,1992-01-14,1992-02-24,38949.70552954369,1992-01-08,1992-02-25,38783.44973637728,1992-01-14,1992-03-09,38778.46554636863,1992-01-14,1992-03-16,38780.219932817614,1992-01-14,1992-03-23,38647.59002290718,1992-01-11,1992-03-27,38470.20944417528,1992-01-04,1992-03-27
ECMWF,1992,1,145,1991-11-08,1992-03-31,42899.5888068944,1992-02-18,1992-02-18,40980.09358799247,1992-02-14,1992-02-20,40137.971101234885,1992-02-10,1992-02-23,39044.72118416958,1992-02-04,1992-02-24,38878.4108567975,1992-01-26,1992-02-22,38740.202396944325,1992-01-20,1992-02-23,38476.194847771185,1992-01-14,1992-02-24,38587.90518669613,1992-01-05,1992-02-22,38536.56599109323,1991-12-29,1992-02-22,38455.045444235446,1991-12-24,1992-02-24,38415.273348548566,1991-12-15,1992-02-22,38517.02226896299,1991-12-09,1992-02-23,38392.65337735045,1991-12-05,1992-02-26
ECMWF,1992,2,145,1991-11-08,1992-03-31,41555.960082842736,1992-01-21,1992-01-21,39503.95249134125,1992-01-19,1992-01-25,38782.95558546106,1992-02-06,1992-02-19,38576.57520377023,1992-02-06,1992-02-26,38339.55601611578,1992-01-18,1992-02-14,38334.93438753399,1992-01-19,1992-02-22,38285.98113540156,1992-01-17,1992-02-27,38117.28461593997,1992-01-19,1992-03-07,38100.72760409465,1992-01-19,1992-03-14,38033.73551271334,1992-01-18,1992-03-20,37894.109656097804,1992-01-14,1992-03-23,37884.47868100262,1992-01-01,1992-03-17,37820.009424169955,1991-12-28,1992-03-20
ECMWF,1992,3,145,1991-11-08,1992-03-31,42988.162207245194,1992-01-28,1992-01-28,40763.32477669267,1992-01-24,1992-01-30,40405.82391676836,1992-01-22,1992-02-04,39873.32982876771,1992-01-16,1992-02-05,39336.360523013784,1992-01-11,1992-02-07,38815.65032858145,1992-01-03,1992-02-06,38658.583728056175,1991-12-27,1992-02-06,38562.53940738263,1991-12-21,1992-02-07,38412.74017058676,1992-01-18,1992-03-13,38395.721057357056,1992-01-15,1992-03-17,38338.1079116228,1992-01-11,1992-03-20,38235.049697807015,1992-01-08,1992-03-24,38178.07137048626,1991-12-23,1992-03-15
ECMWF,1992,4,145,1991-11-08,1992-03-31,42528.729466132056,1992-02-06,1992-02-06,40451.79731241627,1992-02-05,1992-02-11,39910.759419805705,1992-01-31,1992-02-13,39685.626273874586,1992-01-31,1992-02-20,39485.62474960036,1992-01-24,1992-02-20,39313.30346808562,1992-01-09,1992-02-12,39309.55776569765,1992-01-09,1992-02-19,39229.705623245805,1992-01-06,1992-02-23,39024.77267667005,1992-01-03,1992-02-27,38953.55379517402,1992-01-05,1992-03-07,38793.952797338236,1991-12-17,1992-02-24,38820.226364945425,1991-12-05,1992-02-19,38844.372999389285,1991-12-01,1992-02-22
ECMWF,1992,5,145,1991-11-08,1992-03-31,41404.38458884245,1992-01-22,1992-01-22,39023.44787444545,1992-01-18,1992-01-24,38602.90453211336,1992-01-16,1992-01-29,38318.482074483356,1992-01-15,1992-02-04,38123.31313437723,1992-01-14,1992-02-10,37997.542614898026,1992-01-04,1992-02-07,37895.255929581166,1991-12-31,1992-02-10,37767.16746249324,1991-12-11,1992-01-28,37796.74994887029,1991-12-06,1992-01-30,37785.15053369911,1991-12-06,1992-02-06,37725.195610945986,1991-12-04,1992-02-11,37612.96271644498,1991-12-03,1992-02-17,37629.41714491959,1991-12-08,1992-02-29
ECMWF,1992,6,145,1991-11-08,1992-03-31,41395.10800015949,1992-02-05,1992-02-05,39289.824994715564,1992-02-01,1992-02-07,38970.69265344007,1992-01-25,1992-02-07,38519.112436557756,1992-01-20,1992-02-09,38242.22648753599,1992-01-15,1992-02-11,38059.28521303454,1992-01-04,1992-02-07,38109.40756386399,1991-12-28,1992-02-07,38252.28249190859,1991-12-22,1992-02-08,38118.08590446659,1991-12-20,1992-02-13,37955.96260756221,1991-12-09,1992-02-09,38024.81458272977,1991-11-30,1992-02-07,38000.224300093854,1991-11-25,1992-02-09,37932.54664959236,1991-11-21,1992-02-12
ECMWF,1992,7,145,1991-11-08,1992-03-31,44497.45596152254,1992-01-16,1992-01-16,42145.08940476038,1992-01-11,1992-01-17,41363.005610613494,1992-01-07,1992-01-20,40702.54067433198,1992-01-01,1992-01-21,40245.63404141738,1991-12-26,1992-01-22,40401.84286451784,1992-01-09,1992-02-12,40285.11484107886,1992-01-02,1992-02-12,40093.49297379705,1991-12-27,1992-02-13,39957.732141603025,1992-01-07,1992-03-02,39891.78030918088,1992-01-02,1992-03-04,39875.297311899296,1992-01-06,1992-03-15,39815.11741650139,1991-12-31,1992-03-16,39728.83974499319,1991-12-25,1992-03-17
ECMWF,1992,8,145,1991-11-08,1992-03-31,43194.64996539946,1991-12-30,1991-12-30,41521.13454352428,1991-12-25,1991-12-31,40841.90218677158,1991-12-20,1992-01-02,40029.904400158644,1991-12-14,1992-01-03,39636.0332190527,1991-12-08,1992-01-04,39318.819830848624,1991-12-01,1992-01-04,39140.588458070284,1991-12-19,1992-01-29,39085.088199004866,1991-12-16,1992-02-02,39027.626456618425,1991-12-20,1992-02-13,39177.14137632323,1991-12-20,1992-02-20,39124.12161393595,1991-12-15,1992-02-22,39065.01289580545,1991-12-08,1992-02-22,38981.027483164326,1991-12-02,1992-02-23
ECMWF,1992,9,145,1991-11-08,1992-03-31,43984.321644047785,1992-02-05,1992-02-05,42173.80635396198,1992-02-05,1992-02-11,42088.80257679724,1992-01-30,1992-02-12,41784.220452716356,1992-01-23,1992-02-12,41436.14822701047,1992-01-19,1992-02-15,41274.725536561855,1992-01-10,1992-02-13,40990.19463941342,1992-01-05,1992-02-15,40647.47502306107,1991-12-31,1992-02-17,40520.00115003176,1991-12-21,1992-02-14,40354.33438502602,1991-12-16,1992-02-16,40252.49866538089,1991-12-08,1992-02-15,40093.11341652536,1991-12-02,1992-02-16,39932.93603923601,1991-12-06,1992-02-27
ECMWF,1992,10,145,1991-11-08,1992-03-31,42978.28842230086,1991-12-26,1991-12-26,41072.96596684642,1991-12-24,1991-12-30,40351.679507969115,1991-12-20,1992-01-02,39857.230317398455,1991-12-20,1992-01-09,39506.786163636854,1991-12-18,1992-01-14,39409.06227806105,1991-12-19,1992-01-22,39181.270537372795,1991-12-18,1992-01-28,39109.06833847411,1991-12-20,1992-02-06,38913.90554625472,1991-12-16,1992-02-09,38643.92193325444,1991-12-15,1992-02-15,38533.903224161884,1991-11-17,1992-01-25,38493.044594324645,1991-11-23,1992-02-07,38508.52376929174,1991-11-16,1992-02-07
ECMWF,1992,11,145,1991-11-08,1992-03-31,43128.25804779776,1991-12-19,1991-12-19,41587.74159296476,1991-12-17,1991-12-23,40799.26282448165,1991-12-11,1991-12-24,40251.447431388464,1991-12-07,1991-12-27,39744.714302393826,1991-12-04,1991-12-31,39310.03524985446,1991-11-27,1991-12-31,39059.848266612295,1991-12-04,1992-01-14,38917.222078189894,1991-12-08,1992-01-25,38996.05547179568,1991-12-08,1992-02-01,38958.57792039424,1991-12-13,1992-02-13,39040.6622918458,1991-12-11,1992-02-18,39058.30940537363,1991-12-09,1992-02-23,39030.759719719324,1991-12-04,1992-02-25
ECMWF,1992,12,145,1991-11-08,1992-03-31,41240.71563510161,1992-03-04,1992-03-04,39220.63160779007,1992-02-27,1992-03-04,38883.13451209199,1992-02-27,1992-03-11,38603.0296780959,1992-02-23,1992-03-14,38288.83466571034,1992-02-21,1992-03-19,38031.18587667319,1992-02-14,1992-03-19,37770.27167146575,1992-02-08,1992-03-20,37643.3498653742,1992-01-26,1992-03-14,37685.69482098084,1991-11-30,1992-01-24,37715.07057486715,1992-01-12,1992-03-14,37683.219800823776,1992-01-05,1992-03-14,37643.43607163109,1992-01-04,1992-03-20,37607.60139911737,1991-12-27,1992-03-19
ECMWF,1992,13,145,1991-11-08,1992-03-31,43114.89610378526,1992-03-03,1992-03-03,40963.72026740315,1992-02-28,1992-03-05,40158.13715991397,1992-02-24,1992-03-08,39549.97677547358,1992-02-17,1992-03-08,38998.5031376679,1992-02-09,1992-03-07,38784.064799936816,1992-02-03,1992-03-08,38657.974411196425,1992-01-27,1992-03-08,38629.38515905869,1992-01-20,1992-03-08,38630.78071658535,1992-01-12,1992-03-07,38652.135235868576,1992-01-05,1992-03-07,38479.28704747464,1992-01-01,1992-03-10,38286.89432902284,1991-12-24,1992-03-09,38194.516646927426,1991-12-16,1992-03-08
ECMWF,1992,14,145,1991-11-08,1992-03-31,41878.9235728945,1992-01-14,1992-01-14,39753.15766477119,1992-01-12,1992-01-18,39374.6938946728,1992-01-09,1992-01-22,38967.79539644568,1992-01-03,1992-01-23,38744.14028476672,1991-12-27,1992-01-23,38641.700812733594,1991-12-21,1992-01-24,38496.752697238735,1991-12-22,1992-02-01,38401.26428256294,1991-12-18,1992-02-04,38232.6727430194,1991-12-12,1992-02-05,38131.70137159616,1991-12-20,1992-02-20,38107.91847970188,1991-12-19,1992-02-26,38021.67550748172,1991-12-15,1992-02-29,37918.06517246005,1991-12-08,1992-02-29
ECMWF,1992,15,145,1991-11-08,1992-03-31,43877.22343939774,1992-01-22,1992-01-22,42135.03369072642,1992-01-20,1992-01-26,41863.19344903092,1992-01-15,1992-01-28,41110.49961398585,1992-01-09,1992-01-29,40657.119341650796,1992-01-01,1992-01-28,40156.746442678545,1992-01-14,1992-02-17,40001.00286588554,1992-01-08,1992-02-18,39929.360607530354,1991-12-31,1992-02-17,39649.720925185284,1991-12-24,1992-02-17,39527.284539663204,1991-11-29,1992-01-30,39439.66804733524,1991-12-10,1992-02-17,39425.911387807384,1991-12-03,1992-02-17,39369.46685740241,1991-11-26,1992-02-17
ECMWF,1992,16,145,1991-11-08,1992-03-31,42491.90818950395,1992-02-19,1992-02-19,40067.45820439212,1992-02-17,1992-02-23,39393.06992368884,1992-02-09,1992-02-22,39196.00568417901,1992-01-22,1992-02-11,39254.23272422654,1992-01-26,1992-02-22,39180.801409458574,1992-01-23,1992-02-26,38926.2914675668,1992-01-20,1992-03-01,38748.99741884272,1992-01-09,1992-02-26,38682.87067464039,1992-01-03,1992-02-27,38560.34554882203,1991-12-30,1992-03-01,38426.33534153124,1991-12-15,1992-02-22,38510.08137363398,1991-12-09,1992-02-23,38477.91191552213,1991-12-07,1992-02-28
ECMWF,1992,17,145,1991-11-08,1992-03-31,42681.35837527077,1991-12-18,1991-12-18,40630.081792631376,1991-12-13,1991-12-19,39919.32980662846,1991-12-08,1991-12-21,39315.66486747788,1991-12-08,1991-12-28,38793.00912552296,1991-12-07,1992-01-03,38608.80230330692,1992-01-26,1992-02-29,38565.967013513866,1992-01-20,1992-03-01,38446.06406128085,1992-01-18,1992-03-06,38419.9369517,1991-12-08,1992-02-01,38407.12335063073,1991-12-09,1992-02-09,38432.72644914531,1991-12-09,1992-02-16,38412.64186796549,1991-12-08,1992-02-22,38479.29649116968,1991-12-08,1992-02-29
ECMWF,1992,18,145,1991-11-08,1992-03-31,43512.21248429493,1992-02-12,1992-02-12,41157.43713878263,1992-01-30,1992-02-05,40848.818797345295,1992-01-31,1992-02-13,40622.3146500614,1992-01-19,1992-02-08,40602.8979891746,1992-01-17,1992-02-13,40332.08513507114,1992-01-11,1992-02-14,40111.37652915796,1992-01-04,1992-02-14,39900.39268687222,1991-12-30,1992-02-16,39672.265359635945,1991-12-26,1992-02-19,39370.853260415,1991-12-24,1992-02-24,39154.695363340245,1991-12-27,1992-03-05,39031.13196415736,1991-12-25,1992-03-10,38847.590276325645,1991-12-24,1992-03-16
ECMWF,1992,19,145,1991-11-08,1992-03-31,42312.850287404355,1992-01-09,1992-01-09,40340.1117506744,1992-01-14,1992-01-20,39890.163855531035,1992-01-08,1992-01-21,39636.17978449965,1992-01-07,1992-01-27,39365.80027852707,1992-01-06,1992-02-02,39102.1321142208,1991-12-30,1992-02-02,38964.0834399576,1991-12-16,1992-01-26,38928.11168241319,1992-01-07,1992-02-24,38838.5477371841,1992-01-01,1992-02-25,38701.59863302271,1991-12-25,1992-02-25,38730.90369176014,1991-12-16,1992-02-23,38706.52661186853,1991-12-11,1992-02-25,38546.1463930011,1991-12-06,1992-02-27
ECMWF,1992,20,145,1991-11-08,1992-03-31,43131.197794360865,1992-03-10,1992-03-10,41265.78119368152,1992-03-07,1992-03-13,40771.67919457832,1992-03-05,1992-03-18,40212.16454515293,1992-02-27,1992-03-18,40000.16377258171,1992-02-22,1992-03-20,39755.82266763759,1992-02-23,1992-03-28,39618.147153682396,1992-02-01,1992-03-13,39716.512071885765,1992-01-31,1992-03-19,39667.00642182175,1992-01-25,1992-03-20,39571.9569286325,1992-01-24,1992-03-26,39533.385776537725,1992-01-05,1992-03-14,39587.01771418426,1992-01-02,1992-03-18,39538.611835567644,1992-01-02,1992-03-25
ECMWF,1992,21,145,1991-11-08,1992-03-31,43046.52850699918,1992-01-07,1992-01-07,41269.83049596222,1992-01-05,1992-01-11,40470.29525627738,1992-01-02,1992-01-15,39764.7751514193,1992-01-02,1992-01-22,39138.182521871684,1991-12-31,1992-01-27,38851.93909247416,1992-01-01,1992-02-04,38609.93521170802,1992-02-19,1992-03-31,38480.240006907516,1992-02-12,1992-03-31,38454.11729738093,1992-01-03,1992-02-27,38513.47079290894,1992-01-02,1992-03-04,38428.654742635525,1992-01-03,1992-03-12,38464.60496828628,1992-01-03,1992-03-19,38476.434700115315,1992-01-03,1992-03-26
ECMWF,1992,22,145,1991-11-08,1992-03-31,42069.31321511771,1991-12-04,1991-12-04,39902.473072758105,1991-12-02,1991-12-08,39172.90463582867,1991-11-27,1991-12-10,38533.79469690078,1991-11-22,1991-12-12,38601.73463730665,1992-01-05,1992-02-01,38524.98061602148,1992-01-05,1992-02-08,38409.49392747758,1992-01-05,1992-02-15,38246.22573776737,1991-12-31,1992-02-17,38120.38607428513,1991-12-22,1992-02-15,38115.0578800896,1991-12-01,1992-02-01,38141.783308192105,1991-11-29,1992-02-06,38123.71327798259,1991-11-24,1992-02-08,38099.40887854722,1991-11-24,1992-02-15
ECMWF,1992,23,145,1991-11-08,1992-03-31,42284.59629518175,1992-01-21,1992-01-21,40578.29508415032,1992-01-15,1992-01-21,40035.349663738336,1992-01-10,1992-01-23,39838.00506821942,1992-01-14,1992-02-03,39647.14306952706,1992-01-08,1992-02-04,39261.09050204956,1992-01-03,1992-02-06,39291.70321086141,1992-01-12,1992-02-22,39144.84460734753,1992-01-05,1992-02-22,39017.392000282474,1992-01-10,1992-03-05,38947.820347571134,1991-12-22,1992-02-22,38853.21462609234,1991-12-22,1992-02-29,38803.4737892411,1991-12-21,1992-03-06,38701.237945586894,1991-12-17,1992-03-09
ECMWF,1992,24,145,1991-11-08,1992-03-31,41096.4863237549,1992-01-10,1992-01-10,39269.95468139835,1992-01-07,1992-01-13,38467.54689515038,1992-01-04,1992-01-17,38208.77160492,1992-01-09,1992-01-29,38262.19347638583,1991-12-17,1992-01-13,38230.76619398985,1991-12-14,1992-01-17,38054.9249164505,1991-12-07,1992-01-17,38051.599862708805,1991-12-14,1992-01-31,37995.227500134206,1991-12-11,1992-02-04,37879.44363929655,1991-12-06,1992-02-06,37795.17165254329,1991-11-27,1992-02-04,37713.041863099366,1991-12-04,1992-02-18,37691.65278836138,1991-12-11,1992-03-03
ECMWF,1993,0,144,1992-11-08,1993-03-31,42299.725861306346,1993-01-21,1993-01-21,40709.22456210234,1993-01-19,1993-01-25,40408.01206532957,1993-01-19,1993-02-01,40083.332085311275,1993-01-15,1993-02-04,39565.72650286676,1993-01-13,1993-02-09,39213.28338129346,1993-01-01,1993-02-04,39163.22942937476,1992-12-24,1993-02-03,39041.846848401015,1992-12-19,1993-02-05,38949.50318358589,1992-12-14,1993-02-07,38769.02960153023,1992-12-14,1993-02-14,38601.509026648746,1992-12-15,1993-02-22,38557.670523112516,1992-12-14,1993-02-28,38458.897885685335,1992-12-16,1993-03-09
ECMWF,1993,1,144,1992-11-08,1993-03-31,41642.45023050446,1993-01-07,1993-01-07,39952.73932295253,1993-01-01,1993-01-07,39701.7543168789,1992-12-30,1993-01-12,39389.912218595695,1992-12-24,1993-01-13,39058.22643383619,1992-12-21,1993-01-17,38724.40926020964,1992-12-14,1993-01-17,38761.46489346579,1992-12-02,1993-01-12,38697.9727580404,1992-11-30,1993-01-17,38567.94613746887,1992-11-24,1993-01-18,38463.94038587165,1992-12-01,1993-02-01,38394.68671833982,1992-11-24,1993-02-01,38292.86859964348,1992-11-17,1993-02-01,38120.87867222842,1992-11-17,1993-02-08
ECMWF,1993,2,144,1992-11-08,1993-03-31,42819.97067339077,1992-12-09,1992-12-09,40348.61835001364,1992-12-05,1992-12-11,39312.93978140833,1992-12-02,1992-12-15,38681.6559501103,1992-11-30,1992-12-20,38522.90025427805,1992-12-03,1992-12-30,38520.70959223814,1992-12-05,1993-01-08,38493.24706822954,1992-12-01,1993-01-11,38262.47064957862,1992-11-30,1993-01-17,38064.945945652966,1992-11-30,1993-01-24,37938.769011163335,1992-12-01,1993-02-01,37857.78019684043,1992-11-30,1993-02-07,37682.19082798983,1992-11-30,1993-02-14,37563.16346980495,1992-11-30,1993-02-21
ECMWF,1993,3,144,1992-11-08,1993-03-31,45008.803245500974,1992-12-31,1992-12-31,43235.43236242562,1992-12-28,1993-01-03,41658.4477150642,1992-12-22,1993-01-04,40901.214260636436,1992-12-18,1993-01-07,40240.008866157164,1992-12-18,1993-01-14,39791.85418533004,1992-12-12,1993-01-15,39448.78016510732,1992-12-08,1993-01-18,39270.98684775716,1992-12-17,1993-02-03,39094.311371109114,1992-12-09,1993-02-02,38945.767778854475,1992-12-16,1993-02-16,38846.349608960496,1992-12-08,1993-02-15,38690.95310384823,1992-12-02,1993-02-16,38614.9973310179,1992-11-15,1993-02-06
ECMWF,1993,4,144,1992-11-08,1993-03-31,42189.692620719194,1993-02-02,1993-02-02,40350.49569328323,1993-01-30,1993-02-05,39744.64827452462,1993-01-26,1993-02-08,39289.31864366483,1993-01-22,1993-02-11,39018.757197381834,1993-01-12,1993-02-08,38886.5753233681,1993-01-09,1993-02-12,38676.81129285642,1993-01-06,1993-02-16,38477.268382647075,1992-12-26,1993-02-12,38413.107406577954,1992-12-22,1993-02-15,38243.243719241575,1992-12-18,1993-02-18,38093.18905046251,1992-12-22,1993-03-01,37982.52353446485,1992-12-20,1993-03-06,37864.83378099633,1992-11-19,1993-02-10
ECMWF,1993,5,144,1992-11-08,1993-03-31,45081.90459119886,1993-02-01,1993-02-01,43352.566495572355,1993-01-27,1993-02-02,42578.405194265404,1993-01-26,1993-02-08,42638.45532453341,1993-01-27,1993-02-16,42433.97972205223,1993-01-26,1993-02-22,42336.95828973959,1993-01-24,1993-02-27,42188.495536138136,1993-01-23,1993-03-05,42032.44815387337,1993-01-21,1993-03-10,41769.80027254746,1993-01-16,1993-03-12,41463.70516107676,1993-01-12,1993-03-15,41163.019637319456,1993-01-03,1993-03-13,40949.34445508664,1992-12-28,1993-03-14,40822.69751041134,1992-12-22,1993-03-15
ECMWF,1993,6,144,1992-11-08,1993-03-31,42691.22444608896,1993-02-16,1993-02-16,41197.598029223656,1993-02-11,1993-02-17,40677.88658745065,1993-02-08,1993-02-21,39686.14857476387,1993-02-03,1993-02-23,39211.83738709534,1993-01-26,1993-02-22,39027.97183329903,1993-02-08,1993-03-14,39008.60760240037,1993-02-07,1993-03-20,38862.26587003428,1993-02-07,1993-03-27,38803.179808961526,1992-12-28,1993-02-21,38836.9372804516,1992-12-21,1993-02-21,38853.56593302866,1992-12-15,1993-02-22,38773.05708500304,1992-12-09,1993-02-23,38647.79952474078,1992-12-02,1993-02-23
ECMWF,1993,7,144,1992-11-08,1993-03-31,42144.43400186943,1993-01-05,1993-01-05,40313.08085609604,1993-01-03,1993-01-09,39952.11476963136,1993-01-02,1993-01-15,39306.05939104377,1992-12-30,1993-01-19,38720.13311618995,1992-12-30,1993-01-26,38391.024278993675,1992-12-30,1993-02-02,38383.021883872,1993-01-01,1993-02-11,38230.98490332981,1992-12-29,1993-02-15,38012.432435120805,1993-01-01,1993-02-25,38018.51991731386,1993-01-02,1993-03-05,38031.62510660205,1992-12-31,1993-03-10,37988.53981056213,1992-12-30,1993-03-16,37859.65363383026,1992-12-29,1993-03-22
ECMWF,1993,8,144,1992-11-08,1993-03-31,40925.9936183431,1993-02-16,1993-02-16,39377.49532441973,1993-02-05,1993-02-11,39229.83017078084,1993-02-03,1993-02-16,38807.19130341245,1993-01-29,1993-02-18,38351.65175197646,1993-01-27,1993-02-23,37974.396355662575,1993-01-19,1993-02-22,38045.903186963675,1993-02-02,1993-03-15,38040.50943669939,1993-01-31,1993-03-20,37896.59664139808,1993-01-24,1993-03-20,37827.760043363116,1992-12-16,1993-02-16,37861.03601853636,1992-12-10,1993-02-17,37874.638467273784,1992-12-04,1993-02-18,37825.423557063186,1992-12-01,1993-02-22
ECMWF,1993,9,144,1992-11-08,1993-03-31,40956.35610155517,1992-12-30,1992-12-30,39473.4219048435,1992-12-25,1992-12-31,38871.75391320295,1992-12-24,1993-01-06,38785.70573141884,1992-12-22,1993-01-11,38488.09248544089,1992-12-15,1993-01-11,38345.82432461258,1992-12-12,1993-01-15,38141.73472044682,1992-11-30,1993-01-10,38145.6890326063,1992-12-24,1993-02-10,38158.59231143612,1992-12-22,1993-02-15,38095.99902655511,1992-12-15,1993-02-15,38072.441760498325,1992-12-11,1993-02-18,38031.707382132176,1992-12-23,1993-03-09,38008.376200173174,1992-12-21,1993-03-14
ECMWF,1993,10,144,1992-11-08,1993-03-31,42008.91427464915,1993-02-02,1993-02-02,40039.60423082735,1993-01-30,1993-02-05,39202.96667803702,1993-01-27,1993-02-09,38974.7696625673,1993-01-19,1993-02-08,38914.484305146616,1993-01-29,1993-02-25,38768.66106472451,1993-01-21,1993-02-24,38688.621858682214,1993-01-16,1993-02-26,38492.651033302835,1993-01-10,1993-02-27,38349.4789022605,1993-01-01,1993-02-25,38242.479471488616,1992-12-28,1993-02-28,38096.28930814139,1992-12-23,1993-03-02,37971.01672766808,1992-12-16,1993-03-02,37847.88098397085,1992-12-23,1993-03-16
ECMWF,1993,11,144,1992-11-08,1993-03-31,44120.546814318805,1993-01-13,1993-01-13,42215.42271036703,1993-01-07,1993-01-13,41650.291441872265,1993-01-06,1993-01-19,40847.61795190389,1993-01-03,1993-01-23,40282.2061066889,1993-01-06,1993-02-02,40101.14285413582,1993-01-05,1993-02-08,39870.10512452356,1993-01-04,1993-02-14,39582.04836637289,1992-12-30,1993-02-16,39430.53195962845,1992-12-12,1993-02-05,39397.69758123387,1992-11-19,1993-01-20,39341.33851246378,1992-11-15,1993-01-23,39310.55048966094,1992-11-20,1993-02-04,39299.201713810726,1992-11-18,1993-02-09
ECMWF,1993,12,144,1992-11-08,1993-03-31,42685.887279403825,1993-01-25,1993-01-25,41113.01285421858,1993-01-19,1993-01-25,40426.03838981999,1993-01-16,1993-01-29,40168.38623555611,1993-01-09,1993-01-29,39712.99872320461,1993-01-07,1993-02-03,39533.216577978616,1992-12-22,1993-01-25,39515.424969712134,1992-12-19,1993-01-29,39534.474887685035,1992-12-08,1993-01-25,39537.36402332243,1992-12-05,1993-01-29,39509.50502908537,1992-11-29,1993-01-30,39351.147910407235,1992-11-27,1993-02-04,39279.21200960372,1992-12-08,1993-02-22,39293.68378315399,1992-12-01,1993-02-22
ECMWF,1993,13,144,1992-11-08,1993-03-31,44769.35709094382,1993-01-13,1993-01-13,42905.79959276003,1993-01-12,1993-01-18,42346.7696823167,1993-01-06,1993-01-19,41399.45202903495,1993-01-03,1993-01-23,40620.51195123913,1993-01-02,1993-01-29,40425.26033898438,1992-12-18,1993-01-21,40174.88238968636,1992-12-15,1993-01-25,39881.42917591613,1992-12-11,1993-01-28,39663.22698281695,1992-12-15,1993-02-08,39500.18919940791,1992-12-13,1993-02-13,39336.27781569682,1992-12-07,1993-02-14,39197.45425293998,1992-12-19,1993-03-05,39230.66754261465,1992-12-15,1993-03-08
ECMWF,1993,14,144,1992-11-08,1993-03-31,42075.77812754357,1993-01-13,1993-01-13,40633.91955772909,1993-03-03,1993-03-09,40208.04982594738,1993-02-28,1993-03-13,39828.13375698113,1993-02-17,1993-03-09,39940.59612911114,1993-02-12,1993-03-11,39821.479120046715,1993-02-11,1993-03-17,39597.78233079641,1993-02-10,1993-03-23,39190.4172601398,1993-02-04,1993-03-24,39219.20351824423,1993-01-13,1993-03-09,39272.524315935625,1993-01-11,1993-03-14,39229.83714438948,1993-01-11,1993-03-21,39236.93468269298,1992-12-30,1993-03-16,39189.37887872935,1992-12-29,1993-03-22
ECMWF,1993,15,144,1992-11-08,1993-03-31,41195.90110126426,1992-12-31,1992-12-31,39572.702208712035,1992-12-26,1993-01-01,38835.792564569194,1992-12-23,1993-01-05,38489.42531849441,1992-12-23,1993-01-12,38268.305686151805,1992-12-17,1993-01-13,38194.81455610021,1992-12-12,1993-01-15,37990.90839967882,1992-12-11,1993-01-21,37901.35198007096,1992-11-23,1993-01-10,37889.99139426514,1992-11-22,1993-01-16,37788.095699935926,1992-11-16,1993-01-17,37682.95014279392,1992-11-16,1993-01-24,37633.213546492305,1992-12-11,1993-02-25,37615.23474202056,1992-12-14,1993-03-07
ECMWF,1993,16,144,1992-11-08,1993-03-31,44237.69625489199,1993-02-18,1993-02-18,42339.81615262168,1993-02-14,1993-02-20,41361.423573300475,1993-02-13,1993-02-26,40850.5439485524,1993-02-09,1993-03-01,40469.9360326287,1993-02-03,1993-03-02,40224.841861643035,1993-02-10,1993-03-16,40112.36416279211,1993-02-04,1993-03-17,39870.93922152366,1993-01-13,1993-03-02,39753.4063520249,1993-01-19,1993-03-15,39765.360101273,1993-01-14,1993-03-17,39606.360414043345,1993-01-09,1993-03-19,39452.76842085184,1993-01-01,1993-03-18,39282.18290310194,1992-12-28,1993-03-21
ECMWF,1993,17,144,1992-11-08,1993-03-31,45073.1782410471,1992-12-28,1992-12-28,43315.508711877825,1992-12-27,1993-01-02,42755.73978461464,1992-12-21,1993-01-03,42771.61423859463,1992-12-25,1993-01-14,42454.70322165726,1992-12-19,1993-01-15,42055.18389392446,1992-12-12,1993-01-15,41667.57483860161,1992-12-06,1993-01-16,41129.47404362646,1992-12-04,1993-01-21,40984.42419230288,1992-12-10,1993-02-03,41008.19915084543,1992-12-22,1993-02-22,41035.47579021853,1992-12-17,1993-02-24,40967.33537238831,1992-12-11,1993-02-25,40837.304537047974,1992-12-05,1993-02-26
ECMWF,1993,18,144,1992-11-08,1993-03-31,41974.990017000695,1992-12-24,1992-12-24,39433.70295632372,1992-12-21,1992-12-27,39166.86208110319,1992-11-24,1992-12-07,38801.31210333314,1992-11-18,1992-12-08,38410.97770996764,1992-12-19,1993-01-15,38350.96579642029,1992-11-22,1992-12-26,38418.028853441036,1992-11-25,1993-01-05,38381.868360288616,1992-11-19,1993-01-06,38276.45882263168,1992-11-20,1993-01-14,38158.31518271586,1992-11-19,1993-01-20,38035.21536054089,1992-11-19,1993-01-27,37888.1768639787,1992-11-15,1993-01-30,37759.96707841567,1992-11-19,1993-02-10
ECMWF,1993,19,144,1992-11-08,1993-03-31,46595.17971919923,1993-02-17,1993-02-17,44655.49075918063,1993-02-13,1993-02-19,43874.32965502246,1993-02-10,1993-02-23,42959.810410113365,1993-02-03,1993-02-23,42308.45427433787,1993-01-28,1993-02-24,41658.151138682035,1993-01-22,1993-02-25,41349.69922460407,1993-01-30,1993-03-12,41087.703703524356,1993-01-25,1993-03-14,40770.18066961507,1993-01-20,1993-03-16,40653.37776027791,1993-01-10,1993-03-13,40469.206650393826,1993-01-06,1993-03-16,40230.07888827064,1992-12-28,1993-03-14,40059.739705425476,1992-12-23,1993-03-16
ECMWF,1993,20,144,1992-11-08,1993-03-31,43216.795398007154,1993-01-12,1993-01-12,41287.19912656928,1993-02-09,1993-02-15,41012.96310743385,1993-01-11,1993-01-24,40686.742531408476,1993-01-07,1993-01-27,40190.261640386,1993-01-20,1993-02-16,40287.8080222066,1993-01-11,1993-02-14,40409.32997499006,1993-01-09,1993-02-19,40200.608563249174,1993-01-05,1993-02-22,39852.25452820243,1992-12-29,1993-02-22,39751.662657948604,1992-12-21,1993-02-21,39487.2194075561,1992-12-20,1993-02-27,39336.90311430633,1992-12-21,1993-03-07,39231.65531114175,1992-12-21,1993-03-14
ECMWF,1993,21,144,1992-11-08,1993-03-31,43766.6595830441,1992-12-11,1992-12-11,41528.801669088694,1992-12-08,1992-12-14,40612.879060490035,1992-12-10,1992-12-23,40453.63756468048,1992-12-08,1992-12-28,39909.82516073116,1992-12-02,1992-12-29,39598.796507487095,1992-11-25,1992-12-29,39263.946573139714,1992-11-18,1992-12-29,39075.548074779785,1992-12-07,1993-01-24,38981.800783683975,1992-12-02,1993-01-26,38921.07264073737,1992-11-26,1993-01-27,38808.701160847966,1992-11-20,1993-01-28,38735.105630333586,1992-11-26,1993-02-10,38695.7986297571,1992-11-24,1993-02-15
ECMWF,1993,22,144,1992-11-08,1993-03-31,41887.99053977917,1993-02-04,1993-02-04,40039.12727779598,1993-01-30,1993-02-05,39498.110435389666,1993-01-26,1993-02-08,39039.36538920151,1992-11-23,1992-12-13,38824.25691026765,1992-11-24,1992-12-21,38625.659960702535,1992-11-22,1992-12-26,38508.261161029026,1992-11-23,1993-01-03,38344.996295142184,1992-11-18,1993-01-05,38166.94962653885,1992-11-21,1993-01-15,38204.737675949145,1992-12-06,1993-02-06,38279.798033038736,1992-11-29,1993-02-06,38313.3674664065,1992-11-24,1993-02-08,38241.66600479913,1992-11-18,1993-02-09
ECMWF,1993,23,144,1992-11-08,1993-03-31,42989.22514753612,1992-12-31,1992-12-31,41080.85632857693,1992-12-25,1992-12-31,40385.37625173336,1992-12-23,1993-01-05,39841.89758064954,1992-12-24,1993-01-13,39662.374773814525,1992-12-23,1993-01-19,39447.95026059163,1992-12-22,1993-01-25,39363.804560054945,1992-12-24,1993-02-03,39313.79485935454,1992-12-21,1993-02-07,39277.42035062761,1992-12-23,1993-02-16,39256.31983859871,1992-12-23,1993-02-23,39229.85466144791,1992-12-21,1993-02-28,39181.94286219116,1992-12-21,1993-03-07,38969.90896757003,1992-12-16,1993-03-09
ECMWF,1993,24,144,1992-11-08,1993-03-31,43197.13444063912,1992-12-30,1992-12-30,40820.241517620154,1992-12-25,1992-12-31,40670.83871993162,1992-12-18,1992-12-31,40307.35189486734,1992-12-11,1992-12-31,40130.46643632521,1992-12-07,1993-01-03,39823.27604859525,1992-12-03,1993-01-06,39470.17321579975,1992-12-05,1993-01-15,39283.57927855318,1992-12-06,1993-01-23,39089.734353185675,1992-11-30,1993-01-24,38887.684172530266,1992-11-26,1993-01-27,38758.66319492536,1992-11-16,1993-01-24,38596.213281635515,1992-11-12,1993-01-27,38552.144197946356,1992-12-05,1993-02-26
ECMWF,1994,0,144,1993-11-08,1994-03-31,42694.2231796211,1993-12-15,1993-12-15,40736.72530584391,1993-12-11,1993-12-17,40479.82221000725,1993-12-09,1993-12-22,40175.968766528225,1993-12-02,1993-12-22,39858.70893577731,1993-12-01,1993-12-28,39693.59847644544,1993-11-30,1994-01-03,39359.522353282395,1993-11-27,1994-01-07,39219.12198997588,1993-11-17,1994-01-04,38995.73443067773,1993-11-16,1994-01-10,38817.097959439416,1993-11-14,1994-01-15,38565.161753926244,1993-11-11,1994-01-19,38428.20628937461,1993-11-16,1994-01-31,38324.00594062733,1993-11-14,1994-02-05
ECMWF,1994,1,144,1993-11-08,1994-03-31,42325.03238823601,1994-01-17,1994-01-17,40023.441344176776,1994-01-16,1994-01-22,39552.71106437279,1994-01-09,1994-01-22,39363.25034238437,1994-01-03,1994-01-23,39088.80617354524,1993-12-30,1994-01-26,38881.45502289766,1993-12-23,1994-01-26,38690.45619390013,1993-12-17,1994-01-27,38811.11197121875,1993-12-05,1994-01-22,38765.32474257535,1993-12-02,1994-01-26,38595.85717315951,1993-12-02,1994-02-02,38536.81257717387,1993-12-05,1994-02-12,38543.77829209339,1993-12-04,1994-02-18,38475.872443262226,1993-12-02,1994-02-23
ECMWF,1994,2,144,1993-11-08,1994-03-31,43600.08401608049,1994-01-25,1994-01-25,41584.502576071034,1994-01-20,1994-01-26,41478.94233124155,1994-01-13,1994-01-26,41098.46964155057,1994-01-09,1994-01-29,40617.79049604504,1994-01-03,1994-01-30,40046.381133305964,1994-01-04,1994-02-07,40019.7844697673,1994-01-10,1994-02-20,40097.67326706757,1994-01-14,1994-03-03,40128.35622225498,1994-01-10,1994-03-06,40114.864363570494,1994-01-09,1994-03-12,40030.02394113116,1994-01-04,1994-03-14,39790.89194912114,1993-12-28,1994-03-14,39799.17402246642,1993-12-14,1994-03-07
ECMWF,1994,3,144,1993-11-08,1994-03-31,45152.32089449986,1994-02-01,1994-02-01,42879.5134751104,1994-01-28,1994-02-03,41861.79039949697,1994-01-22,1994-02-04,40966.729680470016,1994-01-15,1994-02-04,40699.65043366636,1994-01-09,1994-02-05,40212.2019706496,1994-01-05,1994-02-08,39888.72929296377,1993-12-25,1994-02-04,39807.225685384205,1993-12-18,1994-02-04,39683.204315966505,1993-12-11,1994-02-04,39568.97958226652,1993-12-07,1994-02-07,39442.8820222117,1993-12-01,1994-02-08,39303.20600708247,1993-11-27,1994-02-11,39218.82482893685,1993-12-15,1994-03-08
ECMWF,1994,4,144,1993-11-08,1994-03-31,41273.559037232335,1993-12-28,1993-12-28,39833.03442128558,1993-12-27,1994-01-02,39611.02356528176,1993-12-20,1994-01-02,39097.60061648273,1993-12-19,1994-01-08,38586.9528524949,1993-12-18,1994-01-14,38334.36101970925,1993-12-01,1994-01-04,38260.340399431945,1993-11-28,1994-01-08,38131.1209303403,1993-12-20,1994-02-06,38006.2247329139,1993-11-18,1994-01-12,37902.668925473394,1993-12-03,1994-02-03,37921.16321130102,1993-11-30,1994-02-07,37883.26648657817,1993-11-25,1994-02-09,37824.386604476385,1993-11-18,1994-02-09
ECMWF,1994,5,144,1993-11-08,1994-03-31,44816.2977043323,1993-12-29,1993-12-29,42720.06994623079,1993-12-26,1994-01-01,41942.67084082641,1993-12-20,1994-01-02,41166.171896331776,1993-12-17,1994-01-06,40246.8990199419,1993-12-11,1994-01-07,39786.51344953,1993-12-17,1994-01-20,39566.347016701024,1993-12-18,1994-01-28,39348.155798433334,1993-12-13,1994-01-30,39154.45517080738,1993-12-17,1994-02-10,39115.67066739428,1993-12-19,1994-02-19,39179.228456617624,1993-12-20,1994-02-27,39206.923787421765,1993-12-17,1994-03-03,39098.02241297452,1993-12-14,1994-03-07
ECMWF,1994,6,144,1993-11-08,1994-03-31,42216.45373698033,1994-02-15,1994-02-15,40059.86498013201,1994-02-11,1994-02-17,39558.55262577441,1994-02-07,1994-02-20,39280.066733091604,1994-01-31,1994-02-20,39069.30691031205,1994-01-28,1994-02-24,38855.402176615964,1994-01-21,1994-02-24,38850.40826310753,1994-01-10,1994-02-20,38713.27089197002,1994-01-05,1994-02-22,38717.873997056515,1993-12-28,1994-02-21,38629.92160106944,1993-12-24,1994-02-24,38458.395904961624,1993-12-18,1994-02-25,38498.33129296213,1993-12-07,1994-02-21,38450.86863242061,1993-12-04,1994-02-25
ECMWF,1994,7,144,1993-11-08,1994-03-31,43876.81657166371,1994-01-11,1994-01-11,42109.78938361597,1994-01-06,1994-01-12,41676.384023052626,1994-01-04,1994-01-17,41268.11985296665,1994-01-04,1994-01-24,40749.39489623466,1993-12-30,1994-01-26,40363.86940492909,1993-12-24,1994-01-27,40113.070574368714,1993-12-28,1994-02-07,39920.74778262187,1993-12-25,1994-02-11,39583.33555891989,1993-12-25,1994-02-18,39447.34086758997,1993-12-24,1994-02-24,39245.92605782012,1993-12-02,1994-02-09,39111.857589972955,1993-11-27,1994-02-11,39014.97640584684,1993-12-02,1994-02-23
ECMWF,1994,8,144,1993-11-08,1994-03-31,42732.71257026683,1993-11-25,1993-11-25,40455.768243051,1993-11-20,1993-11-26,39383.52075411386,1993-11-19,1993-12-02,38972.40900749555,1993-11-19,1993-12-09,38313.67164228145,1993-11-15,1993-12-12,37973.54665840153,1993-12-30,1994-02-02,37831.17631127554,1994-01-14,1994-02-24,37826.0144937727,1994-01-07,1994-02-24,37742.76909983962,1994-01-03,1994-02-27,37677.556641218514,1994-01-03,1994-03-06,37758.26333243424,1993-11-20,1994-01-28,37784.53810952808,1993-11-18,1994-02-02,37662.722921122775,1993-11-16,1994-02-07
ECMWF,1994,9,144,1993-11-08,1994-03-31,43761.87241193448,1994-01-11,1994-01-11,41054.15021286742,1994-01-08,1994-01-14,40582.74657227757,1994-01-03,1994-01-16,40311.02656968392,1994-01-02,1994-01-22,40137.153133257256,1993-12-20,1994-01-16,40041.49074668946,1993-12-19,1994-01-22,39703.483522116825,1993-12-19,1994-01-29,39597.53477650999,1993-12-05,1994-01-22,39578.07504298233,1993-11-28,1994-01-22,39471.07863548158,1993-11-22,1994-01-23,39316.67055708318,1993-11-22,1994-01-30,39141.718973990624,1993-11-19,1994-02-03,39003.91948056343,1993-11-10,1994-02-01
ECMWF,1994,10,144,1993-11-08,1994-03-31,44970.42608530651,1994-01-17,1994-01-17,43168.446198132915,1994-01-12,1994-01-18,41923.98979812338,1994-01-06,1994-01-19,40742.21852130319,1994-01-05,1994-01-25,40477.97674177314,1994-01-07,1994-02-03,40517.45892781316,1994-01-06,1994-02-09,40117.43349684579,1994-01-04,1994-02-14,39775.9840680697,1994-01-05,1994-02-22,39721.562315263196,1993-12-16,1994-02-09,39619.4740780226,1993-12-12,1994-02-12,39448.024170742676,1993-12-03,1994-02-10,39357.60730537703,1994-01-05,1994-03-22,39326.53800541918,1993-12-13,1994-03-06
ECMWF,1994,11,144,1993-11-08,1994-03-31,42211.53014038308,1993-12-23,1993-12-23,40194.98543911004,1993-12-21,1993-12-27,40096.35907872224,1993-12-21,1994-01-03,39862.70208135235,1993-12-21,1994-01-10,39442.65544268054,1993-12-17,1994-01-13,39071.79816584379,1993-12-10,1994-01-13,38805.51799833415,1993-12-08,1994-01-18,38671.93894643144,1993-11-18,1994-01-05,38751.58567904596,1993-11-17,1994-01-11,38655.37278830891,1993-11-14,1994-01-15,38537.40091490237,1993-11-14,1994-01-22,38547.743253465516,1993-12-20,1994-03-06,38541.173741051796,1993-12-19,1994-03-12
ECMWF,1994,12,144,1993-11-08,1994-03-31,40416.00306199356,1994-02-22,1994-02-22,38390.40837868792,1994-02-26,1994-03-04,38239.692607895064,1994-02-19,1994-03-04,37964.021290528515,1994-02-16,1994-03-08,37816.2119463511,1994-02-07,1994-03-06,37685.75180478636,1994-02-02,1994-03-08,37656.17556693608,1994-01-24,1994-03-06,37607.57218888237,1994-01-17,1994-03-06,37509.47120791561,1994-01-21,1994-03-17,37435.099386921764,1994-01-14,1994-03-17,37370.427286065555,1993-12-29,1994-03-08,37375.34231750227,1993-12-21,1994-03-07,37323.13325286546,1993-12-11,1994-03-04
ECMWF,1994,13,144,1993-11-08,1994-03-31,45907.932448523505,1994-02-02,1994-02-02,43487.28929613079,1994-01-29,1994-02-04,42967.38642392574,1994-01-24,1994-02-06,42501.210137206464,1994-01-25,1994-02-14,42356.238913908994,1994-01-23,1994-02-19,41803.612727305175,1994-01-22,1994-02-25,41584.365749439654,1994-01-09,1994-02-19,41368.51338561738,1994-01-03,1994-02-20,41236.61897536897,1993-12-27,1994-02-20,41015.83044147474,1993-12-26,1994-02-26,40825.7795042531,1993-12-25,1994-03-04,40696.62245840846,1993-12-26,1994-03-12,40482.575241070896,1993-12-21,1994-03-14
ECMWF,1994,14,144,1993-11-08,1994-03-31,43795.824743274985,1994-01-28,1994-01-28,42477.20651928796,1994-01-25,1994-01-31,41256.096391524465,1994-01-01,1994-01-14,40617.75442540413,1994-01-10,1994-01-30,40937.34794459685,1994-01-03,1994-01-30,40806.510885566335,1994-01-01,1994-02-04,40421.418189848955,1993-12-30,1994-02-09,40482.94227955459,1994-01-02,1994-02-19,40302.46534012112,1993-12-30,1994-02-23,40130.38037202824,1993-12-20,1994-02-20,40018.39021313021,1993-12-15,1994-02-22,39818.09418998859,1993-12-09,1994-02-23,39690.80306577742,1993-12-01,1994-02-22
ECMWF,1994,15,144,1993-11-08,1994-03-31,42919.748209318954,1993-12-09,1993-12-09,41235.85511737718,1993-12-07,1993-12-13,39898.1623021338,1993-12-04,1993-12-17,39495.20201025207,1994-01-24,1994-02-13,39053.32952232998,1994-01-20,1994-02-16,38657.72449568679,1994-01-10,1994-02-13,38443.260668935196,1994-01-06,1994-02-16,38429.90892189101,1994-01-22,1994-03-11,38274.021143956124,1994-01-16,1994-03-12,38184.87621857944,1994-01-09,1994-03-12,38214.23618279643,1993-12-06,1994-02-13,38141.736575002185,1993-12-03,1994-02-17,38027.30615046784,1993-11-23,1994-02-14
ECMWF,1994,16,144,1993-11-08,1994-03-31,44063.08905507322,1994-02-01,1994-02-01,41693.99508501362,1994-01-28,1994-02-03,40609.980950607285,1994-01-25,1994-02-07,39765.52269310795,1994-01-22,1994-02-11,39359.7899570563,1994-01-25,1994-02-21,39239.91790645481,1993-12-02,1994-01-05,39254.340317308495,1993-12-25,1994-02-04,39203.05715485915,1993-12-23,1994-02-09,39085.54871252619,1993-12-15,1994-02-08,39040.9197076467,1993-12-03,1994-02-03,39085.81874459506,1993-12-01,1994-02-08,38979.46480712046,1993-11-28,1994-02-12,38917.15647009533,1993-11-30,1994-02-21
ECMWF,1994,17,144,1993-11-08,1994-03-31,43541.26152243618,1993-12-01,1993-12-01,41547.219427063465,1993-11-28,1993-12-04,41114.60915217629,1993-11-23,1993-12-06,40813.06581419164,1993-11-21,1993-12-11,40481.22345211777,1993-11-23,1993-12-20,40254.024772121666,1993-11-21,1993-12-25,39865.93947348346,1993-11-21,1994-01-01,39784.35835554473,1993-11-21,1994-01-08,39613.30085914287,1993-11-20,1994-01-14,39409.83120883682,1993-11-20,1994-01-21,39321.177010883155,1993-11-21,1994-01-29,39140.531012045074,1993-11-15,1994-01-30,39077.826396799865,1993-11-21,1994-02-12
ECMWF,1994,18,144,1993-11-08,1994-03-31,42439.66823174802,1994-02-02,1994-02-02,40430.770534879935,1994-01-28,1994-02-03,39928.230618962494,1994-01-21,1994-02-03,39405.96247328827,1994-01-19,1994-02-08,38954.76291251891,1994-01-09,1994-02-05,38676.755204776164,1994-01-05,1994-02-08,38602.17670266913,1993-12-25,1994-02-04,38525.37900309775,1993-12-19,1994-02-05,38450.363886727304,1993-12-10,1994-02-03,38492.22160046917,1993-12-05,1994-02-05,38388.630732699494,1993-11-29,1994-02-06,38307.885093746925,1993-11-24,1994-02-08,38214.23729686036,1993-11-13,1994-02-04
ECMWF,1994,19,144,1993-11-08,1994-03-31,43228.59722872266,1993-11-30,1993-11-30,41099.70403886292,1993-11-27,1993-12-03,40738.88588755465,1993-11-23,1993-12-06,40191.89494599603,1993-11-21,1993-12-11,39608.09049025172,1993-11-15,1993-12-12,38962.29253432449,1993-11-13,1993-12-17,38861.15315172402,1993-11-21,1994-01-01,38778.2798999544,1993-11-18,1994-01-05,38791.62566902319,1993-11-24,1994-01-18,38890.4317779057,1993-11-21,1994-01-22,38810.83012139672,1993-11-19,1994-01-27,38686.71746042292,1993-11-15,1994-01-30,38749.761976838905,1993-11-22,1994-02-13
ECMWF,1994,20,144,1993-11-08,1994-03-31,43687.37018708613,1994-01-26,1994-01-26,40614.41533759774,1994-01-20,1994-01-26,39948.18942200822,1994-01-17,1994-01-30,39593.66100694545,1994-01-07,1994-01-27,39512.79170105275,1994-01-03,1994-01-30,39322.34900926137,1993-12-23,1994-01-26,39320.141659157984,1993-12-21,1994-01-31,39228.82708931563,1993-12-11,1994-01-28,39132.558781916334,1993-12-08,1994-02-01,38939.94017320509,1993-12-06,1994-02-06,38716.08252145823,1993-12-06,1994-02-13,38648.85714763729,1993-11-16,1994-01-31,38576.01775600046,1993-12-09,1994-03-02
ECMWF,1994,21,144,1993-11-08,1994-03-31,42374.69275325992,1993-12-17,1993-12-17,40559.69307981072,1994-01-13,1994-01-19,39944.790167240986,1994-01-11,1994-01-24,39527.664880767545,1993-12-11,1993-12-31,39191.959981851505,1993-12-27,1994-01-23,39348.26063867595,1993-12-16,1994-01-19,39337.55066586278,1993-12-15,1994-01-25,39191.54618005509,1993-12-10,1994-01-27,38968.73568154101,1993-12-10,1994-02-03,39071.713398351894,1993-12-16,1994-02-16,39074.036623497115,1993-12-15,1994-02-22,39037.84823787725,1993-12-11,1994-02-25,38924.40281566229,1993-12-11,1994-03-04
ECMWF,1994,22,144,1993-11-08,1994-03-31,42163.98988179746,1993-12-29,1993-12-29,40778.32173637424,1993-12-24,1993-12-30,39866.635876232875,1993-12-20,1994-01-02,38988.087078897915,1993-12-17,1994-01-06,38504.87778907991,1993-12-19,1994-01-15,38485.96809625586,1993-12-21,1994-01-24,38449.52848820847,1993-12-18,1994-01-28,38287.25395570673,1993-12-20,1994-02-06,38303.35521490732,1993-12-19,1994-02-12,38113.74444448084,1993-12-15,1994-02-15,37890.33335967289,1993-12-07,1994-02-14,37799.317882622614,1993-11-30,1994-02-14,37732.33831404766,1993-12-22,1994-03-15
ECMWF,1994,23,144,1993-11-08,1994-03-31,41976.02787662735,1994-02-02,1994-02-02,40433.57566263452,1993-11-26,1993-12-02,39760.65778739901,1993-11-21,1993-12-04,39165.77207187691,1994-01-16,1994-02-05,38963.91509380202,1994-01-14,1994-02-10,38779.98361594969,1994-01-14,1994-02-17,38648.66988209967,1994-01-05,1994-02-15,38474.0496665555,1994-01-03,1994-02-20,38277.940650006,1993-12-25,1994-02-18,38163.1719109536,1993-12-16,1994-02-16,38065.14106497667,1993-11-27,1994-02-04,38197.936921356755,1993-11-21,1994-02-05,38185.44488140771,1993-11-21,1994-02-12
ECMWF,1994,24,144,1993-11-08,1994-03-31,42396.913839970905,1993-11-30,1993-11-30,40193.42569766353,1993-12-03,1993-12-09,40087.286060041515,1993-11-28,1993-12-11,39905.61924744974,1993-11-24,1993-12-14,39614.85650911858,1993-11-21,1993-12-18,39317.39005137468,1993-11-16,1993-12-20,39076.309346092225,1993-11-13,1993-12-24,38800.87515498959,1993-11-11,1993-12-29,38566.40186895216,1993-11-13,1994-01-07,38446.07362771063,1993-11-11,1994-01-12,38311.02528340396,1993-11-13,1994-01-21,38224.459767133616,1993-11-11,1994-01-26,38130.26659995265,1993-11-24,1994-02-15
ECMWF,1995,0,144,1994-11-08,1995-03-31,43133.01982357991,1995-01-03,1995-01-03,40657.82865280187,1994-12-30,1995-01-05,39724.26464146458,1994-12-26,1995-01-08,39298.01769345166,1994-12-16,1995-01-05,39228.52211115864,1994-12-12,1995-01-08,38854.15062688009,1994-12-12,1995-01-15,38592.43338994112,1994-12-10,1995-01-20,38335.48737999138,1994-12-09,1995-01-26,38114.675994673984,1994-12-09,1995-02-02,38110.399155231,1994-12-10,1995-02-10,38028.36281663926,1994-12-10,1995-02-17,37946.892044504246,1994-12-10,1995-02-24,37819.42234924996,1994-12-09,1995-03-02
ECMWF,1995,1,144,1994-11-08,1995-03-31,46500.72557794806,1995-01-11,1995-01-11,43950.21758981591,1995-01-09,1995-01-15,43845.32256626759,1995-01-09,1995-01-22,43635.995941999696,1995-01-09,1995-01-29,43468.750096184245,1995-01-03,1995-01-30,43127.98621157258,1994-12-29,1995-02-01,42877.52434426179,1994-12-21,1995-01-31,42700.56574826761,1994-12-16,1995-02-02,42436.90518066136,1994-12-17,1995-02-10,42208.72547142866,1994-12-11,1995-02-11,42015.4032945198,1994-12-14,1995-02-21,41820.09957680599,1994-12-10,1995-02-24,41557.028768069315,1994-12-03,1995-02-24
ECMWF,1995,2,144,1994-11-08,1995-03-31,43251.28166581902,1994-12-15,1994-12-15,41181.65042561591,1994-12-13,1994-12-19,40262.84126265413,1994-12-08,1994-12-21,39813.88007169935,1994-12-02,1994-12-22,39645.08729964365,1994-12-10,1995-01-06,39581.814836047444,1994-12-03,1995-01-06,39383.534032088755,1994-12-01,1995-01-11,39244.4617494638,1994-12-03,1995-01-20,39117.19469751648,1994-12-02,1995-01-26,39066.2777730127,1994-12-02,1995-02-02,39020.61265635409,1994-12-05,1995-02-12,38997.46045167624,1994-12-02,1995-02-16,38903.894781977615,1994-12-06,1995-02-27
ECMWF,1995,3,144,1994-11-08,1995-03-31,41766.03125939402,1995-01-10,1995-01-10,39897.598311227266,1995-01-06,1995-01-12,39528.075195889454,1995-01-02,1995-01-15,39176.40270976968,1994-12-28,1995-01-17,38872.81413878089,1994-12-20,1995-01-16,38760.24765760142,1994-12-13,1995-01-16,38518.785520587204,1994-12-10,1995-01-20,38261.500177905626,1994-12-01,1995-01-18,38117.39851018534,1994-11-27,1995-01-21,37929.50847756667,1994-12-04,1995-02-04,37870.97686878603,1994-11-27,1995-02-04,37716.79202881145,1994-11-22,1995-02-06,37586.29196163485,1994-11-24,1995-02-15
ECMWF,1995,4,144,1994-11-08,1995-03-31,42019.386892950366,1995-01-31,1995-01-31,40227.35682437006,1995-01-30,1995-02-05,40018.55849984272,1995-01-30,1995-02-12,39748.65310601971,1995-01-25,1995-02-14,39450.55229295692,1994-12-21,1995-01-17,39428.459223725695,1995-01-10,1995-02-13,39320.74339154969,1994-12-26,1995-02-05,39390.60293208764,1994-12-26,1995-02-12,39364.48663908545,1994-12-20,1995-02-13,39280.558867111555,1994-12-15,1995-02-15,39148.17797221558,1994-12-10,1995-02-17,38979.96195264914,1994-12-13,1995-02-27,38864.53374656886,1994-12-11,1995-03-04
ECMWF,1995,5,144,1994-11-08,1995-03-31,43235.181066315025,1995-01-03,1995-01-03,41248.071950445,1994-12-31,1995-01-06,40733.53601389293,1994-12-29,1995-01-11,40096.94766504022,1994-12-23,1995-01-12,39694.55505132609,1994-12-24,1995-01-20,39610.692733859505,1994-12-27,1995-01-30,39452.2654167493,1994-12-23,1995-02-02,39157.42613284212,1994-12-25,1995-02-11,39027.123548208045,1994-12-08,1995-02-01,38916.77038874435,1994-12-31,1995-03-03,39025.593533480016,1994-12-31,1995-03-10,39109.3840404375,1994-12-27,1995-03-13,39071.128093418534,1994-12-23,1995-03-16
ECMWF,1995,6,144,1994-11-08,1995-03-31,42435.593998870936,1994-12-28,1994-12-28,40082.738363148295,1994-12-23,1994-12-29,39711.23210438539,1994-12-22,1995-01-04,38987.329902488236,1994-12-14,1995-01-03,39073.79198555966,1994-12-22,1995-01-18,38908.086605655015,1994-12-20,1995-01-23,38814.76878923327,1994-12-11,1995-01-21,38750.72995847409,1994-12-05,1995-01-22,38631.41796453635,1994-11-28,1995-01-22,38560.68918629359,1994-11-20,1995-01-21,38487.354151750485,1994-11-19,1995-01-27,38411.561814657965,1994-11-18,1995-02-02,38288.30743612448,1994-11-19,1995-02-10
ECMWF,1995,7,144,1994-11-08,1995-03-31,44233.653903364706,1995-01-11,1995-01-11,41310.855472547766,1995-01-08,1995-01-14,40816.895267779786,1994-12-31,1995-01-13,40563.47236434048,1994-12-30,1995-01-19,40372.16187285193,1994-12-30,1995-01-26,40138.94858837326,1994-12-23,1995-01-26,39842.62455011342,1994-12-16,1995-01-26,39741.43880030192,1994-12-09,1995-01-26,39553.6164042277,1994-12-02,1995-01-26,39437.11854676373,1994-11-28,1995-01-29,39333.240615034556,1994-11-29,1995-02-06,39216.62720203917,1994-11-28,1995-02-12,39000.18840688999,1994-11-25,1995-02-16
ECMWF,1995,8,144,1994-11-08,1995-03-31,43273.93276506044,1995-01-10,1995-01-10,40918.28603327677,1995-01-05,1995-01-11,40571.92710650502,1994-12-30,1995-01-12,40063.69631758466,1994-12-30,1995-01-19,39718.613094497596,1994-12-15,1995-01-11,39787.46191419437,1994-12-11,1995-01-14,39619.2195645722,1994-12-11,1995-01-21,39478.03970853402,1994-11-29,1995-01-16,39397.12143296558,1994-12-11,1995-02-04,39253.136567398826,1994-12-04,1995-02-04,39216.26236714891,1994-11-28,1995-02-05,39058.98404814354,1994-11-28,1995-02-12,38893.2975745396,1994-11-22,1995-02-13
ECMWF,1995,9,144,1994-11-08,1995-03-31,42914.12706952238,1994-12-30,1994-12-30,41068.03315212765,1994-12-29,1995-01-04,40547.55019724659,1994-12-26,1995-01-08,39725.16859862869,1994-12-23,1995-01-12,38997.298690977324,1994-12-25,1995-01-21,38934.654417439124,1994-12-25,1995-01-28,38860.64919437513,1994-12-26,1995-02-05,38825.75369490392,1994-12-26,1995-02-12,38733.57207124193,1994-12-24,1995-02-17,38575.790906836846,1994-12-22,1995-02-22,38423.60037278658,1994-12-23,1995-03-02,38330.96683035818,1994-12-03,1995-02-17,38342.36524480663,1994-11-22,1995-02-13
ECMWF,1995,10,144,1994-11-08,1995-03-31,43780.94589624277,1995-01-10,1995-01-10,41168.61891565912,1995-01-06,1995-01-12,40463.67700633699,1994-12-31,1995-01-13,40203.88386778192,1994-12-24,1995-01-13,39937.51779356172,1994-12-17,1995-01-13,39617.589354724594,1994-12-15,1995-01-18,39347.8315108881,1994-12-14,1995-01-24,39103.56690161738,1994-12-13,1995-01-30,38828.79070941569,1994-12-06,1995-01-30,38619.458925047904,1994-11-29,1995-01-30,38503.926027427144,1994-12-20,1995-02-27,38547.929889417326,1994-12-21,1995-03-07,38594.9179789601,1994-12-17,1995-03-10
ECMWF,1995,11,144,1994-11-08,1995-03-31,41160.11965947329,1994-12-15,1994-12-15,39115.45991223072,1995-01-10,1995-01-16,39025.805449500236,1995-01-08,1995-01-21,38794.18107581387,1995-01-05,1995-01-25,38426.82893444925,1994-12-29,1995-01-25,38203.07791431117,1994-12-23,1995-01-26,38192.493421477106,1994-12-12,1995-01-22,38120.73824608009,1994-12-10,1995-01-27,37896.827557784,1994-12-09,1995-02-02,37808.05931560448,1994-12-12,1995-02-12,37728.709228262844,1994-12-09,1995-02-16,37636.244233306745,1994-12-11,1995-02-25,37561.392500843955,1994-11-24,1995-02-15
ECMWF,1995,12,144,1994-11-08,1995-03-31,42448.902626660034,1994-12-14,1994-12-14,40612.6802070506,1994-12-13,1994-12-19,40274.91436986673,1994-12-06,1994-12-19,39708.999498104284,1994-12-28,1995-01-17,39742.99664509211,1994-12-11,1995-01-07,39766.234152075995,1994-12-06,1995-01-09,39625.343038233084,1994-12-06,1995-01-16,39461.614057163526,1994-12-06,1995-01-23,39274.89874748466,1994-12-06,1995-01-30,39107.87061104238,1994-12-05,1995-02-05,38936.09341970524,1994-12-05,1995-02-12,38718.99672478645,1994-11-30,1995-02-14,38536.51749136057,1994-12-04,1995-02-25
ECMWF,1995,13,144,1994-11-08,1995-03-31,43739.68325574395,1994-12-28,1994-12-28,42009.70085953612,1994-12-27,1995-01-02,40705.60737339169,1994-12-25,1995-01-07,39724.914551961716,1994-12-19,1995-01-08,39176.751242064245,1994-12-08,1995-01-04,38916.57081867488,1994-12-05,1995-01-08,38601.69146191084,1994-11-27,1995-01-07,38324.34578353889,1994-11-26,1995-01-13,38054.99696655803,1994-11-26,1995-01-20,37854.666357048845,1994-11-26,1995-01-27,37681.82028452654,1994-11-26,1995-02-03,37554.71732215553,1994-11-25,1995-02-09,37448.01344071123,1994-11-25,1995-02-16
ECMWF,1995,14,144,1994-11-08,1995-03-31,41457.40345801216,1994-12-01,1994-12-01,39769.132765499686,1994-11-30,1994-12-06,39023.668082033495,1994-11-26,1994-12-09,38383.70071763711,1994-11-29,1994-12-19,38267.31507204715,1994-11-25,1994-12-22,38188.40915878764,1994-11-28,1995-01-01,38194.485974796815,1994-11-28,1995-01-08,38166.32549146332,1994-11-25,1995-01-12,38006.58941763563,1994-11-25,1995-01-19,37960.28103591051,1994-11-29,1995-01-30,37966.20347434402,1994-11-26,1995-02-03,37884.38155955081,1994-11-29,1995-02-13,37940.14363227023,1994-11-28,1995-02-19
ECMWF,1995,15,144,1994-11-08,1995-03-31,42347.49244988548,1995-02-16,1995-02-16,40264.17831047067,1995-02-13,1995-02-19,39502.0657787318,1995-02-10,1995-02-23,38921.98308623655,1995-02-05,1995-02-25,38591.58938702844,1994-12-24,1995-01-20,38619.84160446628,1994-12-17,1995-01-20,38588.52846447319,1994-12-11,1995-01-21,38443.75321113499,1995-01-07,1995-02-24,38342.92565352281,1994-12-26,1995-02-19,38436.118502955294,1994-12-21,1995-02-21,38436.99904623393,1994-12-16,1995-02-23,38421.82557074933,1994-12-10,1995-02-24,38342.642618533595,1994-12-03,1995-02-24
ECMWF,1995,16,144,1994-11-08,1995-03-31,43099.357159827465,1995-01-31,1995-01-31,41051.9534886452,1995-01-26,1995-02-01,40834.88852114369,1995-01-19,1995-02-01,40235.94625260854,1995-01-16,1995-02-05,39727.89346108888,1995-01-13,1995-02-09,39812.51963978928,1994-12-28,1995-01-31,39851.81882116812,1994-12-22,1995-02-01,39684.28734065947,1994-12-19,1995-02-05,39443.907369217704,1994-12-17,1995-02-10,39176.56640716431,1994-12-13,1995-02-13,38955.63494075325,1994-12-07,1995-02-14,38741.47027969263,1994-12-07,1995-02-21,38515.19135209877,1994-12-04,1995-02-25
ECMWF,1995,17,144,1994-11-08,1995-03-31,43245.61425104181,1995-01-23,1995-01-23,41642.29027090298,1995-01-18,1995-01-24,40617.114369703326,1995-01-14,1995-01-27,40084.13908239141,1995-01-06,1995-01-26,39778.89363481683,1994-12-28,1995-01-24,39688.22510238586,1994-12-24,1995-01-27,39533.59317690047,1994-12-23,1995-02-02,39534.98589637982,1994-12-07,1995-01-24,39536.056205558634,1994-12-04,1995-01-28,39431.412754016084,1994-12-02,1995-02-02,39269.04905896685,1994-12-04,1995-02-11,39291.07670554745,1994-12-04,1995-02-18,39191.112779264884,1994-12-02,1995-02-23
ECMWF,1995,18,144,1994-11-08,1995-03-31,43220.84021825203,1995-02-08,1995-02-08,41342.53438295215,1995-02-05,1995-02-11,40621.31950763182,1995-02-02,1995-02-15,39970.0639285405,1995-01-27,1995-02-16,39463.402291712155,1995-01-25,1995-02-21,39107.466625019086,1995-01-16,1995-02-19,38877.2516564535,1995-01-08,1995-02-18,38864.55093496876,1994-12-29,1995-02-15,38758.27877559549,1994-12-28,1995-02-21,38608.315906802076,1994-12-25,1995-02-25,38516.11866070183,1994-12-13,1995-02-20,38413.59284559185,1994-12-12,1995-02-26,38291.23524961015,1994-12-12,1995-03-05
ECMWF,1995,19,144,1994-11-08,1995-03-31,41725.08808141841,1995-01-16,1995-01-16,39573.34250453756,1995-02-17,1995-02-23,39173.29845504444,1995-02-15,1995-02-28,38771.75232710102,1995-02-08,1995-02-28,38241.788182422795,1995-02-05,1995-03-04,38007.87883561658,1995-01-24,1995-02-27,38162.97366676826,1995-01-15,1995-02-25,38255.65682793171,1995-01-10,1995-02-27,38146.854866216694,1995-01-05,1995-03-01,37973.38461874787,1995-01-05,1995-03-08,37883.019063546824,1994-12-20,1995-02-27,37895.57988521126,1994-12-14,1995-02-28,37797.390385187166,1994-12-12,1995-03-05
ECMWF,1995,20,144,1994-11-08,1995-03-31,45242.370659553024,1994-12-22,1994-12-22,43270.565253208486,1994-12-18,1994-12-24,42593.802246572544,1994-12-15,1994-12-28,41766.94091906471,1994-12-09,1994-12-29,41171.92865765241,1994-12-04,1994-12-31,40583.28978516592,1994-12-03,1995-01-06,40293.82749845578,1994-12-04,1995-01-14,40023.31349314433,1994-12-02,1995-01-19,40073.38777120721,1994-12-15,1995-02-08,40100.551922040744,1994-12-11,1995-02-11,40046.53970816636,1994-12-05,1995-02-12,40006.433211914926,1994-12-11,1995-02-25,39966.722264325304,1994-12-04,1995-02-25
ECMWF,1995,21,144,1994-11-08,1995-03-31,42812.019226573786,1995-01-24,1995-01-24,40552.4379943,1995-01-19,1995-01-25,40221.66579051544,1995-01-17,1995-01-30,39787.28462181908,1995-01-10,1995-01-30,39610.937456739135,1994-12-29,1995-01-25,39693.56837199766,1994-12-25,1995-01-28,39610.92227887041,1994-12-21,1995-01-31,39336.23458740896,1994-12-16,1995-02-02,39111.93595860183,1994-12-29,1995-02-22,39190.22673213111,1994-12-24,1995-02-24,39109.22385431918,1994-12-18,1995-02-25,38896.879715913135,1994-12-11,1995-02-25,38727.656976331346,1994-12-06,1995-02-27
ECMWF,1995,22,144,1994-11-08,1995-03-31,44631.31447561477,1995-02-14,1995-02-14,42305.12764948654,1995-02-11,1995-02-17,41489.10798556228,1995-02-05,1995-02-18,40898.45260652785,1995-01-31,1995-02-20,40937.034239638815,1995-01-21,1995-02-17,40966.43625368467,1995-01-16,1995-02-19,40640.72776345432,1995-01-09,1995-02-19,40458.48157049178,1995-01-03,1995-02-20,40234.41628219387,1995-01-15,1995-03-11,40098.757173694,1995-01-07,1995-03-10,40007.29493747294,1995-01-02,1995-03-12,39816.61341764976,1994-12-28,1995-03-14,39587.786553448015,1994-12-19,1995-03-12
ECMWF,1995,23,144,1994-11-08,1995-03-31,42573.191678605355,1995-01-17,1995-01-17,40392.26025866079,1995-01-16,1995-01-22,40161.811084723064,1995-01-14,1995-01-27,39849.74270077618,1995-01-09,1995-01-29,39436.52501909154,1995-01-04,1995-01-31,39316.246819888904,1995-01-11,1995-02-14,39247.88893575685,1995-01-08,1995-02-18,39050.12227700113,1995-01-01,1995-02-18,38857.782844318186,1994-12-29,1995-02-22,38650.04688991508,1994-12-23,1995-02-23,38533.09071539786,1994-12-14,1995-02-21,38389.967147751835,1994-12-09,1995-02-23,38208.55873480238,1994-12-09,1995-03-02
ECMWF,1995,24,144,1994-11-08,1995-03-31,41284.43094935632,1994-12-28,1994-12-28,39435.332755167736,1994-12-23,1994-12-29,38939.366810641695,1994-12-18,1994-12-31,38840.01538352377,1994-12-09,1994-12-29,38700.147951955056,1994-12-06,1995-01-02,38500.92224755333,1994-12-05,1995-01-08,38345.3448224274,1994-12-05,1995-01-15,38235.1691665536,1994-12-01,1995-01-18,38096.96741668104,1994-12-05,1995-01-29,38021.93553176137,1994-12-04,1995-02-04,37933.69580393159,1994-12-01,1995-02-08,37846.918648601204,1994-12-01,1995-02-15,37766.061083746645,1994-11-27,1995-02-18
ECMWF,1996,0,145,1995-11-08,1996-03-31,40772.11134960167,1995-11-20,1995-11-20,39118.15017777901,1995-11-17,1995-11-23,38510.684777597766,1996-01-01,1996-01-14,38278.02146073954,1995-12-30,1996-01-19,37852.52979843165,1995-12-24,1996-01-20,37589.39764418387,1995-12-30,1996-02-02,37465.74891440616,1995-12-31,1996-02-10,37401.61202521762,1995-12-30,1996-02-16,37306.798820918666,1995-12-24,1996-02-17,37214.74691627197,1995-12-19,1996-02-19,37227.277427848705,1995-11-11,1996-01-19,37182.26804545219,1995-11-09,1996-01-24,37116.93471908872,1995-11-10,1996-02-01
ECMWF,1996,1,145,1995-11-08,1996-03-31,43619.11517115915,1995-12-19,1995-12-19,41789.237435160016,1995-12-14,1995-12-20,41131.73199190299,1995-12-10,1995-12-23,40208.40879539278,1995-12-07,1995-12-27,39512.096244999695,1995-11-27,1995-12-24,39390.402550999206,1995-11-20,1995-12-24,39182.89962149107,1995-11-15,1995-12-26,38849.22941882988,1995-11-11,1995-12-29,38587.11986770343,1995-11-14,1996-01-08,38345.477845960195,1995-11-09,1996-01-10,38268.78956571156,1995-12-08,1996-02-15,38278.00615513013,1995-12-08,1996-02-22,38277.31109895502,1995-12-07,1996-02-28
ECMWF,1996,2,145,1995-11-08,1996-03-31,42577.74441353484,1996-01-03,1996-01-03,41107.58183833323,1996-01-01,1996-01-07,40484.76488419024,1995-12-30,1996-01-12,39807.96720522627,1995-12-26,1996-01-15,39290.31411330534,1995-12-24,1996-01-20,38948.63558547594,1995-12-21,1996-01-24,38927.26091494848,1995-12-31,1996-02-10,39108.43323102182,1995-12-30,1996-02-16,39033.51170105544,1995-12-26,1996-02-19,38868.54253005493,1995-12-20,1996-02-20,38618.197029907526,1995-12-15,1996-02-22,38335.03883787696,1995-12-07,1996-02-21,38149.86148711123,1995-12-01,1996-02-22
ECMWF,1996,3,145,1995-11-08,1996-03-31,41105.75729177368,1995-12-06,1995-12-06,38896.85048003958,1995-12-31,1996-01-06,38635.011073025606,1995-12-24,1996-01-06,38458.32517131517,1995-12-20,1996-01-09,38210.774428420955,1995-11-14,1995-12-11,38104.35902750505,1995-12-02,1996-01-05,38120.87223307964,1995-12-01,1996-01-11,38057.56481688231,1995-11-15,1996-01-02,38121.87211793114,1995-11-15,1996-01-09,37984.20556086189,1995-11-13,1996-01-14,37930.735923475535,1995-11-16,1996-01-24,37902.4798886424,1995-11-14,1996-01-29,37795.83222227382,1995-11-15,1996-02-06
ECMWF,1996,4,145,1995-11-08,1996-03-31,44364.13387969984,1996-01-16,1996-01-16,42695.97674248028,1996-01-13,1996-01-19,42312.53598642635,1996-01-09,1996-01-22,41699.242566705645,1996-01-07,1996-01-27,41284.11779347876,1996-01-01,1996-01-28,40853.47208094457,1995-12-24,1996-01-27,40502.387900891394,1995-12-18,1996-01-28,40133.185465692164,1995-12-22,1996-02-08,39921.460362980564,1995-12-19,1996-02-12,39716.633741264595,1995-12-16,1996-02-16,39553.88691614496,1995-12-18,1996-02-25,39402.886623297374,1995-12-13,1996-02-27,39192.72478486602,1995-12-06,1996-02-27
ECMWF,1996,5,145,1995-11-08,1996-03-31,41206.14768328088,1996-01-17,1996-01-17,39585.56052498052,1996-01-16,1996-01-22,38845.45651335308,1996-01-11,1996-01-24,38414.61092494834,1996-01-10,1996-01-30,38103.215351619445,1996-01-10,1996-02-06,37765.649761319226,1996-01-09,1996-02-12,37472.394381155405,1996-01-10,1996-02-20,37318.90518942216,1996-01-09,1996-02-26,37222.082892766026,1996-01-10,1996-03-05,37111.64164501317,1996-01-08,1996-03-10,37009.84060437452,1995-11-29,1996-02-06,36944.395891199994,1995-11-28,1996-02-12,36926.98216149329,1995-11-15,1996-02-06
ECMWF,1996,6,145,1995-11-08,1996-03-31,42258.96128947829,1996-01-12,1996-01-12,39753.929630055034,1996-01-07,1996-01-13,38964.94135243714,1995-12-31,1996-01-13,38727.18638582196,1995-12-27,1996-01-16,38603.84652514554,1995-12-27,1996-01-23,38310.763522396686,1995-12-27,1996-01-30,38296.740271758455,1996-01-04,1996-02-14,38295.51757073766,1995-12-27,1996-02-13,38214.40305779389,1995-12-28,1996-02-21,38108.92407762637,1995-12-23,1996-02-23,37942.97568586601,1995-12-17,1996-02-24,37778.181545862935,1995-12-27,1996-03-12,37689.05727010649,1995-12-21,1996-03-13
ECMWF,1996,7,145,1995-11-08,1996-03-31,41608.6688123371,1996-01-24,1996-01-24,39888.68851680366,1995-11-30,1995-12-06,39279.327628202875,1996-01-17,1996-01-30,39225.84242154166,1996-01-10,1996-01-30,38846.30777423121,1996-01-05,1996-02-01,38579.08707125235,1995-12-27,1996-01-30,38530.08649238794,1995-12-21,1996-01-31,38363.61413730047,1995-12-15,1996-02-01,38412.99346908878,1995-11-30,1996-01-24,38525.13177025046,1995-11-29,1996-01-30,38473.47820598106,1995-11-23,1996-01-31,38304.103041572176,1995-11-25,1996-02-09,38211.936807241116,1995-11-22,1996-02-13
ECMWF,1996,8,145,1995-11-08,1996-03-31,43298.86201024513,1996-02-13,1996-02-13,40805.66586954665,1996-02-12,1996-02-18,40389.6559078971,1996-02-05,1996-02-18,40137.880451005236,1996-01-30,1996-02-19,39735.321644866744,1996-01-24,1996-02-20,39501.287408077966,1996-01-16,1996-02-19,39365.916576643016,1996-01-10,1996-02-20,39022.115684275515,1996-01-06,1996-02-23,38714.69269965765,1995-12-29,1996-02-22,38508.80893737139,1995-12-21,1996-02-21,38424.51503570263,1995-12-14,1996-02-21,38338.45043778961,1995-12-06,1996-02-20,38263.61906248745,1995-12-02,1996-02-23
ECMWF,1996,9,145,1995-11-08,1996-03-31,40840.95748373663,1996-01-10,1996-01-10,38965.69307880273,1996-01-10,1996-01-16,38567.49984806032,1996-01-07,1996-01-20,38343.666796532605,1995-12-30,1996-01-19,38328.44461554306,1995-12-21,1996-01-17,38237.86522486964,1995-12-19,1996-01-22,37983.78601732496,1995-12-19,1996-01-29,37913.02886803267,1995-12-21,1996-02-07,37867.38054362883,1995-12-19,1996-02-12,37671.49933787579,1995-12-13,1996-02-13,37503.66814647017,1995-12-07,1996-02-14,37422.75806739914,1995-11-27,1996-02-11,37351.20409075987,1995-11-20,1996-02-11
ECMWF,1996,10,145,1995-11-08,1996-03-31,42966.58064051691,1995-12-20,1995-12-20,40530.80057670196,1995-12-17,1995-12-23,39906.20578990073,1995-12-16,1995-12-29,39414.203984315565,1995-12-05,1995-12-25,39251.319699337364,1995-12-03,1995-12-30,39061.15882835315,1995-11-25,1995-12-29,38803.992310873524,1995-11-19,1995-12-30,38601.17281197226,1995-11-17,1996-01-04,38409.24807599614,1995-11-14,1996-01-08,38222.44061891744,1995-11-13,1996-01-14,38047.28547616399,1995-11-14,1996-01-22,37879.294815891735,1995-11-24,1996-02-08,37842.068822705,1995-11-17,1996-02-08
ECMWF,1996,11,145,1995-11-08,1996-03-31,42004.01011005001,1996-03-12,1996-03-12,40134.29380527463,1996-03-06,1996-03-12,39842.82111482532,1996-01-25,1996-02-07,39239.77587195706,1996-01-21,1996-02-10,38876.616560245166,1996-01-10,1996-02-06,38769.4817862068,1996-01-07,1996-02-10,38462.024217391365,1996-01-01,1996-02-11,38314.54543414484,1996-01-25,1996-03-13,38281.8019731139,1996-01-21,1996-03-16,38229.38546723753,1996-01-10,1996-03-12,38238.249710007396,1996-01-07,1996-03-16,38109.73093112286,1995-12-31,1996-03-16,37979.51879989584,1995-12-24,1996-03-16
ECMWF,1996,12,145,1995-11-08,1996-03-31,44274.17915582368,1996-01-02,1996-01-02,41995.42486808594,1995-12-28,1996-01-03,41437.72731181844,1995-12-25,1996-01-07,40768.46808805447,1995-12-19,1996-01-08,40307.42693963143,1995-12-18,1996-01-14,39803.10961377721,1995-12-17,1996-01-20,39451.84455012031,1995-12-04,1996-01-14,39194.08365925324,1995-12-03,1996-01-20,38873.743585777775,1995-11-27,1996-01-21,38632.22410040882,1995-12-04,1996-02-04,38468.60558102225,1995-11-29,1996-02-06,38320.43193667496,1995-12-04,1996-02-18,38263.201030312426,1995-12-03,1996-02-24
ECMWF,1996,13,145,1995-11-08,1996-03-31,44496.52459015863,1996-02-15,1996-02-15,41746.833755892854,1996-02-12,1996-02-18,41054.24341426564,1996-02-03,1996-02-16,40811.0669430639,1996-01-31,1996-02-20,40673.82022968626,1996-01-24,1996-02-20,40222.05815752133,1996-01-21,1996-02-24,40054.813196402974,1996-01-10,1996-02-20,40020.6805282308,1996-01-01,1996-02-18,40051.57866793375,1995-12-27,1996-02-20,39860.810542698186,1995-12-21,1996-02-21,39721.591590415504,1995-12-14,1996-02-21,39680.57681289943,1995-12-04,1996-02-18,39745.52474506131,1995-11-29,1996-02-20
ECMWF,1996,14,145,1995-11-08,1996-03-31,42706.80755819927,1995-12-12,1995-12-12,40352.749722541565,1995-12-11,1995-12-17,40114.19934022699,1995-12-05,1995-12-18,39326.27703393082,1995-11-28,1995-12-18,38842.494065552266,1995-12-05,1996-01-01,38712.407344336214,1995-12-01,1996-01-04,38426.848629375396,1995-11-25,1996-01-05,38174.40459910559,1995-11-15,1996-01-02,38177.58620052907,1995-11-10,1996-01-04,37988.1278058099,1995-11-26,1996-01-27,37844.83311087739,1995-11-15,1996-01-23,37871.654322174014,1995-11-10,1996-01-25,37741.362639480554,1995-11-09,1996-01-31
ECMWF,1996,15,145,1995-11-08,1996-03-31,42609.77505901749,1996-02-14,1996-02-14,40571.44026717623,1996-02-10,1996-02-16,40077.42820689538,1996-02-10,1996-02-23,39472.576430351415,1996-01-26,1996-02-15,39537.95255501964,1996-01-24,1996-02-20,39359.28256800808,1996-01-22,1996-02-25,39095.86490251425,1996-01-22,1996-03-03,38888.97338971547,1996-01-22,1996-03-10,38879.97249880821,1995-12-30,1996-02-23,38763.23658514337,1995-12-30,1996-03-01,38689.575126889635,1995-12-14,1996-02-21,38672.62458250758,1995-12-09,1996-02-23,38697.945754301,1995-12-02,1996-02-23
ECMWF,1996,16,145,1995-11-08,1996-03-31,42038.38974229705,1996-01-04,1996-01-04,40407.33837505287,1996-01-02,1996-01-08,39726.47900450533,1995-12-29,1996-01-11,39152.77247662093,1996-01-27,1996-02-16,38835.08041944492,1996-01-20,1996-02-16,38724.85598782287,1995-12-30,1996-02-02,38769.5779697996,1996-01-02,1996-02-12,38825.77352094417,1995-12-30,1996-02-16,38656.08068731411,1995-12-25,1996-02-18,38473.4716219154,1995-12-01,1996-02-01,38503.41773356985,1995-12-05,1996-02-12,38587.96107481637,1995-11-29,1996-02-13,38540.85508545748,1995-11-27,1996-02-18
ECMWF,1996,17,145,1995-11-08,1996-03-31,43950.362912369645,1996-01-08,1996-01-08,42242.93176620149,1996-01-03,1996-01-09,41645.57299916459,1995-12-30,1996-01-12,40796.56255264116,1995-12-28,1996-01-17,40283.60098590172,1995-12-22,1996-01-18,40252.94680669012,1995-12-31,1996-02-03,40039.148567601165,1995-12-25,1996-02-04,39825.6317909455,1995-12-31,1996-02-17,39760.77965911062,1995-12-28,1996-02-21,39655.81681677657,1995-12-20,1996-02-20,39505.241168768174,1995-12-19,1996-02-26,39183.77571881654,1995-12-17,1996-03-02,38936.246872581876,1995-12-18,1996-03-10
ECMWF,1996,18,145,1995-11-08,1996-03-31,44404.62645867947,1996-01-03,1996-01-03,41901.86243446822,1995-12-31,1996-01-06,41085.566598257996,1995-12-26,1996-01-08,40490.79019507528,1995-12-22,1996-01-11,40040.020274173745,1995-12-16,1996-01-12,39925.66153563397,1995-12-08,1996-01-11,39688.60904708019,1995-12-02,1996-01-12,39354.942566559366,1995-12-01,1996-01-18,39121.39202611726,1995-12-06,1996-01-30,39016.758858244524,1995-12-01,1996-02-01,39071.19545551408,1995-12-25,1996-03-03,39069.61002647983,1995-12-18,1996-03-03,39061.951045209724,1995-12-11,1996-03-03
ECMWF,1996,19,145,1995-11-08,1996-03-31,43807.34951002846,1996-01-17,1996-01-17,42154.78444151003,1996-01-14,1996-01-20,41510.667002127426,1996-01-09,1996-01-22,40712.56509434995,1996-01-08,1996-01-28,40356.736273538096,1995-12-25,1996-01-21,40163.62141026988,1995-12-23,1996-01-26,39783.017387080006,1995-12-22,1996-02-01,39712.79969132013,1995-12-08,1996-01-25,39515.56111053416,1995-12-07,1996-01-31,39254.55264341243,1995-12-01,1996-02-01,38991.93216967649,1995-11-23,1996-01-31,38808.914921313575,1995-11-17,1996-02-01,38638.34134960583,1995-12-02,1996-02-23
ECMWF,1996,20,145,1995-11-08,1996-03-31,41821.068938684286,1996-01-31,1996-01-31,39375.166295581344,1996-01-26,1996-02-01,38803.760612338294,1995-11-12,1995-11-25,38771.29270973009,1995-11-13,1995-12-03,38712.251574190646,1995-11-13,1995-12-10,38619.55790428612,1995-11-13,1995-12-17,38422.63045540807,1995-11-09,1995-12-20,38135.91558739908,1995-11-09,1995-12-27,38008.76577921596,1995-11-09,1996-01-03,37851.6374789497,1995-11-09,1996-01-10,37773.67118374295,1995-11-10,1996-01-18,37726.165061642256,1995-11-16,1996-01-31,37829.374078208275,1995-11-12,1996-02-03
ECMWF,1996,21,145,1995-11-08,1996-03-31,42069.82823924065,1996-02-28,1996-02-28,40442.44203192987,1996-02-22,1996-02-28,39649.48610276285,1996-02-17,1996-03-01,38718.63896334681,1996-02-18,1996-03-09,38602.71666741082,1996-02-02,1996-02-29,38484.74914547885,1996-01-30,1996-03-04,38364.17073180148,1996-01-19,1996-02-29,38359.63348748599,1996-01-12,1996-02-29,38434.62702860881,1996-01-06,1996-03-01,38321.822286870396,1995-12-30,1996-03-01,38179.430005150185,1996-01-01,1996-03-10,38096.522328951774,1996-01-04,1996-03-20,38016.45541028423,1995-12-29,1996-03-21
ECMWF,1996,22,145,1995-11-08,1996-03-31,42307.02718820434,1996-02-13,1996-02-13,40551.11505675095,1996-02-08,1996-02-14,39701.9468322143,1995-12-24,1996-01-06,39528.41006236691,1995-12-23,1996-01-12,39415.588711275355,1995-12-16,1996-01-12,39208.304709644595,1995-12-16,1996-01-19,39200.636501727226,1995-12-01,1996-01-11,39094.32480430458,1995-12-28,1996-02-14,39146.47729232961,1995-12-23,1996-02-16,39138.771444070844,1995-12-16,1996-02-16,39014.449607313494,1995-12-07,1996-02-14,39067.22996363322,1995-12-01,1996-02-15,39005.60691605494,1995-11-26,1996-02-17
ECMWF,1996,23,145,1995-11-08,1996-03-31,41462.09465207691,1996-02-21,1996-02-21,39417.507318428005,1996-02-16,1996-02-22,39120.745392189776,1996-02-11,1996-02-24,38508.32524468207,1996-02-04,1996-02-24,38280.65453849913,1996-01-27,1996-02-23,38251.84659966545,1996-01-22,1996-02-25,38159.22738211848,1996-01-15,1996-02-25,38048.92297112832,1996-01-09,1996-02-26,37959.05794921983,1996-01-15,1996-03-10,37911.453419477766,1996-01-09,1996-03-11,37882.84829863506,1996-01-11,1996-03-20,37823.1529415326,1996-01-05,1996-03-21,37771.09835520285,1995-12-29,1996-03-21
ECMWF,1996,24,145,1995-11-08,1996-03-31,41319.66655367835,1996-02-27,1996-02-27,38769.23532180888,1996-01-02,1996-01-08,38610.19133013951,1995-12-31,1996-01-13,38314.53286336594,1995-12-26,1996-01-15,38107.58425850256,1996-02-09,1996-03-07,38110.05108428793,1996-02-06,1996-03-11,37828.42043864564,1996-01-30,1996-03-11,37621.16534264727,1996-01-23,1996-03-11,37585.94116466899,1995-12-27,1996-02-20,37631.42486792311,1995-12-27,1996-02-27,37726.13668166227,1995-12-31,1996-03-09,37723.56495040963,1995-12-26,1996-03-11,37578.67355330659,1995-12-22,1996-03-14
ECMWF,1997,0,144,1996-11-08,1997-03-31,43184.67406623447,1996-12-10,1996-12-10,41175.1255104147,1996-12-05,1996-12-11,40326.792958318336,1996-11-28,1996-12-11,39940.8693971593,1996-11-21,1996-12-11,39295.33378097274,1996-11-18,1996-12-15,39107.751708331816,1996-11-20,1996-12-24,38955.87768757398,1996-12-04,1997-01-14,39008.81941488582,1996-11-27,1997-01-14,39011.544011251,1996-11-21,1997-01-15,38865.14484637953,1996-11-19,1997-01-20,38717.37523129638,1996-11-19,1997-01-27,38620.63495026913,1996-11-20,1997-02-04,38452.367101505675,1996-11-15,1997-02-06
ECMWF,1997,1,144,1996-11-08,1997-03-31,43085.89709590685,1997-02-11,1997-02-11,40939.87360085919,1997-02-06,1997-02-12,40418.08114785113,1997-02-02,1997-02-15,39878.993749338566,1997-01-29,1997-02-18,39623.36106009707,1997-01-28,1997-02-24,39570.09507227943,1997-01-11,1997-02-14,39452.07000761238,1997-01-07,1997-02-17,39377.50300879388,1997-01-07,1997-02-24,39214.79101276472,1996-12-31,1997-02-24,39156.89595254919,1996-12-23,1997-02-23,39088.84500007208,1996-12-20,1997-02-27,38891.981068353634,1996-12-14,1997-02-28,38626.699964417596,1996-12-20,1997-03-13
ECMWF,1997,2,144,1996-11-08,1997-03-31,43726.00053513443,1996-12-23,1996-12-23,41700.6166180492,1996-12-17,1996-12-23,41033.53855234188,1996-12-15,1996-12-28,40376.74036863325,1996-12-15,1997-01-04,39947.76909382771,1996-12-15,1997-01-11,39707.97751205117,1996-12-15,1997-01-18,39508.242516020866,1996-12-15,1997-01-25,39381.27261009863,1996-12-15,1997-02-01,39491.05083405582,1996-12-16,1997-02-09,39459.15083907655,1996-12-15,1997-02-15,39329.27731489127,1996-12-15,1997-02-22,39225.7104118864,1996-12-13,1997-02-27,39061.95086031329,1996-11-26,1997-02-17
ECMWF,1997,3,144,1996-11-08,1997-03-31,43897.9920768277,1997-01-08,1997-01-08,42059.98954194096,1997-01-05,1997-01-11,41453.594336615126,1997-01-03,1997-01-16,40904.2835453568,1996-12-31,1997-01-20,40548.14507421437,1996-12-24,1997-01-20,40093.644874363024,1996-12-17,1997-01-20,39750.47863879959,1996-12-11,1997-01-21,39454.26211959984,1996-12-04,1997-01-21,39277.18779511098,1996-11-29,1997-01-23,39049.37512464538,1996-11-29,1997-01-30,38858.58434906484,1996-11-28,1997-02-05,38615.64337824396,1996-11-24,1997-02-08,38391.4658759353,1996-11-25,1997-02-16
ECMWF,1997,4,144,1996-11-08,1997-03-31,42724.42639127583,1997-01-09,1997-01-09,40419.57693895383,1997-01-05,1997-01-11,39581.0990665219,1996-12-31,1997-01-13,39240.16196926566,1996-12-21,1997-01-10,39097.347134953634,1996-12-21,1997-01-17,38888.11498149933,1996-12-16,1997-01-19,38889.5784266885,1996-12-21,1997-01-31,38846.76374779176,1997-01-01,1997-02-18,38817.66447760139,1996-12-21,1997-02-14,38774.48987367591,1996-12-19,1997-02-19,38635.26793788269,1996-12-14,1997-02-21,38537.26165985241,1996-11-30,1997-02-14,38558.84923514369,1996-11-27,1997-02-18
ECMWF,1997,5,144,1996-11-08,1997-03-31,42255.977572153686,1997-02-12,1997-02-12,40733.32256715859,1997-02-10,1997-02-16,39922.204483094814,1997-02-05,1997-02-18,39323.619817412495,1997-01-31,1997-02-20,38912.37071884411,1997-02-07,1997-03-06,38797.52548895454,1997-02-01,1997-03-07,38648.16856201384,1997-01-31,1997-03-13,38442.779216090006,1997-01-23,1997-03-12,38469.101405690555,1996-12-25,1997-02-18,38458.255347426435,1996-12-19,1997-02-19,38347.71766758165,1996-12-27,1997-03-06,38368.16343591178,1996-12-21,1997-03-07,38342.55741105619,1996-12-19,1997-03-12
ECMWF,1997,6,144,1996-11-08,1997-03-31,41738.780590259936,1997-02-04,1997-02-04,39426.87285302966,1996-12-14,1996-12-20,38812.62951971737,1996-12-08,1996-12-21,38628.39912294533,1997-01-31,1997-02-20,38289.91674629167,1997-01-29,1997-02-25,38219.87634575236,1996-12-09,1997-01-12,38147.26519661842,1996-12-08,1997-01-18,37950.24306073943,1996-12-04,1997-01-21,37869.51692764341,1996-12-13,1997-02-06,37893.932738608826,1996-12-08,1997-02-08,37961.32090877354,1996-12-13,1997-02-20,37975.22562250475,1996-12-09,1997-02-23,37897.391906389654,1996-12-03,1997-02-24
ECMWF,1997,7,144,1996-11-08,1997-03-31,42274.669763963335,1996-12-26,1996-12-26,40315.24283178907,1996-12-23,1996-12-29,39554.9678215079,1996-12-20,1997-01-02,38654.285096192325,1996-12-21,1997-01-10,38403.415591885736,1996-12-17,1997-01-13,38125.32966482962,1997-02-07,1997-03-13,37994.853702307715,1997-02-03,1997-03-16,37886.35134955169,1997-01-27,1997-03-16,37789.03485486577,1996-12-19,1997-02-12,37900.854775131345,1996-12-21,1997-02-21,37953.66137704701,1996-12-20,1997-02-27,37891.484451578785,1996-12-17,1997-03-03,37935.788208670194,1996-12-20,1997-03-13
ECMWF,1997,8,144,1996-11-08,1997-03-31,41805.04082804202,1996-12-26,1996-12-26,40251.072627459034,1996-12-26,1997-01-01,39913.91366166478,1996-12-23,1997-01-05,39553.848694958484,1996-12-17,1997-01-06,39213.296551681764,1996-12-10,1997-01-06,38846.928548585114,1996-12-09,1997-01-12,38626.25700596784,1996-12-12,1997-01-22,38540.199744316385,1996-12-08,1997-01-25,38485.96074308927,1996-12-10,1997-02-03,38347.45203262233,1996-12-23,1997-02-23,38377.17325591512,1996-12-17,1997-02-24,38362.15867772055,1996-12-09,1997-02-23,38244.991005871394,1996-12-06,1997-02-27
ECMWF,1997,9,144,1996-11-08,1997-03-31,42315.412567634005,1997-03-11,1997-03-11,40311.55478845492,1997-01-09,1997-01-15,40162.72224312871,1997-01-09,1997-01-22,39925.23965835237,1997-01-08,1997-01-28,39538.4051646542,1997-01-02,1997-01-29,39231.38473169172,1997-02-14,1997-03-20,39019.7493608989,1997-02-07,1997-03-20,38939.98991571195,1997-01-04,1997-02-21,39034.06598692947,1997-01-09,1997-03-05,39140.08490711658,1997-01-09,1997-03-12,39110.6125916434,1997-01-03,1997-03-13,39056.480491430455,1997-01-03,1997-03-20,38914.248671302936,1996-12-28,1997-03-21
ECMWF,1997,10,144,1996-11-08,1997-03-31,44212.47842284093,1997-01-15,1997-01-15,42010.219410959035,1997-01-12,1997-01-18,41572.71745491104,1997-01-09,1997-01-22,41006.82011018643,1997-01-01,1997-01-21,40908.096863043065,1996-12-27,1997-01-23,40624.255898515745,1996-12-31,1997-02-03,40573.70292134136,1996-12-27,1997-02-06,40465.42613886314,1996-12-30,1997-02-16,40409.692252459216,1996-12-25,1997-02-18,40094.18263326955,1996-12-23,1997-02-23,39853.950214793644,1996-12-09,1997-02-16,39829.79290269843,1996-12-05,1997-02-19,39644.00624497669,1996-12-02,1997-02-23
ECMWF,1997,11,144,1996-11-08,1997-03-31,43744.684635135854,1997-02-03,1997-02-03,42065.673234076654,1997-01-29,1997-02-04,40699.91438549037,1997-01-27,1997-02-09,39759.46569458761,1997-01-27,1997-02-16,38979.30814437336,1997-01-24,1997-02-20,38560.34297273936,1997-01-27,1997-03-02,38461.379306866125,1997-01-27,1997-03-09,38488.55299880542,1997-01-27,1997-03-16,38330.71863565805,1997-01-25,1997-03-21,38139.06328892354,1996-12-15,1997-02-15,38084.76882769156,1996-12-01,1997-02-08,38093.216672436654,1996-11-26,1997-02-10,38065.1389453997,1996-11-24,1997-02-15
ECMWF,1997,12,144,1996-11-08,1997-03-31,42175.75284829861,1996-12-18,1996-12-18,40504.47216601517,1996-12-18,1996-12-24,40071.93213794248,1996-12-17,1996-12-30,39605.71718578435,1996-12-13,1997-01-02,39162.09374252207,1996-12-11,1997-01-07,38751.089318662394,1996-12-03,1997-01-06,38700.77881335855,1996-12-13,1997-01-23,38519.403087250816,1996-12-13,1997-01-30,38380.065755658725,1996-12-11,1997-02-04,38234.48970041025,1996-12-03,1997-02-03,38090.35591839575,1996-11-29,1997-02-06,37919.381396936114,1996-11-26,1997-02-10,37826.61790794612,1996-12-10,1997-03-03
ECMWF,1997,13,144,1996-11-08,1997-03-31,43421.02064013851,1997-01-07,1997-01-07,41486.729532503545,1997-01-02,1997-01-08,40454.79619807204,1996-12-28,1997-01-10,39780.495358940934,1996-12-31,1997-01-20,39511.53787545643,1996-12-25,1997-01-21,39228.812171030295,1996-12-24,1997-01-27,39012.54715377082,1996-12-24,1997-02-03,38794.076250710204,1996-12-20,1997-02-06,38529.72650020434,1996-12-24,1997-02-17,38423.490467885626,1996-11-24,1997-01-25,38379.60567621442,1996-11-23,1997-01-31,38335.123486780234,1996-11-22,1997-02-06,38186.002783699994,1996-11-22,1997-02-13
ECMWF,1997,14,144,1996-11-08,1997-03-31,44798.13673415584,1996-12-24,1996-12-24,42893.57494577517,1996-12-22,1996-12-28,42030.20180408463,1996-12-15,1996-12-28,41298.07413490611,1996-12-10,1996-12-30,40634.20087158952,1996-12-04,1996-12-31,40094.01621577526,1996-12-02,1997-01-05,39708.310942687574,1996-11-24,1997-01-04,39442.15901197848,1996-11-18,1997-01-05,39142.83444998235,1996-11-17,1997-01-11,38874.38782876679,1996-11-21,1997-01-22,38923.29581186693,1996-12-15,1997-02-22,38997.205103646425,1996-12-09,1997-02-23,38974.41968209633,1996-12-06,1997-02-27
ECMWF,1997,15,144,1996-11-08,1997-03-31,42744.38802282181,1996-12-12,1996-12-12,40151.95746956845,1996-12-08,1996-12-14,38955.537976423024,1996-12-07,1996-12-20,38697.374083911905,1996-12-08,1996-12-28,38432.73519432127,1996-12-07,1997-01-03,38393.2163838614,1996-12-08,1997-01-11,38377.03820821512,1996-12-07,1997-01-17,38266.35373727134,1996-12-07,1997-01-24,38122.176130167805,1996-12-07,1997-01-31,37986.84174324627,1996-12-07,1997-02-07,37815.790521869705,1996-12-03,1997-02-10,37770.06232113394,1996-12-07,1997-02-21,37676.0053183163,1996-12-03,1997-02-24
ECMWF,1997,16,144,1996-11-08,1997-03-31,43240.47500463141,1997-02-20,1997-02-20,41092.11711436549,1997-02-18,1997-02-24,40338.28937475612,1997-02-11,1997-02-24,40242.95534812271,1997-02-04,1997-02-24,40134.86214536354,1997-01-28,1997-02-24,39950.69979726461,1997-01-24,1997-02-27,39633.90879522403,1997-01-24,1997-03-06,39350.01223025029,1997-01-20,1997-03-09,39105.40012642697,1997-01-15,1997-03-11,38920.96905903013,1997-01-03,1997-03-06,38841.8072995677,1996-12-31,1997-03-10,38689.960820591754,1996-12-22,1997-03-08,38648.48545053195,1996-12-16,1997-03-09
ECMWF,1997,17,144,1996-11-08,1997-03-31,42700.073308299055,1997-01-01,1997-01-01,40393.39054453879,1996-12-27,1997-01-02,40090.01602451414,1996-12-21,1997-01-03,39813.214093282295,1996-12-17,1997-01-06,39789.5685383675,1996-12-19,1997-01-15,39698.43431851535,1996-12-17,1997-01-20,39436.3206464188,1996-12-17,1997-01-27,39086.8216294827,1996-12-13,1997-01-30,38833.67158660438,1996-12-17,1997-02-10,38748.75133038981,1996-12-16,1997-02-16,38629.64225472395,1996-12-16,1997-02-23,38468.23238695983,1996-12-16,1997-03-02,38436.960865781126,1996-12-16,1997-03-09
ECMWF,1997,18,144,1996-11-08,1997-03-31,41705.9133075193,1997-02-19,1997-02-19,40209.68362031536,1997-02-18,1997-02-24,39582.89133301528,1997-01-10,1997-01-23,39430.65960363661,1997-01-08,1997-01-28,38915.326222527765,1997-01-06,1997-02-02,38505.73784436322,1997-01-07,1997-02-10,38490.740093682805,1997-01-12,1997-02-22,38657.90949829856,1997-01-08,1997-02-25,38447.75983767279,1997-01-04,1997-02-28,38290.39795129648,1997-01-08,1997-03-11,38185.886688073915,1996-12-21,1997-02-28,38117.598299163714,1997-01-06,1997-03-23,38007.52770697632,1996-12-04,1997-02-25
ECMWF,1997,19,144,1996-11-08,1997-03-31,43178.752872483215,1997-02-04,1997-02-04,41430.87732707723,1997-01-29,1997-02-04,40766.55877376772,1997-01-26,1997-02-08,40438.05787844435,1997-01-20,1997-02-09,40017.53345544388,1997-01-12,1997-02-08,39981.26394075563,1997-01-05,1997-02-08,39919.39672194191,1996-12-28,1997-02-07,39872.75368119299,1996-12-23,1997-02-09,39695.99979936877,1996-12-21,1997-02-14,39512.13881032443,1996-12-20,1997-02-20,39381.71060792939,1996-12-01,1997-02-08,39329.77014840895,1996-11-25,1997-02-09,39246.74549376828,1996-11-23,1997-02-14
ECMWF,1997,20,144,1996-11-08,1997-03-31,42599.157779171794,1997-02-05,1997-02-05,40559.87684168854,1997-02-01,1997-02-07,40210.04989464626,1996-12-24,1997-01-06,39857.4033553955,1996-12-20,1997-01-09,39614.63245187093,1996-12-15,1997-01-11,39257.474532484535,1996-12-14,1997-01-17,38981.27158806455,1996-12-08,1997-01-18,38934.1363038514,1996-12-24,1997-02-10,38976.15222114258,1996-12-20,1997-02-13,38966.0724230529,1996-12-14,1997-02-14,38895.99202089323,1996-12-16,1997-02-23,38893.409779347494,1996-12-15,1997-03-01,38787.20345639958,1996-12-08,1997-03-01
ECMWF,1997,21,144,1996-11-08,1997-03-31,40980.08294601306,1997-01-09,1997-01-09,39189.308125545795,1997-01-27,1997-02-02,38561.30192556232,1997-01-26,1997-02-08,38388.300365392504,1997-01-21,1997-02-10,38214.18737225286,1997-01-07,1997-02-03,38182.40141635731,1997-01-07,1997-02-10,38089.67139366125,1997-01-03,1997-02-13,38014.4954271937,1996-12-16,1997-02-02,37998.033895274544,1996-12-17,1997-02-10,37975.65568618418,1996-12-12,1997-02-12,37906.749631745595,1996-12-09,1997-02-16,37823.365653374356,1996-11-30,1997-02-14,37720.338206908025,1996-11-28,1997-02-19
ECMWF,1997,22,144,1996-11-08,1997-03-31,41743.49385099185,1996-12-18,1996-12-18,39587.57629226919,1996-12-14,1996-12-20,39122.925688686686,1997-03-04,1997-03-17,38734.11010395953,1997-02-26,1997-03-18,38533.43131020321,1997-02-20,1997-03-19,38201.327988694065,1997-02-20,1997-03-26,37915.579667760096,1996-12-13,1997-01-23,37942.029947626375,1996-12-11,1997-01-28,37946.7459542972,1996-12-05,1997-01-29,37820.09213264618,1996-12-04,1997-02-04,37650.90346099155,1996-11-28,1997-02-05,37576.680285016955,1997-01-02,1997-03-19,37538.56361161608,1996-12-29,1997-03-22
ECMWF,1997,23,144,1996-11-08,1997-03-31,40657.82104433097,1996-12-18,1996-12-18,38882.47995613464,1996-12-13,1996-12-19,38712.06363943039,1996-12-12,1996-12-25,38280.63323632265,1996-12-11,1996-12-31,38027.82407209894,1996-12-12,1997-01-08,37859.203952610456,1996-12-09,1997-01-12,37559.89668990086,1996-12-09,1997-01-19,37429.16733608584,1996-11-24,1997-01-11,37404.52664173792,1996-12-10,1997-02-03,37303.386874776246,1996-11-10,1997-01-11,37192.75341116814,1996-12-10,1997-02-17,37140.80387448075,1996-11-23,1997-02-07,37125.60083330808,1996-11-10,1997-02-01
ECMWF,1997,24,144,1996-11-08,1997-03-31,44928.20867057613,1997-01-01,1997-01-01,42974.522669639104,1996-12-31,1997-01-06,42359.110974907875,1996-12-27,1997-01-09,41837.6077381064,1996-12-28,1997-01-17,41459.70783039282,1996-12-13,1997-01-09,41332.816619939455,1996-12-14,1997-01-17,41207.30907818216,1996-12-08,1997-01-18,41015.14366037847,1996-12-13,1997-01-30,40937.2084552284,1996-12-07,1997-01-31,40613.32329341697,1996-12-04,1997-02-04,40211.569001329844,1996-12-02,1997-02-09,40056.59206992315,1996-12-05,1997-02-19,39870.86503759058,1996-12-03,1997-02-24
ECMWF,1998,0,144,1997-11-08,1998-03-31,41111.446547915686,1998-02-03,1998-02-03,38865.37930281089,1997-11-26,1997-12-02,38516.17840273033,1997-11-21,1997-12-04,38272.68227796559,1998-01-15,1998-02-04,38045.83368132271,1997-11-22,1997-12-19,37939.12827193015,1997-11-19,1997-12-23,37798.754186477214,1997-11-13,1997-12-24,37697.5605479834,1997-12-17,1998-02-03,37732.12597062186,1997-12-11,1998-02-04,37703.93296784191,1997-11-23,1998-01-24,37743.69449354984,1997-11-26,1998-02-03,37768.82759421714,1997-11-19,1998-02-03,37718.15757023935,1997-11-13,1998-02-04
ECMWF,1998,1,144,1997-11-08,1998-03-31,42864.26136942282,1998-01-06,1998-01-06,41118.702410486825,1998-01-01,1998-01-07,40216.851933937345,1997-12-27,1998-01-09,39361.64318073237,1997-12-21,1998-01-10,38751.164619953655,1997-12-18,1998-01-14,38522.07801594481,1997-12-22,1998-01-25,38332.64096060013,1997-12-20,1998-01-30,38103.140965970655,1997-12-19,1998-02-05,37956.91153734242,1997-12-20,1998-02-13,37895.870799490265,1997-12-20,1998-02-20,37854.109379613146,1997-12-20,1998-02-27,37727.81474966335,1997-12-14,1998-02-28,37644.80450003561,1997-12-05,1998-02-26
ECMWF,1998,2,144,1997-11-08,1998-03-31,42643.9936696517,1998-02-19,1998-02-19,40891.34139435589,1998-02-14,1998-02-20,40555.94880342502,1997-12-16,1997-12-29,40112.345696045806,1997-12-15,1998-01-04,39672.436129933805,1997-12-14,1998-01-10,39347.98162830218,1997-12-19,1998-01-22,39368.049480149,1997-12-14,1998-01-24,39212.67415269804,1997-12-14,1998-01-31,38967.228614205276,1997-12-08,1998-02-01,39006.50305072476,1997-12-20,1998-02-20,39094.358956703334,1997-12-15,1998-02-22,38988.2960753791,1997-12-14,1998-02-28,38994.28874221668,1997-12-15,1998-03-08
ECMWF,1998,3,144,1997-11-08,1998-03-31,42772.209263005265,1998-01-07,1998-01-07,40476.69613812093,1998-02-02,1998-02-08,39308.9325845227,1997-12-07,1997-12-20,39119.07260060153,1998-01-03,1998-01-23,38857.284366195265,1998-01-13,1998-02-09,39049.89716567803,1998-01-04,1998-02-07,38899.72931216661,1997-12-31,1998-02-10,38693.385316017375,1997-12-04,1998-01-21,38680.05807073016,1997-12-03,1998-01-27,38723.55610232923,1997-12-09,1998-02-09,38772.44009127334,1997-12-03,1998-02-10,38616.574047863935,1997-11-27,1998-02-11,38447.319738228696,1997-11-26,1998-02-17
ECMWF,1998,4,144,1997-11-08,1998-03-31,42371.93428427194,1998-01-28,1998-01-28,40352.95064624552,1998-01-27,1998-02-02,39432.9562896668,1998-01-22,1998-02-04,39024.68751268465,1998-01-14,1998-02-03,38841.56803191261,1998-01-27,1998-02-23,38774.3900324946,1998-01-21,1998-02-24,38690.50873673969,1998-01-14,1998-02-24,38544.40816547789,1998-01-09,1998-02-26,38488.15305500297,1998-01-12,1998-03-08,38420.19283691366,1998-01-09,1998-03-12,38276.51882406708,1998-01-04,1998-03-14,38224.130273028204,1997-12-28,1998-03-14,38087.08949480291,1997-12-20,1998-03-13
ECMWF,1998,5,144,1997-11-08,1998-03-31,42309.88121322661,1997-12-26,1997-12-26,40405.75040676322,1998-02-19,1998-02-25,39990.7202000474,1998-02-13,1998-02-26,39390.332601433845,1998-02-09,1998-03-01,38691.47095109138,1998-02-07,1998-03-06,38208.849758175566,1998-01-25,1998-02-28,38075.83155382754,1998-01-20,1998-03-02,38016.92067054505,1998-01-13,1998-03-02,37844.93550927228,1998-01-09,1998-03-05,37943.863794306264,1997-12-25,1998-02-25,37993.73976539257,1997-12-21,1998-02-28,37932.191974152214,1997-12-18,1998-03-04,37851.166306035884,1997-12-08,1998-03-01
ECMWF,1998,6,144,1997-11-08,1998-03-31,42623.52456854879,1998-01-29,1998-01-29,39962.736054551344,1998-01-24,1998-01-30,39594.8557240978,1998-01-18,1998-01-31,39019.15987056139,1998-01-16,1998-02-05,38552.6980823786,1998-01-20,1998-02-16,38436.045475910614,1997-12-28,1998-01-31,38403.95736720731,1997-12-26,1998-02-05,38378.84240797072,1997-12-15,1998-02-01,38317.86462054938,1997-12-12,1998-02-05,38192.33006731339,1997-12-16,1998-02-16,38163.59585278436,1997-12-18,1998-02-25,38160.389160720326,1997-12-13,1998-02-27,38043.33804323376,1997-12-06,1998-02-27
ECMWF,1998,7,144,1997-11-08,1998-03-31,41806.76344083718,1998-01-28,1998-01-28,40217.15945980709,1998-01-28,1998-02-03,39725.505076874055,1998-01-26,1998-02-08,39239.81485659045,1998-01-21,1998-02-10,38782.46318286058,1998-01-17,1998-02-13,38387.29702199121,1997-12-04,1998-01-07,38350.3068004862,1997-12-30,1998-02-09,38318.5041616123,1997-12-22,1998-02-08,38291.73884800195,1997-12-18,1998-02-11,38299.302925778495,1997-12-06,1998-02-06,38305.293602417994,1997-12-04,1998-02-11,38222.488851801434,1997-11-27,1998-02-11,38103.98400925232,1997-11-22,1998-02-13
ECMWF,1998,8,144,1997-11-08,1998-03-31,43634.70130621964,1998-03-03,1998-03-03,41128.23867508067,1998-03-01,1998-03-07,40746.1841752008,1998-02-26,1998-03-11,40530.5460633654,1997-12-14,1998-01-03,40208.871016188066,1997-12-14,1998-01-10,39895.808314285256,1997-12-07,1998-01-10,39901.381232988584,1998-01-29,1998-03-11,39849.18334500981,1998-01-23,1998-03-12,39727.00018175573,1997-12-16,1998-02-09,39681.37805101288,1997-12-10,1998-02-10,39547.69018983118,1997-12-06,1998-02-13,39570.1317834466,1997-12-21,1998-03-07,39641.37167439841,1997-12-18,1998-03-11
ECMWF,1998,9,144,1997-11-08,1998-03-31,42835.89588613093,1998-02-11,1998-02-11,40046.10118762199,1998-02-06,1998-02-12,39697.04805998261,1998-02-02,1998-02-15,38862.84100104071,1998-02-02,1998-02-22,38290.659661329184,1998-01-26,1998-02-22,37912.199745306556,1998-01-23,1998-02-26,37785.16201779188,1998-01-09,1998-02-19,37640.1449607579,1998-01-02,1998-02-19,37559.111424368144,1997-12-26,1998-02-19,37456.90510994419,1997-12-22,1998-02-22,37440.436764425445,1997-12-08,1998-02-15,37433.089137511706,1997-12-07,1998-02-21,37375.95291864214,1997-12-01,1998-02-22
ECMWF,1998,10,144,1997-11-08,1998-03-31,41272.80200768061,1998-03-03,1998-03-03,39396.10571718617,1998-03-03,1998-03-09,38767.902810403015,1998-02-25,1998-03-10,37875.67613939637,1998-02-20,1998-03-12,37559.73700791912,1997-12-31,1998-01-27,37285.39721053335,1997-12-30,1998-02-02,37274.13916017928,1997-12-12,1998-01-22,37338.668610169654,1997-12-08,1998-01-25,37242.41558717698,1997-12-04,1998-01-28,37110.400271817045,1997-12-02,1998-02-02,37088.219349037965,1998-01-01,1998-03-11,36972.20028062415,1997-12-25,1998-03-11,36981.38568071504,1997-12-16,1998-03-09
ECMWF,1998,11,144,1997-11-08,1998-03-31,41796.22267603924,1998-02-03,1998-02-03,39669.3336119546,1998-01-30,1998-02-05,39364.99234679242,1998-01-26,1998-02-08,39157.5276262935,1998-01-28,1998-02-17,39172.968814681786,1998-01-12,1998-02-08,39068.951808260346,1998-01-12,1998-02-15,38998.222167029926,1998-01-11,1998-02-21,38752.32345098174,1998-01-05,1998-02-22,38573.82432471976,1997-12-27,1998-02-20,38555.91780781358,1997-12-20,1998-02-20,38406.25739637794,1997-12-15,1998-02-22,38250.47502046979,1997-12-12,1998-02-26,38077.57219241271,1997-12-11,1998-03-04
ECMWF,1998,12,144,1997-11-08,1998-03-31,40809.21840274447,1997-12-25,1997-12-25,38700.7398351489,1998-01-02,1998-01-08,38585.729581963365,1998-01-03,1998-01-16,38433.9988082097,1997-12-24,1998-01-13,38327.625970005305,1997-12-23,1998-01-19,38044.83311103583,1997-12-17,1998-01-20,37833.902995483426,1997-12-08,1998-01-18,37769.16381136306,1997-12-03,1998-01-20,37694.13183916317,1997-11-26,1998-01-20,37572.19355657573,1997-12-12,1998-02-12,37555.5052194237,1997-12-05,1998-02-12,37517.46304841539,1997-11-28,1998-02-12,37451.487517435184,1997-11-25,1998-02-16
ECMWF,1998,13,144,1997-11-08,1998-03-31,41781.574091345894,1998-01-21,1998-01-21,39848.82450859458,1998-01-18,1998-01-24,39061.31091710621,1998-01-11,1998-01-24,38670.91543759033,1998-01-10,1998-01-30,38397.49948036401,1998-01-08,1998-02-04,37951.64683595535,1998-01-03,1998-02-06,37751.256123540814,1997-12-15,1998-01-25,37746.448141730536,1997-12-14,1998-01-31,37680.543523210035,1997-12-12,1998-02-05,37603.06124951646,1997-12-05,1998-02-05,37475.70785378915,1997-11-29,1998-02-06,37393.66723177674,1997-12-03,1998-02-17,37264.25542937609,1997-11-29,1998-02-20
ECMWF,1998,14,144,1997-11-08,1998-03-31,41469.01849840142,1997-11-26,1997-11-26,39623.06327346369,1997-11-24,1997-11-30,38882.507011488764,1997-11-21,1997-12-04,38464.20893196074,1997-11-15,1997-12-05,38287.192670729935,1998-01-10,1998-02-06,38135.822833073726,1998-01-08,1998-02-11,38095.097725541535,1997-12-28,1998-02-07,38067.350830198564,1998-01-13,1998-03-02,38081.03050174657,1998-01-11,1998-03-07,38060.69163749799,1998-01-08,1998-03-11,38013.23615602718,1997-12-28,1998-03-07,37985.17546712035,1997-12-25,1998-03-11,37900.95590972722,1997-12-20,1998-03-13
ECMWF,1998,15,144,1997-11-08,1998-03-31,41453.98238888637,1998-01-01,1998-01-01,39583.755402175266,1998-01-04,1998-01-10,39430.590406282536,1997-12-28,1998-01-10,38930.0009933936,1997-12-23,1998-01-12,38354.24091690353,1997-12-19,1998-01-15,38380.380056503935,1997-12-07,1998-01-10,38353.25571178159,1997-11-30,1998-01-10,38295.16754060246,1997-11-25,1998-01-12,38096.32717458972,1997-11-21,1998-01-15,37872.66053162128,1997-11-21,1998-01-22,37733.949955018084,1997-11-24,1998-02-01,37638.499044580705,1997-11-22,1998-02-06,37495.7884341459,1997-11-18,1998-02-09
ECMWF,1998,16,144,1997-11-08,1998-03-31,44307.08065540264,1998-02-10,1998-02-10,42066.69102540468,1998-02-04,1998-02-10,41542.71294177848,1998-01-29,1998-02-11,41077.04250603154,1998-02-02,1998-02-22,40888.32053122656,1998-01-27,1998-02-23,40611.33991147628,1998-01-14,1998-02-17,40584.36405723224,1998-01-13,1998-02-23,40181.26765697149,1998-01-07,1998-02-24,39926.37533606229,1997-12-31,1998-02-24,39786.377276920604,1997-12-24,1998-02-24,39561.34322365427,1997-12-17,1998-02-24,39478.46757092074,1997-12-09,1998-02-23,39403.85919996853,1997-12-04,1998-02-25
ECMWF,1998,17,144,1997-11-08,1998-03-31,42192.02090177064,1998-01-28,1998-01-28,39834.0404286146,1997-11-30,1997-12-06,39133.854293218465,1997-11-27,1997-12-10,38567.278557775615,1997-11-20,1997-12-10,38294.87046454273,1997-11-13,1997-12-10,37991.722561142014,1998-01-04,1998-02-07,37870.80206785885,1997-11-15,1997-12-26,37783.4623641117,1997-12-21,1998-02-07,37725.657188829966,1997-11-13,1998-01-07,37826.348674773246,1997-11-28,1998-01-29,37880.435008590466,1997-11-29,1998-02-06,37870.1730772737,1997-11-22,1998-02-06,37836.615696604655,1997-11-15,1998-02-06
ECMWF,1998,18,144,1997-11-08,1998-03-31,42195.90216198451,1998-01-01,1998-01-01,39810.44934880103,1997-12-29,1998-01-04,39475.594812890915,1997-12-29,1998-01-11,39200.2486642663,1997-12-25,1998-01-14,39032.18325977705,1997-12-05,1998-01-01,39059.791345871716,1997-12-05,1998-01-08,39018.09593269904,1997-12-04,1998-01-14,38856.57294979138,1997-12-03,1998-01-20,38763.68257640251,1997-12-05,1998-01-29,38757.05864956921,1997-12-03,1998-02-03,38691.23632059994,1997-12-06,1998-02-13,38687.823963009454,1997-12-04,1998-02-18,38591.838962931986,1997-11-26,1998-02-17
ECMWF,1998,19,144,1997-11-08,1998-03-31,42863.56557154298,1997-12-30,1997-12-30,40832.18395520821,1997-12-24,1997-12-30,40000.8728749412,1998-01-13,1998-01-26,39522.57645827484,1997-12-20,1998-01-09,39663.74353320362,1997-12-26,1998-01-22,39676.86123887108,1997-12-23,1998-01-26,39464.006810815445,1997-12-22,1998-02-01,39226.155765274096,1997-12-18,1998-02-04,39029.870231348694,1997-12-25,1998-02-18,39024.479370480934,1997-12-22,1998-02-22,38897.24113524239,1997-12-17,1998-02-24,38752.19830120881,1997-12-10,1998-02-24,38653.64049387629,1997-12-03,1998-02-24
ECMWF,1998,20,144,1997-11-08,1998-03-31,41320.315844388344,1998-02-03,1998-02-03,39275.13030019298,1998-01-29,1998-02-04,38645.0728968153,1998-01-22,1998-02-04,38401.718864072085,1998-01-17,1998-02-06,38140.524741364476,1998-01-10,1998-02-06,38044.362191689914,1998-01-22,1998-02-25,38011.760452389615,1998-01-16,1998-02-26,37932.62357367069,1997-12-20,1998-02-06,37924.40056186029,1997-12-12,1998-02-05,37894.437278017016,1997-12-07,1998-02-07,37829.55898670895,1997-12-19,1998-02-26,37841.89276527609,1997-12-12,1998-02-26,37819.842799094884,1997-12-07,1998-02-28
ECMWF,1998,21,144,1997-11-08,1998-03-31,43489.98701518003,1998-02-04,1998-02-04,41904.45844228152,1998-02-03,1998-02-09,41677.70225599712,1998-02-02,1998-02-15,40942.57293579016,1998-01-30,1998-02-19,40603.11011882763,1998-02-02,1998-03-01,40398.837268589064,1998-01-31,1998-03-06,40247.90982789911,1998-01-09,1998-02-19,40124.083555653764,1998-01-12,1998-03-01,40083.8316128526,1998-01-10,1998-03-06,39880.63073870686,1998-01-04,1998-03-07,39698.26472512134,1997-12-27,1998-03-06,39572.96855706897,1997-12-20,1998-03-06,39376.146180876305,1997-12-17,1998-03-10
ECMWF,1998,22,144,1997-11-08,1998-03-31,42126.0061153586,1998-01-29,1998-01-29,40291.36175254859,1998-01-24,1998-01-30,39909.43854784954,1998-01-22,1998-02-04,39748.77463193633,1998-01-21,1998-02-10,39440.25752155161,1998-01-14,1998-02-10,39140.50873226446,1998-01-12,1998-02-15,38946.428985095044,1997-12-31,1998-02-10,38925.967599176525,1998-01-22,1998-03-11,38910.92908437253,1998-01-18,1998-03-14,38889.52126764105,1998-01-12,1998-03-15,38786.61784536747,1998-01-12,1998-03-22,38696.997726843525,1997-12-31,1998-03-17,38630.38494597434,1997-12-30,1998-03-23
ECMWF,1998,23,144,1997-11-08,1998-03-31,41873.240092160006,1998-02-04,1998-02-04,40206.01722953315,1998-02-02,1998-02-08,39356.67149305254,1998-01-30,1998-02-12,38611.397450666445,1998-01-23,1998-02-12,38223.97188421674,1998-01-16,1998-02-12,38005.19673333026,1998-01-08,1998-02-11,38031.3266418849,1998-01-02,1998-02-12,37891.00929821061,1997-12-25,1998-02-11,37919.06869085696,1997-12-18,1998-02-11,37885.0523362948,1997-12-11,1998-02-11,37845.74999710725,1997-12-08,1998-02-15,37730.960754669184,1997-12-05,1998-02-19,37574.85010585345,1997-12-04,1998-02-25
ECMWF,1998,24,144,1997-11-08,1998-03-31,40815.83333303235,1997-12-24,1997-12-24,38860.35316149569,1998-01-21,1998-01-27,38571.119231272896,1998-01-15,1998-01-28,38211.370271208274,1998-01-09,1998-01-29,37945.832055872444,1998-01-12,1998-02-08,37818.31902674234,1998-01-09,1998-02-12,37906.15421890392,1997-12-17,1998-01-27,37875.92798118229,1997-12-13,1998-01-30,37790.17600326305,1997-12-13,1998-02-06,37733.377085305285,1997-12-11,1998-02-11,37662.18463507466,1997-12-17,1998-02-24,37659.26465673836,1997-12-11,1998-02-25,37598.79122200025,1997-12-09,1998-03-02
ECMWF,1999,0,144,1998-11-08,1999-03-31,41641.07734174752,1999-03-03,1999-03-03,39791.64240532032,1999-02-26,1999-03-04,38967.50077252973,1999-02-21,1999-03-06,38611.39858974688,1999-01-23,1999-02-12,38478.35029249444,1999-02-06,1999-03-05,38467.28350087313,1999-01-29,1999-03-04,38507.96594598697,1999-01-23,1999-03-05,38376.697707437816,1999-01-19,1999-03-08,38277.01817776018,1999-01-09,1999-03-05,38340.00340322141,1999-01-02,1999-03-05,38325.98187629948,1998-12-26,1999-03-05,38290.14175837973,1998-12-19,1999-03-05,38233.457171604976,1998-12-13,1999-03-06
ECMWF,1999,1,144,1998-11-08,1999-03-31,44184.423954693266,1999-01-19,1999-01-19,41496.66387971024,1999-01-14,1999-01-20,40847.682938690974,1999-01-15,1999-01-28,40530.63281188983,1999-01-11,1999-01-31,40174.2792192766,1999-01-06,1999-02-02,39807.27852923325,1999-01-01,1999-02-04,39506.03264098832,1999-01-02,1999-02-12,39342.86243255596,1998-12-16,1999-02-02,39250.5395004265,1998-12-11,1999-02-04,39193.15493212927,1998-12-02,1999-02-02,39065.78289943503,1998-12-05,1999-02-12,39001.62961734238,1998-12-02,1999-02-16,38834.34383790587,1998-11-30,1999-02-21
ECMWF,1999,2,144,1998-11-08,1999-03-31,43475.63120758469,1999-01-28,1999-01-28,41229.68050707429,1999-01-25,1999-01-31,40707.735483425015,1999-01-07,1999-01-20,40763.97530608239,1999-01-11,1999-01-31,40620.80625259426,1999-01-04,1999-01-31,40168.596334076516,1998-12-31,1999-02-03,39845.44161580283,1998-12-23,1999-02-02,39380.63326395633,1998-12-19,1999-02-05,39159.828875433945,1998-12-10,1999-02-03,38932.586994136655,1998-12-04,1999-02-04,38643.7774390689,1998-11-26,1999-02-03,38420.37747810156,1998-11-24,1999-02-08,38297.88481153663,1998-12-07,1999-02-28
ECMWF,1999,3,144,1998-11-08,1999-03-31,43078.0081427537,1999-01-07,1999-01-07,41120.19192499701,1999-01-04,1999-01-10,40100.165706726264,1998-12-30,1999-01-12,39694.28076112094,1998-12-21,1999-01-10,39488.22576265749,1998-12-17,1999-01-13,39264.9367155134,1998-12-08,1999-01-11,39179.20549577022,1998-12-03,1999-01-13,39011.11889579265,1998-12-13,1999-01-30,39008.116674856334,1998-12-05,1999-01-29,38874.46422082039,1998-12-01,1999-02-01,38711.35299400493,1998-12-01,1999-02-08,38624.88412237778,1998-11-15,1999-01-30,38514.13592032963,1998-11-14,1999-02-05
ECMWF,1999,4,144,1998-11-08,1999-03-31,42511.51657068322,1999-01-27,1999-01-27,40683.053887960494,1999-01-25,1999-01-31,40494.085628751614,1999-01-18,1999-01-31,40308.497844186844,1999-01-14,1999-02-03,40094.79391158157,1999-01-07,1999-02-03,40138.318315141674,1998-12-28,1999-01-31,40042.500310529635,1998-12-28,1999-02-07,39874.82365937237,1998-12-21,1999-02-07,39624.5762989843,1998-12-18,1999-02-11,39329.65955277222,1998-12-11,1999-02-11,39030.45086537049,1998-12-10,1999-02-17,38786.77616295216,1998-12-10,1999-02-24,38535.3649507497,1998-12-06,1999-02-27
ECMWF,1999,5,144,1998-11-08,1999-03-31,44278.439343363265,1999-02-09,1999-02-09,41982.97230892345,1999-02-06,1999-02-12,41261.24913156573,1999-02-02,1999-02-15,40837.87413632829,1999-01-26,1999-02-15,40358.5162367958,1999-01-20,1999-02-16,39887.50563319011,1999-01-13,1999-02-16,39530.10919858714,1999-01-07,1999-02-17,39219.57179748856,1999-01-02,1999-02-19,38959.947341616724,1999-01-06,1999-03-02,38748.57529835184,1999-01-02,1999-03-05,38543.52896919075,1998-12-26,1999-03-05,38395.64663099131,1998-12-12,1999-02-26,38295.35472163674,1998-12-11,1999-03-04
ECMWF,1999,6,144,1998-11-08,1999-03-31,42218.07857274148,1999-01-06,1999-01-06,39928.49579770589,1999-01-02,1999-01-08,39613.90884294035,1999-01-04,1999-01-17,39439.64533228846,1998-12-31,1999-01-20,39168.73466506064,1998-12-24,1999-01-20,38911.47197830439,1998-12-22,1999-01-25,38836.32370534415,1999-01-02,1999-02-12,38788.90832521314,1998-12-27,1999-02-13,38714.31348648786,1998-12-21,1999-02-14,38570.9959575566,1998-12-22,1999-02-22,38489.18846300202,1998-12-05,1999-02-12,38454.63599646971,1998-12-01,1999-02-15,38374.678976910334,1998-12-01,1999-02-22
ECMWF,1999,7,144,1998-11-08,1999-03-31,42867.35369081264,1998-12-30,1998-12-30,41175.23448206573,1998-12-29,1999-01-04,40496.34623684932,1998-12-27,1999-01-09,39813.92152702416,1998-12-24,1999-01-13,39247.3597744904,1998-12-22,1999-01-18,38890.37101674961,1998-12-22,1999-01-25,38840.15543385943,1998-12-28,1999-02-07,38991.40928351295,1998-12-29,1999-02-15,38946.414266365566,1998-12-24,1999-02-17,38871.05193070044,1998-12-25,1999-02-25,38747.97475097765,1998-12-22,1999-03-01,38593.180158051255,1998-12-15,1999-03-01,38504.46591470424,1998-12-05,1999-02-26
ECMWF,1999,8,144,1998-11-08,1999-03-31,41505.86180380413,1999-02-10,1999-02-10,39355.2954951521,1999-01-14,1999-01-20,39077.88872214888,1999-01-13,1999-01-26,38956.26401333298,1999-01-13,1999-02-02,38830.744036306285,1999-01-14,1999-02-10,38741.88969528295,1999-01-13,1999-02-16,38669.53416056621,1999-01-15,1999-02-25,38699.93413525996,1999-01-13,1999-03-02,38674.12170221848,1999-01-12,1999-03-08,38468.5870530159,1999-01-06,1999-03-09,38349.197703838945,1998-12-26,1999-03-05,38362.77670934283,1998-12-22,1999-03-08,38334.59467409208,1998-12-15,1999-03-08
ECMWF,1999,9,144,1998-11-08,1999-03-31,43019.63130459264,1999-01-28,1999-01-28,40901.71179907517,1999-01-24,1999-01-30,39817.3750989117,1999-01-20,1999-02-02,39357.647540058955,1999-02-18,1999-03-10,38892.95369370941,1999-02-13,1999-03-12,38643.54338814271,1998-11-22,1998-12-26,38654.055755808935,1999-01-25,1999-03-07,38735.52375772637,1999-01-21,1999-03-10,38604.77827207723,1999-01-14,1999-03-10,38443.79249614948,1999-01-07,1999-03-10,38427.14604803924,1998-11-24,1999-02-01,38340.420944618476,1998-11-18,1999-02-02,38414.507055674534,1998-12-17,1999-03-10
ECMWF,1999,10,144,1998-11-08,1999-03-31,41788.541003034945,1998-12-09,1998-12-09,40009.69008633095,1999-02-08,1999-02-14,38915.197842512476,1999-02-05,1999-02-18,38191.17330542558,1999-01-29,1999-02-18,38172.79131356764,1998-11-17,1998-12-14,37896.727134141904,1998-11-15,1998-12-19,37616.42745796079,1999-01-30,1999-03-12,37432.81221509741,1999-01-26,1999-03-15,37277.88474171303,1998-11-15,1999-01-09,37162.32323247295,1998-11-15,1999-01-16,37054.49962165946,1998-12-08,1999-02-15,37132.39603697123,1998-12-03,1999-02-17,37106.70766753446,1998-11-27,1999-02-18
ECMWF,1999,11,144,1998-11-08,1999-03-31,41746.702511031726,1999-01-07,1999-01-07,40013.14504451711,1999-01-07,1999-01-13,39764.86578030058,1998-12-31,1999-01-13,39022.96825437885,1998-12-30,1999-01-19,38796.398136857446,1998-12-18,1999-01-14,38509.2948202554,1998-12-14,1999-01-17,38287.84175920658,1998-12-13,1999-01-23,38031.80563206118,1998-12-13,1999-01-30,37857.22623510651,1998-12-12,1999-02-05,37668.52292273899,1998-12-13,1999-02-13,37517.793952821485,1998-12-12,1999-02-19,37396.916269788,1998-12-11,1999-02-25,37263.559802896474,1998-11-23,1999-02-14
ECMWF,1999,12,144,1998-11-08,1999-03-31,42450.09166284522,1998-12-30,1998-12-30,40686.21552689672,1998-12-24,1998-12-30,40537.51237786648,1998-12-21,1999-01-03,40294.827210805626,1998-12-18,1999-01-07,39838.28577891366,1998-12-17,1999-01-13,39483.91570070198,1998-12-05,1999-01-08,39358.0141221291,1998-12-01,1999-01-11,39128.62622826328,1998-11-30,1999-01-17,38794.95175342986,1998-11-28,1999-01-22,38670.94687225,1998-11-30,1999-01-31,38592.59417199011,1998-11-29,1999-02-06,38485.26824217413,1998-11-28,1999-02-12,38312.745616196386,1998-11-27,1999-02-18
ECMWF,1999,13,144,1998-11-08,1999-03-31,42961.85170573621,1999-01-05,1999-01-05,41235.91610576482,1998-12-30,1999-01-05,40453.47480376814,1998-12-29,1999-01-11,40193.95546660916,1998-12-30,1999-01-19,39825.26894559512,1998-12-27,1999-01-23,39573.16920823729,1998-12-03,1999-01-06,39564.695844811235,1998-12-01,1999-01-11,39594.95614255909,1998-12-02,1999-01-19,39514.222073861405,1998-11-28,1999-01-22,39438.193821012064,1998-11-19,1999-01-20,39291.73314954966,1998-11-15,1999-01-23,39020.77035748069,1998-11-13,1999-01-28,38724.055270765886,1998-11-12,1999-02-03
ECMWF,1999,14,144,1998-11-08,1999-03-31,41554.75832114905,1999-02-08,1999-02-08,40059.300355280066,1999-02-02,1999-02-08,39544.75960893648,1999-01-26,1999-02-08,39366.5127954428,1999-01-25,1999-02-14,39200.34393098425,1999-01-21,1999-02-17,39078.48582852031,1999-01-13,1999-02-16,38915.50562896029,1999-01-06,1999-02-16,38768.97596440808,1999-01-13,1999-03-02,38685.42954775208,1999-01-06,1999-03-02,38562.691613517105,1999-01-02,1999-03-05,38490.74227286564,1998-12-25,1999-03-04,38446.11211687264,1998-12-18,1999-03-04,38327.54177695393,1998-12-16,1999-03-09
ECMWF,1999,15,144,1998-11-08,1999-03-31,42548.286220552225,1999-02-10,1999-02-10,40483.34464593707,1999-02-05,1999-02-11,40241.73905116243,1999-01-28,1999-02-10,40146.11356640565,1999-01-22,1999-02-11,39771.69587655277,1999-01-21,1999-02-17,39544.66352933951,1999-01-11,1999-02-14,39384.33626610528,1999-01-01,1999-02-11,39330.34017754445,1998-12-28,1999-02-14,39247.140751314124,1998-12-22,1999-02-15,39041.97975668128,1998-12-18,1999-02-18,38821.372448928,1998-12-11,1999-02-18,38601.862105461616,1998-12-28,1999-03-14,38610.077244693486,1998-12-23,1999-03-16
ECMWF,1999,16,144,1998-11-08,1999-03-31,42446.11355121948,1999-01-08,1999-01-08,40934.756015300285,1999-01-05,1999-01-11,40676.782580729625,1999-01-04,1999-01-17,40397.28166901822,1999-01-03,1999-01-23,39711.80985149474,1999-01-03,1999-01-30,39631.02511693502,1999-01-03,1999-02-06,39322.170692102874,1999-01-01,1999-02-11,39054.60598352102,1998-12-22,1999-02-08,38828.83858146117,1998-12-18,1999-02-11,38567.79557960854,1998-12-12,1999-02-12,38538.57155605074,1998-11-28,1999-02-05,38509.5033822677,1998-11-27,1999-02-11,38451.0648802793,1998-11-16,1999-02-07
ECMWF,1999,17,144,1998-11-08,1999-03-31,41168.05230191896,1999-01-12,1999-01-12,39362.91719492973,1999-02-10,1999-02-16,38867.30199970141,1999-02-09,1999-02-22,38682.46206583917,1999-02-01,1999-02-21,38490.020852126436,1999-01-28,1999-02-24,38260.15743967527,1999-01-21,1999-02-24,38223.78162783317,1999-01-09,1999-02-19,38222.631514479035,1999-01-04,1999-02-21,38125.8565828225,1998-12-31,1999-02-24,38009.37237639793,1998-12-24,1999-02-24,38006.96088783003,1998-12-15,1999-02-22,37927.947883383,1998-12-12,1999-02-26,37786.370836393835,1998-12-07,1999-02-28
ECMWF,1999,18,144,1998-11-08,1999-03-31,43211.48672163583,1999-01-20,1999-01-20,41264.26007376577,1999-01-12,1999-01-18,41148.0922601522,1999-01-09,1999-01-22,40662.72223612315,1999-01-06,1999-01-26,40155.41905430018,1999-01-06,1999-02-02,39691.40204459464,1998-12-31,1999-02-03,39292.101138897124,1998-12-24,1999-02-03,38949.84139689498,1998-12-25,1999-02-11,38734.945354422634,1999-01-03,1999-02-27,38693.88533107304,1998-12-03,1999-02-03,38546.80251095675,1998-11-18,1999-01-26,38554.68496530899,1998-11-18,1999-02-02,38455.80012470028,1998-11-13,1999-02-04
ECMWF,1999,19,144,1998-11-08,1999-03-31,41346.32063189038,1999-02-01,1999-02-01,39991.527708778136,1999-01-26,1999-02-01,39283.84708900733,1999-01-23,1999-02-05,39265.14797933252,1999-01-13,1999-02-02,39068.77176898677,1999-01-09,1999-02-05,38685.11455338067,1999-01-08,1999-02-11,38374.59882538124,1999-01-07,1999-02-17,38112.55057558343,1998-12-20,1999-02-06,37993.04521784569,1998-12-13,1999-02-06,37891.78049200068,1998-12-14,1999-02-14,37742.51388181975,1998-12-10,1999-02-17,37805.8093183349,1998-11-18,1999-02-02,37827.72965083088,1998-11-15,1999-02-06
ECMWF,1999,20,144,1998-11-08,1999-03-31,42170.19404571934,1999-02-16,1999-02-16,40315.996339468504,1999-02-13,1999-02-19,39793.539099113994,1999-02-06,1999-02-19,39643.28410458944,1999-02-03,1999-02-23,39251.25769848142,1999-01-30,1999-02-26,38806.237846568154,1999-01-23,1999-02-26,38815.628841583464,1999-01-13,1999-02-23,38815.90452323529,1999-01-09,1999-02-26,38787.210190374775,1998-12-28,1999-02-21,38788.41694494792,1998-12-22,1999-02-22,38738.00773004076,1998-12-19,1999-02-26,38694.27204953665,1998-12-11,1999-02-25,38540.53036220352,1998-12-10,1999-03-03
ECMWF,1999,21,144,1998-11-08,1999-03-31,44229.924587019595,1999-02-03,1999-02-03,41780.3234630616,1999-01-31,1999-02-06,40379.22420987976,1998-12-26,1999-01-08,39816.18056182587,1998-12-24,1999-01-13,39396.36245283547,1998-12-24,1999-01-20,39200.35563527869,1999-01-03,1999-02-06,39495.650545903736,1998-12-28,1999-02-07,39418.39097845866,1998-12-24,1999-02-10,39070.47096244485,1998-12-19,1999-02-12,38914.610113270755,1998-12-08,1999-02-08,38855.965919014314,1998-12-04,1999-02-11,38626.36991251982,1998-11-29,1999-02-13,38411.354174345906,1998-11-19,1999-02-10
ECMWF,1999,22,144,1998-11-08,1999-03-31,43985.81182626246,1998-12-24,1998-12-24,41849.209638506116,1998-12-23,1998-12-29,40880.6535331079,1998-12-19,1999-01-01,40105.61814729191,1998-12-18,1999-01-07,39639.81717830126,1998-12-17,1999-01-13,39309.63116277343,1998-12-13,1999-01-16,39498.67362001739,1998-12-22,1999-02-01,39482.084564883015,1998-12-18,1999-02-04,39326.493788922504,1998-12-13,1999-02-06,39052.91561574302,1998-12-11,1999-02-11,38860.548692597244,1998-11-24,1999-02-01,38912.19137214747,1998-11-19,1999-02-03,38846.81959567863,1998-11-16,1999-02-07
ECMWF,1999,23,144,1998-11-08,1999-03-31,42868.03966572062,1999-03-10,1999-03-10,41025.54114768959,1999-02-24,1999-03-02,40857.9932811138,1999-02-25,1999-03-10,40747.432024013564,1999-02-20,1999-03-12,40464.95257212115,1999-02-17,1999-03-16,40163.9959076014,1999-02-10,1999-03-16,39874.90728719211,1999-02-08,1999-03-21,39592.58513257853,1999-02-04,1999-03-24,39265.919871420265,1999-01-28,1999-03-24,39111.07579956989,1999-01-21,1999-03-24,39143.79356199421,1999-01-06,1999-03-16,39093.77898339795,1999-01-03,1999-03-20,38992.30235361317,1999-01-01,1999-03-25
ECMWF,1999,24,144,1998-11-08,1999-03-31,41894.28741467656,1998-11-24,1998-11-24,40101.87988958052,1998-11-23,1998-11-29,39574.66591746708,1998-11-18,1998-12-01,38740.36376289018,1998-11-16,1998-12-06,38403.90753221825,1998-11-08,1998-12-05,38208.18631482635,1999-01-23,1999-02-26,38150.73372041528,1999-01-24,1999-03-06,38047.28188070825,1999-01-22,1999-03-11,37928.59226624834,1998-11-08,1999-01-02,37739.61231005027,1998-11-08,1999-01-09,37642.819762753534,1998-12-19,1999-02-26,37685.63571422157,1998-12-21,1999-03-07,37670.96104581155,1998-11-17,1999-02-08
ECMWF,2000,0,145,1999-11-08,2000-03-31,44424.462342605206,2000-01-18,2000-01-18,42453.02130684127,2000-01-15,2000-01-21,42185.413929206705,2000-01-08,2000-01-21,42047.92061844266,2000-01-01,2000-01-21,41855.4187536743,1999-12-26,2000-01-22,41358.37813937402,1999-12-24,2000-01-27,40916.85507003748,1999-12-24,2000-02-03,40564.987790976935,1999-12-04,2000-01-21,40544.09757713544,1999-11-29,2000-01-23,40385.84750044659,1999-11-26,2000-01-27,40219.38334914687,1999-11-27,2000-02-04,40029.56504469159,1999-11-26,2000-02-10,39779.4910180194,1999-11-25,2000-02-16
ECMWF,2000,1,145,1999-11-08,2000-03-31,42576.55249710789,1999-12-06,1999-12-06,40840.67656444716,1999-12-01,1999-12-07,39999.741309938676,1999-11-28,1999-12-11,39776.41259421782,1999-11-28,1999-12-18,39285.87221018415,1999-11-24,1999-12-21,38979.4828327547,1999-11-30,2000-01-03,39087.85868210811,1999-11-28,2000-01-08,38963.91849960938,1999-11-28,2000-01-15,38770.66630140549,1999-11-22,2000-01-16,38599.87577531438,1999-11-15,2000-01-16,38437.76703783918,1999-11-11,2000-01-19,38216.1588215063,1999-11-10,2000-01-25,38127.27628134139,1999-11-16,2000-02-07
ECMWF,2000,2,145,1999-11-08,2000-03-31,44310.70115747433,1999-12-21,1999-12-21,42209.41084665321,1999-12-20,1999-12-26,41539.67131840436,1999-12-13,1999-12-26,40707.73556288975,2000-01-28,2000-02-17,40287.43000698516,1999-12-13,2000-01-09,39904.08770500135,1999-11-22,1999-12-26,39793.80155524156,1999-11-19,1999-12-30,39694.35510432543,1999-11-19,2000-01-06,39617.45896393878,1999-12-14,2000-02-07,39732.16176821263,1999-12-13,2000-02-13,39678.25091170088,1999-12-10,2000-02-17,39502.25740071311,1999-12-06,2000-02-20,39502.54598350931,1999-11-22,2000-02-13
ECMWF,2000,3,145,1999-11-08,2000-03-31,41785.95218361794,2000-01-26,2000-01-26,39864.67333850909,2000-01-25,2000-01-31,39198.874199660284,2000-01-20,2000-02-02,38641.19378063402,2000-01-16,2000-02-05,38161.94128175075,2000-01-10,2000-02-06,37959.593249834805,1999-12-29,2000-02-01,37956.88678911547,1999-12-26,2000-02-05,37751.28020460286,1999-12-20,2000-02-06,37667.07770634225,2000-01-13,2000-03-08,37552.531270125415,2000-01-05,2000-03-07,37591.515391889436,1999-12-27,2000-03-05,37563.30379374736,1999-12-22,2000-03-07,37436.557919782004,1999-12-19,2000-03-11
ECMWF,2000,4,145,1999-11-08,2000-03-31,42315.349913822,2000-01-06,2000-01-06,40497.38868602151,2000-01-01,2000-01-07,40382.04985515346,1999-12-29,2000-01-11,40046.6815368693,1999-12-24,2000-01-13,39674.09650564123,2000-01-01,2000-01-28,39729.882448796285,1999-12-26,2000-01-29,39526.378177095234,1999-12-21,2000-01-31,39258.76718913665,1999-12-21,2000-02-07,39122.984795066994,1999-12-04,2000-01-28,39098.3231660904,1999-11-30,2000-01-31,38953.800975619866,1999-11-30,2000-02-07,38817.30982844249,1999-11-24,2000-02-08,38643.745806541214,1999-11-18,2000-02-09
ECMWF,2000,5,145,1999-11-08,2000-03-31,41993.90652790164,2000-01-27,2000-01-27,40281.51943468433,2000-01-25,2000-01-31,39735.872304197495,2000-01-24,2000-02-06,39249.51147376822,1999-12-09,1999-12-29,39276.99857688163,1999-12-11,2000-01-07,39099.50571292947,1999-12-07,2000-01-10,38948.88972162432,1999-11-29,2000-01-09,38969.54594059721,1999-11-22,2000-01-09,38961.53107144069,1999-12-11,2000-02-04,38909.18189221611,1999-12-07,2000-02-07,38840.19984835865,1999-11-24,2000-02-01,38855.06211840551,1999-11-23,2000-02-07,38762.5458489353,1999-11-19,2000-02-10
ECMWF,2000,6,145,1999-11-08,2000-03-31,42209.31257785535,2000-02-02,2000-02-02,39790.48130260289,1999-12-01,1999-12-07,39081.672571291914,2000-02-02,2000-02-15,38952.567464139036,2000-01-27,2000-02-16,38677.760768887456,2000-01-21,2000-02-17,38477.97546854192,2000-01-15,2000-02-18,38205.55197884272,2000-01-14,2000-02-24,38026.79852444444,2000-01-13,2000-03-01,37753.62089812012,2000-01-09,2000-03-04,37661.41947187973,1999-12-18,2000-02-18,37707.56155272422,1999-11-30,2000-02-07,37777.77058461573,1999-12-02,2000-02-16,37772.63537294393,1999-11-25,2000-02-16
ECMWF,2000,7,145,1999-11-08,2000-03-31,44569.95297528589,1999-12-14,1999-12-14,42494.22407157027,1999-12-11,1999-12-17,41815.61925346316,1999-12-08,1999-12-21,41417.46875698391,1999-12-01,1999-12-21,41093.75636754979,1999-11-27,1999-12-24,40913.487181933,1999-11-28,2000-01-01,40673.97422654643,1999-11-27,2000-01-07,40397.2078353073,1999-11-25,2000-01-12,40095.62498113824,1999-11-23,2000-01-17,39813.32943955977,1999-11-20,2000-01-21,39609.387468900284,1999-11-25,2000-02-02,39520.584819523545,1999-11-24,2000-02-08,39478.07383060629,1999-11-25,2000-02-16
ECMWF,2000,8,145,1999-11-08,2000-03-31,44268.65115193822,2000-01-12,2000-01-12,41647.637985019785,2000-01-06,2000-01-12,41429.82804175095,1999-12-30,2000-01-12,41263.420349028835,1999-12-27,2000-01-16,40881.38934766949,1999-12-23,2000-01-19,40534.085248090196,1999-12-15,2000-01-18,40219.48895472685,1999-12-12,2000-01-22,40103.50866309601,1999-12-04,2000-01-21,40052.80304843285,1999-12-24,2000-02-17,39935.676718067974,1999-12-16,2000-02-16,39818.49977619546,1999-12-12,2000-02-19,39781.789787013186,1999-12-03,2000-02-17,39630.693100834906,1999-12-02,2000-02-23
ECMWF,2000,9,145,1999-11-08,2000-03-31,43317.16693256791,1999-12-15,1999-12-15,41247.820747385675,1999-12-09,1999-12-15,40670.7441694637,1999-12-04,1999-12-17,40194.03829128906,1999-11-27,1999-12-17,39632.15803132184,1999-11-24,1999-12-21,39144.52794113781,1999-11-18,1999-12-22,38797.726028022415,1999-11-25,2000-01-05,38857.83757169981,1999-11-27,2000-01-14,38792.55336717751,1999-11-25,2000-01-19,38657.83248699804,1999-11-25,2000-01-26,38575.214702813944,1999-11-25,2000-02-02,38484.77027539214,1999-11-25,2000-02-09,38426.24930667412,1999-11-24,2000-02-15
ECMWF,2000,10,145,1999-11-08,2000-03-31,43877.05092433812,1999-12-16,1999-12-16,42112.48686199706,1999-12-11,1999-12-17,41974.5863483532,1999-12-04,1999-12-17,41495.19833949917,1999-11-27,1999-12-17,41096.2738439985,1999-11-22,1999-12-19,40634.753725904164,1999-12-01,2000-01-04,40565.63934998615,1999-11-29,2000-01-09,40482.14111498047,1999-11-22,2000-01-09,40175.60361922714,1999-11-18,2000-01-12,39773.412983819544,1999-11-19,2000-01-20,39491.98148146714,1999-11-17,2000-01-25,39364.05518485068,1999-11-22,2000-02-06,39308.96523634803,1999-11-20,2000-02-11
ECMWF,2000,11,145,1999-11-08,2000-03-31,45231.79259388734,1999-12-29,1999-12-29,42708.793570059584,1999-12-26,2000-01-01,41912.675384446826,1999-12-23,2000-01-05,41030.900394074735,1999-12-16,2000-01-05,40733.560708164456,1999-12-09,2000-01-05,40527.41494502964,1999-12-02,2000-01-05,40157.08925732767,1999-11-28,2000-01-08,39758.184486837126,1999-12-01,2000-01-18,39711.63549699156,1999-12-13,2000-02-06,39705.28718966568,1999-12-11,2000-02-11,39707.895865946724,1999-12-04,2000-02-11,39596.309639477025,1999-11-28,2000-02-12,39429.13782818059,1999-12-04,2000-02-25
ECMWF,2000,12,145,1999-11-08,2000-03-31,41609.819068478675,2000-01-18,2000-01-18,39267.48927879443,2000-01-14,2000-01-20,38778.98966878839,2000-01-14,2000-01-27,38443.534026314446,2000-01-06,2000-01-26,38353.709791137764,1999-12-30,2000-01-26,38231.554604015466,1999-12-30,2000-02-02,38045.77931899474,1999-12-27,2000-02-06,37858.3547565158,1999-12-19,2000-02-05,37676.778114140034,1999-12-14,2000-02-07,37580.587834800404,1999-12-04,2000-02-04,37581.06544051731,1999-11-19,2000-01-27,37577.70790554692,1999-11-19,2000-02-03,37471.31356461551,1999-11-19,2000-02-10
ECMWF,2000,13,145,1999-11-08,2000-03-31,43584.69240545785,2000-02-02,2000-02-02,41581.3526941967,2000-01-31,2000-02-06,41093.2883001362,2000-01-24,2000-02-06,40884.29458187759,2000-01-19,2000-02-08,40607.20122973486,2000-01-28,2000-02-24,40626.93502727148,2000-01-21,2000-02-24,40404.349152684124,2000-01-17,2000-02-27,40097.88526696704,2000-01-17,2000-03-05,39827.547417189206,2000-01-09,2000-03-04,39579.7150721655,2000-01-02,2000-03-04,39429.173652241436,1999-12-17,2000-02-24,39389.71852222502,1999-12-14,2000-02-28,39290.57744589901,1999-12-11,2000-03-03
ECMWF,2000,14,145,1999-11-08,2000-03-31,44977.571984860704,2000-01-25,2000-01-25,43163.39108371851,2000-01-23,2000-01-29,42090.53253645888,2000-01-21,2000-02-03,41581.114601247726,2000-01-15,2000-02-04,40815.901253178374,2000-01-02,2000-01-29,40967.89810123472,1999-12-29,2000-02-01,40734.06476740833,1999-12-25,2000-02-04,40493.97637071318,1999-12-17,2000-02-03,40249.70103735176,1999-12-14,2000-02-07,40014.94002385876,1999-12-07,2000-02-07,39875.10026643804,1999-11-29,2000-02-06,39746.03940586915,1999-12-16,2000-03-01,39679.91239077753,1999-12-15,2000-03-07
ECMWF,2000,15,145,1999-11-08,2000-03-31,40734.84264978116,2000-02-15,2000-02-15,39039.36372063127,2000-02-13,2000-02-19,38279.517896294936,2000-02-09,2000-02-22,37748.27037753844,2000-02-03,2000-02-23,37839.08729727311,2000-01-24,2000-02-20,37607.382660076575,2000-01-24,2000-02-27,37484.19369388433,2000-01-09,2000-02-19,37463.07197145204,2000-01-06,2000-02-23,37356.04479701979,2000-01-06,2000-03-01,37214.15075902517,1999-12-30,2000-03-01,37080.80221832499,1999-12-26,2000-03-04,37058.80787411039,1999-12-09,2000-02-23,37021.145099267356,1999-12-09,2000-03-01
ECMWF,2000,16,145,1999-11-08,2000-03-31,42883.12882749281,1999-12-09,1999-12-09,40917.19388157416,1999-12-08,1999-12-14,40372.80941414495,1999-12-04,1999-12-17,39875.70610295082,1999-12-03,1999-12-23,39652.874623066265,1999-12-02,1999-12-29,39510.86173685109,1999-12-02,2000-01-05,39377.41800878424,1999-11-25,2000-01-05,39210.541004694605,1999-11-21,2000-01-08,38937.56907537538,1999-11-20,2000-01-14,38798.036327993526,1999-11-20,2000-01-21,38688.548750272006,1999-12-01,2000-02-08,38699.68586515694,1999-11-24,2000-02-08,38624.59539338248,1999-11-24,2000-02-15
ECMWF,2000,17,145,1999-11-08,2000-03-31,41077.56723295336,2000-02-17,2000-02-17,39512.835897887606,2000-02-15,2000-02-21,38900.25563687058,2000-02-10,2000-02-23,38579.846912171706,2000-02-09,2000-02-29,38334.78475649333,2000-02-04,2000-03-02,38241.74223338226,2000-01-24,2000-02-27,38188.48624677744,2000-01-19,2000-02-29,38066.13398999647,2000-01-16,2000-03-04,37871.89758318138,2000-01-09,2000-03-04,37742.00967088579,1999-12-31,2000-03-02,37751.72966239886,1999-12-14,2000-02-21,37803.80522909648,1999-12-09,2000-02-23,37806.492354670394,1999-12-08,2000-02-29
ECMWF,2000,18,145,1999-11-08,2000-03-31,42070.27697631114,2000-01-11,2000-01-11,39126.517518121465,2000-01-09,2000-01-15,38518.616892671234,2000-01-09,2000-01-22,38139.688824446675,2000-01-08,2000-01-28,37836.961691666955,2000-01-07,2000-02-03,37799.43747586063,2000-01-08,2000-02-11,37711.56517440191,2000-01-06,2000-02-16,37725.77366095821,1999-11-27,2000-01-14,37746.28180963173,1999-11-27,2000-01-21,37713.27920988089,1999-11-26,2000-01-27,37645.73583399252,1999-11-26,2000-02-03,37640.26794782292,1999-11-26,2000-02-10,37612.39248491287,1999-11-25,2000-02-16
ECMWF,2000,19,145,1999-11-08,2000-03-31,44122.76657779807,2000-01-26,2000-01-26,41747.337312050164,2000-01-21,2000-01-27,41242.570930645226,2000-01-15,2000-01-28,41191.34273262236,2000-01-07,2000-01-27,41111.3607541945,2000-01-04,2000-01-31,41097.64583922445,1999-12-25,2000-01-28,40967.16502076916,1999-12-26,2000-02-05,40771.87914052855,1999-12-22,2000-02-08,40614.03933280489,1999-12-22,2000-02-15,40336.41801836246,1999-12-20,2000-02-20,40205.62497130254,1999-12-08,2000-02-15,40027.628153198704,1999-12-04,2000-02-18,39822.97316104144,1999-11-30,2000-02-21
ECMWF,2000,20,145,1999-11-08,2000-03-31,44381.30690706299,2000-01-18,2000-01-18,42159.4989607609,2000-01-16,2000-01-22,42053.15478080364,2000-01-06,2000-01-19,41854.792584613846,2000-01-04,2000-01-24,41157.40634756588,1999-12-29,2000-01-25,40864.09368543875,1999-12-22,2000-01-25,40633.71950604499,1999-12-14,2000-01-24,40402.599081898945,1999-12-11,2000-01-28,40210.94133291007,1999-12-12,2000-02-05,40038.8003396599,1999-12-12,2000-02-12,39979.35649817836,1999-12-12,2000-02-19,39850.27471810833,1999-12-23,2000-03-08,39802.58681672789,1999-12-13,2000-03-05
ECMWF,2000,21,145,1999-11-08,2000-03-31,43371.77841653104,2000-01-18,2000-01-18,41852.60479727557,2000-01-12,2000-01-18,41342.191038941135,2000-01-07,2000-01-20,41192.1233775656,1999-12-31,2000-01-20,40848.32542894889,1999-12-29,2000-01-25,40502.355424486384,1999-12-29,2000-02-01,40189.13948664005,1999-12-27,2000-02-06,39918.72770938159,1999-12-29,2000-02-15,39907.37067045541,1999-12-29,2000-02-22,39870.48855932001,1999-12-29,2000-02-29,39836.69536584127,1999-12-28,2000-03-06,39668.00136733874,1999-12-28,2000-03-13,39484.53823449987,1999-12-25,2000-03-17
ECMWF,2000,22,145,1999-11-08,2000-03-31,42044.135036700594,2000-01-20,2000-01-20,39988.72668186614,2000-01-18,2000-01-24,39134.51811058292,2000-01-14,2000-01-27,39016.70461243248,2000-01-03,2000-01-23,38852.12306436727,2000-01-01,2000-01-28,38566.06402140521,1999-12-23,2000-01-26,38482.70109718296,1999-12-17,2000-01-27,38247.66949678532,1999-12-13,2000-01-30,38050.59751699617,1999-12-12,2000-02-05,38019.16031912476,1999-11-23,2000-01-24,38124.30131158489,1999-11-17,2000-01-25,38094.786197543974,1999-11-13,2000-01-28,37976.17776564191,1999-11-13,2000-02-04
ECMWF,2000,23,145,1999-11-08,2000-03-31,41875.84274540263,1999-12-22,1999-12-22,39842.39121398609,1999-12-27,2000-01-02,39665.270557438314,1999-12-20,2000-01-02,39564.2251151778,1999-12-14,2000-01-03,39514.02926936294,1999-12-08,2000-01-04,39351.24431608336,1999-12-01,2000-01-04,39281.58476017871,1999-11-29,2000-01-09,39110.663256752036,1999-11-26,2000-01-13,38887.91708458089,1999-11-23,2000-01-17,38735.511675360736,1999-11-28,2000-01-29,38711.15482705678,1999-11-27,2000-02-04,38584.181228152745,1999-11-28,2000-02-12,38508.50176309691,1999-11-26,2000-02-17
ECMWF,2000,24,145,1999-11-08,2000-03-31,40975.61031283857,1999-12-21,1999-12-21,38585.520287585154,2000-02-12,2000-02-18,38382.793868659275,1999-12-08,1999-12-21,38166.01237440845,1999-12-06,1999-12-26,37847.27621354646,1999-11-30,1999-12-27,37609.474836684174,1999-12-09,2000-01-12,37715.38001077261,1999-12-11,2000-01-21,37786.09587923334,1999-12-07,2000-01-24,37727.031988886054,1999-12-02,2000-01-26,37617.20076400491,1999-12-01,2000-02-01,37603.865869967114,1999-12-10,2000-02-17,37627.24632417747,1999-12-05,2000-02-19,37585.03722409668,1999-12-02,2000-02-23
ECMWF,2001,0,144,2000-11-08,2001-03-31,41952.4466047004,2001-01-09,2001-01-09,40174.8052866269,2001-01-04,2001-01-10,39626.59791635928,2001-01-02,2001-01-15,39114.93449640778,2001-01-01,2001-01-21,39158.336538848926,2001-01-04,2001-01-31,39108.513487901386,2001-01-01,2001-02-04,38920.41988156362,2001-01-02,2001-02-12,38841.669590792175,2000-12-30,2001-02-16,38781.95600917766,2001-01-01,2001-02-25,38620.78143006098,2000-12-25,2001-02-25,38520.30459989151,2000-12-20,2001-02-27,38473.6871205729,2000-11-30,2001-02-14,38460.02581687874,2000-12-03,2001-02-24
ECMWF,2001,1,144,2000-11-08,2001-03-31,43314.904484901825,2001-01-25,2001-01-25,40266.25584899757,2001-01-20,2001-01-26,39567.15497902596,2001-01-16,2001-01-29,38809.555071955816,2001-01-11,2001-01-31,38649.12475504841,2001-01-03,2001-01-30,38430.41469023417,2000-12-26,2001-01-29,38339.36456553605,2000-12-20,2001-01-30,38201.055635024226,2000-12-10,2001-01-27,38194.62392977182,2000-12-06,2001-01-30,38123.37694444045,2000-11-29,2001-01-30,37958.99554915619,2000-11-25,2001-02-02,37829.51234922464,2000-11-15,2001-01-30,37791.196474395896,2000-12-02,2001-02-23
ECMWF,2001,2,144,2000-11-08,2001-03-31,42836.072156721006,2001-01-10,2001-01-10,41156.552754933495,2001-01-06,2001-01-12,40717.501286033614,2001-01-04,2001-01-17,40346.90221338657,2001-01-03,2001-01-23,39911.07575242453,2001-01-03,2001-01-30,39660.18739103452,2000-12-31,2001-02-03,39275.39252261348,2001-01-03,2001-02-13,39085.01424113772,2000-12-31,2001-02-17,38777.05277086746,2000-12-31,2001-02-24,38615.82814401847,2000-12-16,2001-02-16,38421.424280201274,2000-12-30,2001-03-09,38303.1227204455,2000-12-15,2001-03-01,38182.01953191019,2000-12-16,2001-03-09
ECMWF,2001,3,144,2000-11-08,2001-03-31,42328.98090662276,2001-01-25,2001-01-25,40267.98340295703,2001-01-24,2001-01-30,39277.838834328075,2001-01-19,2001-02-01,39019.21864075841,2001-01-10,2001-01-30,39103.54750280605,2001-01-03,2001-01-30,38900.75699625347,2000-12-27,2001-01-30,38779.38392089771,2001-01-05,2001-02-15,38837.05321816279,2001-01-03,2001-02-20,38755.170901304446,2000-12-06,2001-01-30,38704.58325252958,2001-01-03,2001-03-06,38657.26689629734,2000-12-12,2001-02-19,38680.595429668254,2000-12-06,2001-02-20,38636.33693560998,2000-12-04,2001-02-25
ECMWF,2001,4,144,2000-11-08,2001-03-31,42358.40536652345,2001-03-07,2001-03-07,40584.53362047876,2001-03-06,2001-03-12,40078.11874714541,2001-03-03,2001-03-16,39938.09098124925,2001-02-24,2001-03-16,39572.06264652621,2001-02-21,2001-03-20,39416.214512351355,2001-02-10,2001-03-16,39288.476288871316,2001-02-07,2001-03-20,39119.440344371455,2001-01-28,2001-03-17,38979.90061401822,2001-01-23,2001-03-19,38740.707858213646,2001-01-18,2001-03-21,38503.22346136042,2001-01-10,2001-03-20,38336.570869351504,2001-01-03,2001-03-20,38175.59673489489,2000-12-27,2001-03-20
ECMWF,2001,5,144,2000-11-08,2001-03-31,44883.231395693496,2001-01-25,2001-01-25,42582.22147874098,2001-01-23,2001-01-29,41935.28103759791,2001-01-17,2001-01-30,41200.28711458767,2001-01-13,2001-02-02,40914.84393972737,2001-01-04,2001-01-31,40458.7705688401,2001-01-03,2001-02-06,39959.76676650446,2000-12-26,2001-02-05,39817.48364473446,2000-12-13,2001-01-30,39797.176131061206,2000-12-06,2001-01-30,39752.6940509802,2000-12-02,2001-02-02,39619.42833587445,2000-11-28,2001-02-05,39466.67543500756,2000-11-21,2001-02-05,39384.340604174664,2000-11-14,2001-02-05
ECMWF,2001,6,144,2000-11-08,2001-03-31,41612.57115692606,2000-12-29,2000-12-29,39803.1283457453,2000-12-27,2001-01-02,38744.566493011036,2001-01-13,2001-01-26,38214.495407977454,2000-12-27,2001-01-16,38394.358034951205,2000-12-27,2001-01-23,38232.774361620286,2000-12-24,2001-01-27,38068.71113995608,2000-12-17,2001-01-27,38056.66592045213,2000-12-27,2001-02-13,37992.30479726957,2000-12-25,2001-02-18,37908.75896121239,2000-12-14,2001-02-14,37886.13958731528,2000-12-11,2001-02-18,37841.24720805004,2000-12-04,2001-02-18,37765.89591970675,2000-12-05,2001-02-26
ECMWF,2001,7,144,2000-11-08,2001-03-31,45610.02914554615,2001-01-11,2001-01-11,42985.35940963705,2001-01-08,2001-01-14,42461.47972315761,2001-01-01,2001-01-14,42008.61469742776,2000-12-25,2001-01-14,41736.21611566363,2000-12-19,2001-01-15,41283.25177799301,2001-01-04,2001-02-07,41307.732291360015,2000-12-30,2001-02-09,41257.74301968076,2000-12-23,2001-02-09,41167.45409613267,2000-12-17,2001-02-10,40997.55115485645,2000-12-20,2001-02-20,40892.53405029637,2000-12-16,2001-02-23,40637.71222824835,2000-12-13,2001-02-27,40438.94872613317,2000-12-14,2001-03-07
ECMWF,2001,8,144,2000-11-08,2001-03-31,43811.36980286671,2000-12-27,2000-12-27,41249.70081733278,2000-12-23,2000-12-29,40412.82394000456,2000-12-20,2001-01-02,39696.894987662105,2000-12-19,2001-01-08,39263.81389270262,2000-12-19,2001-01-15,39038.580604824776,2000-12-20,2001-01-23,39082.89500990695,2000-12-20,2001-01-30,38915.95360666861,2000-12-19,2001-02-05,38781.14782354925,2000-12-20,2001-02-13,38603.674163713615,2000-12-13,2001-02-13,38512.19572369355,2000-11-21,2001-01-29,38538.32938512955,2000-11-15,2001-01-30,38496.93588457049,2000-11-13,2001-02-04
ECMWF,2001,9,144,2000-11-08,2001-03-31,41756.29287639019,2001-01-16,2001-01-16,40038.72190311754,2000-12-18,2000-12-24,39508.77104334585,2000-12-16,2000-12-29,39044.28922979644,2000-12-16,2001-01-05,38650.23696375157,2001-01-12,2001-02-08,38670.97068300032,2000-12-17,2001-01-20,38651.82173250059,2000-12-16,2001-01-26,38536.24732792681,2000-12-16,2001-02-02,38550.18188474537,2000-12-16,2001-02-09,38388.142931457034,2000-12-13,2001-02-13,38145.847566811375,2000-12-04,2001-02-11,38065.5338608368,2000-11-28,2001-02-12,37919.12958755361,2000-11-25,2001-02-16
ECMWF,2001,10,144,2000-11-08,2001-03-31,41938.54102223141,2001-02-20,2001-02-20,40040.04868289324,2001-02-16,2001-02-22,39932.41739022664,2001-02-17,2001-03-02,39795.93883019942,2001-02-15,2001-03-07,39525.48896382858,2001-02-14,2001-03-13,39306.221901240024,2001-02-06,2001-03-12,39014.39427045689,2001-01-30,2001-03-12,38876.68142932901,2001-01-23,2001-03-12,38821.420508802395,2001-01-16,2001-03-12,38777.00010854241,2001-01-08,2001-03-11,38726.33546844376,2001-01-01,2001-03-11,38680.09914301885,2000-12-17,2001-03-03,38753.62405941682,2000-12-12,2001-03-05
ECMWF,2001,11,144,2000-11-08,2001-03-31,42167.681713244514,2000-12-20,2000-12-20,39588.851589615915,2000-12-14,2000-12-20,39380.31442267244,2000-12-08,2000-12-21,39392.90191288978,2000-12-01,2000-12-21,39137.519766370846,2000-11-29,2000-12-26,38756.57886017259,2000-11-28,2001-01-01,38470.462600454564,2000-11-28,2001-01-08,38235.35400745111,2000-11-30,2001-01-17,38133.76725557064,2000-11-26,2001-01-20,37927.87404539258,2000-11-30,2001-01-31,38033.57021690325,2000-11-30,2001-02-07,38051.889058073895,2000-11-28,2001-02-12,37971.29014735832,2000-11-28,2001-02-19
ECMWF,2001,12,144,2000-11-08,2001-03-31,43121.377261609094,2001-01-23,2001-01-23,40698.95953773056,2001-01-20,2001-01-26,40021.13370043939,2000-12-24,2001-01-06,39641.80977805421,2000-12-20,2001-01-09,39208.393809873865,2000-12-30,2001-01-26,39373.72794119194,2000-12-24,2001-01-27,39228.32881760097,2000-12-20,2001-01-30,38886.70311153805,2000-12-16,2001-02-02,38788.79849236631,2000-12-22,2001-02-15,38760.072741106196,2000-11-26,2001-01-27,38777.128494845354,2000-11-19,2001-01-27,38659.17582582227,2000-11-17,2001-02-01,38520.018132316116,2000-11-22,2001-02-13
ECMWF,2001,13,144,2000-11-08,2001-03-31,41705.5987053636,2000-12-28,2000-12-28,39806.53859978724,2000-12-27,2001-01-02,38962.87824944253,2000-12-26,2001-01-08,38647.79726884862,2000-12-24,2001-01-13,38432.202708408644,2000-12-27,2001-01-23,38340.28175253308,2000-12-26,2001-01-29,38169.53845965149,2000-12-24,2001-02-03,37956.92024526552,2000-11-25,2001-01-12,38023.65793542541,2000-12-27,2001-02-20,38093.10590589652,2000-12-27,2001-02-27,37995.852656962015,2000-12-24,2001-03-03,37877.08052168622,2000-12-24,2001-03-10,37853.61739902391,2000-12-06,2001-02-27
ECMWF,2001,14,144,2000-11-08,2001-03-31,45053.249406587776,2001-01-01,2001-01-01,42981.23685882495,2000-12-29,2001-01-04,42128.882024674305,2000-12-24,2001-01-06,41387.6814453657,2000-12-23,2001-01-12,40873.90769385876,2001-01-30,2001-02-26,40731.73213319756,2001-01-28,2001-03-03,40836.71109806254,2000-12-27,2001-02-06,40729.16276683186,2000-12-22,2001-02-08,40631.325518811,2000-12-24,2001-02-17,40679.323590162785,2000-12-25,2001-02-25,40644.61206274196,2000-12-23,2001-03-02,40564.86583831383,2000-12-24,2001-03-10,40500.335572734555,2000-12-23,2001-03-16
ECMWF,2001,15,144,2000-11-08,2001-03-31,41967.51992020329,2001-02-19,2001-02-19,40158.2399490971,2001-02-15,2001-02-21,38761.48455528791,2000-12-22,2001-01-04,38714.89024145723,2000-12-22,2001-01-11,38540.32593675167,2000-12-19,2001-01-15,38228.288467560975,2000-12-15,2001-01-18,37892.90243147177,2000-12-18,2001-01-28,37927.44630829053,2000-11-27,2001-01-14,38001.277329675606,2000-11-17,2001-01-11,38018.83017535506,2000-11-14,2001-01-15,37939.84672028206,2000-11-11,2001-01-19,37793.018519510515,2000-11-08,2001-01-23,37671.27614697044,2000-11-08,2001-01-30
ECMWF,2001,16,144,2000-11-08,2001-03-31,41795.226386827155,2000-11-22,2000-11-22,39709.29830862227,2000-11-21,2000-11-27,39472.556056410285,2000-12-21,2001-01-03,39002.638707229446,2000-12-19,2001-01-08,38916.696202923304,2000-12-21,2001-01-17,38854.93095154614,2000-12-20,2001-01-23,38659.88096654188,2000-12-13,2001-01-23,38471.162609909064,2000-12-15,2001-02-01,38399.540790587955,2000-12-20,2001-02-13,38410.688822876225,2000-11-21,2001-01-22,38385.92404770356,2000-11-15,2001-01-23,38279.10800012932,2000-11-15,2001-01-30,38236.742594611824,2000-11-16,2001-02-07
ECMWF,2001,17,144,2000-11-08,2001-03-31,43071.61366828868,2001-01-10,2001-01-10,41746.68944210881,2001-01-09,2001-01-15,40837.3301184691,2001-01-04,2001-01-17,39928.5059333761,2001-01-01,2001-01-21,39151.057751734195,2001-01-02,2001-01-29,38837.53651727484,2000-12-15,2001-01-18,38682.1112639594,2000-12-09,2001-01-19,38640.048797002775,2000-12-01,2001-01-18,38596.93475862782,2000-11-24,2001-01-18,38566.59070737988,2000-11-19,2001-01-20,38459.02987941045,2000-11-13,2001-01-21,38339.27647602637,2000-11-17,2001-02-01,38242.68767074597,2000-11-11,2001-02-02
ECMWF,2001,18,144,2000-11-08,2001-03-31,42307.92698087986,2001-03-08,2001-03-08,40094.07621833647,2001-01-09,2001-01-15,39762.60061473013,2001-03-03,2001-03-16,39266.53959694807,2001-02-24,2001-03-16,39149.385688160786,2001-02-17,2001-03-16,39131.45376914053,2001-02-10,2001-03-16,38875.59627566523,2001-02-04,2001-03-17,38801.20980441249,2001-01-26,2001-03-15,38761.32798599349,2001-01-20,2001-03-16,38871.02822788788,2001-01-09,2001-03-12,38912.84391809553,2001-01-07,2001-03-17,38851.8064505467,2000-12-30,2001-03-16,38811.31816189678,2000-12-24,2001-03-17
ECMWF,2001,19,144,2000-11-08,2001-03-31,42932.43007100511,2000-12-05,2000-12-05,41235.92187623421,2000-12-04,2000-12-10,40605.80624114961,2000-11-29,2000-12-12,40104.99865015421,2000-11-26,2000-12-16,39609.109238445504,2000-11-22,2000-12-19,39310.297651953064,2000-11-14,2000-12-18,38989.07822789176,2000-11-13,2000-12-24,38706.29282037463,2000-11-13,2000-12-31,38414.320059737925,2000-11-16,2001-01-10,38465.06930756159,2000-11-28,2001-01-29,38622.09300109561,2000-12-02,2001-02-09,38687.12383115124,2000-11-27,2001-02-11,38628.94046033133,2000-11-20,2001-02-11
ECMWF,2001,20,144,2000-11-08,2001-03-31,42471.9580166606,2001-02-06,2001-02-06,40500.39381800671,2001-02-02,2001-02-08,40229.41782893507,2000-12-26,2001-01-08,40114.646560021014,2000-12-20,2001-01-09,39847.23464560594,2000-12-13,2001-01-09,39851.37832309039,2000-12-05,2001-01-08,39782.57721434646,2000-11-29,2001-01-09,39582.06511187787,2000-11-27,2001-01-14,39396.776844559885,2000-12-16,2001-02-09,39437.26850589696,2000-12-08,2001-02-08,39441.657228711854,2000-11-30,2001-02-07,39394.038175354865,2000-11-28,2001-02-12,39226.45919784314,2000-11-23,2001-02-14
ECMWF,2001,21,144,2000-11-08,2001-03-31,42826.94533032115,2001-01-11,2001-01-11,41086.011496411884,2001-01-10,2001-01-16,40949.54777122648,2001-01-10,2001-01-23,40660.28116594915,2001-01-08,2001-01-28,40161.93152827233,2001-01-06,2001-02-02,40104.820573759636,2001-01-07,2001-02-10,39790.61868878348,2000-12-31,2001-02-10,39636.76211421969,2001-01-06,2001-02-23,39504.731472804924,2001-01-08,2001-03-04,39408.76855847384,2001-01-04,2001-03-07,39290.28163018254,2000-12-29,2001-03-08,39190.115383635784,2000-12-19,2001-03-05,39084.948774748926,2000-12-15,2001-03-08
ECMWF,2001,22,144,2000-11-08,2001-03-31,41313.0149889881,2000-11-22,2000-11-22,39412.28142506181,2000-11-19,2000-11-25,38831.11512151287,2000-12-12,2000-12-25,38700.339388401815,2000-12-09,2000-12-29,38569.45688717209,2000-12-03,2000-12-30,38537.93306233586,2000-11-21,2000-12-25,38518.99101734447,2000-11-19,2000-12-30,38323.868828067745,2000-11-13,2000-12-31,38132.68449988313,2000-11-12,2001-01-06,38017.679060303635,2000-11-19,2001-01-20,38011.506915508646,2000-11-18,2001-01-26,37949.708548832205,2000-11-16,2001-01-31,37933.50183109882,2000-11-19,2001-02-10
ECMWF,2001,23,144,2000-11-08,2001-03-31,41651.27835169002,2001-01-31,2001-01-31,39861.82462832657,2001-01-29,2001-02-04,39114.806323782956,2000-12-18,2000-12-31,38697.19275956874,2000-12-18,2001-01-07,38523.184523058684,2001-01-28,2001-02-24,38455.43015654852,2001-01-29,2001-03-04,38502.16513630857,2001-01-28,2001-03-10,38444.73387254507,2000-12-19,2001-02-05,38351.53290912504,2001-01-17,2001-03-13,38301.23818654613,2000-12-22,2001-02-22,38305.87565343149,2000-12-16,2001-02-23,38336.92243382007,2000-12-21,2001-03-07,38330.150327186115,2000-12-19,2001-03-12
ECMWF,2001,24,144,2000-11-08,2001-03-31,43214.15961282804,2000-12-19,2000-12-19,40701.17110711233,2000-12-15,2000-12-21,39909.24064930861,2000-12-10,2000-12-23,39599.57848398186,2000-12-16,2001-01-05,39733.83989160675,2000-12-15,2001-01-11,39634.09082727762,2000-12-11,2001-01-14,39406.26877938569,2000-12-07,2001-01-17,39231.59773439252,2000-11-30,2001-01-17,38979.54783352488,2000-11-23,2001-01-17,38780.054950050755,2000-11-17,2001-01-18,38599.56971068135,2000-11-10,2001-01-18,38451.45943910098,2000-11-23,2001-02-07,38353.1592804392,2000-12-03,2001-02-24
ECMWF,2002,0,144,2001-11-08,2002-03-31,42970.13421181204,2002-01-22,2002-01-22,40520.36993556264,2002-01-17,2002-01-23,40085.7711798279,2002-01-09,2002-01-22,39947.64812341136,2002-01-02,2002-01-22,39882.82396836427,2001-12-27,2002-01-23,39601.22763039355,2001-12-24,2002-01-27,39543.758649093266,2001-12-27,2002-02-06,39443.54111883433,2001-12-24,2002-02-10,39282.57363179761,2001-12-14,2002-02-07,39179.71280573193,2001-12-12,2002-02-12,38924.4576057975,2001-12-11,2002-02-18,38730.87845723149,2001-12-12,2002-02-26,38703.17297332536,2001-12-12,2002-03-05
ECMWF,2002,1,144,2001-11-08,2002-03-31,43564.00813741616,2002-01-23,2002-01-23,41364.388227429874,2002-01-20,2002-01-26,40837.65628272405,2002-01-13,2002-01-26,40420.60594685924,2002-01-11,2002-01-31,40078.92841850048,2002-01-11,2002-02-07,39866.59333800569,2002-01-11,2002-02-14,39758.194982118934,2002-01-11,2002-02-21,39495.4352604575,2002-01-07,2002-02-24,39330.99261867111,2001-12-27,2002-02-20,39246.4692198611,2001-12-22,2002-02-22,39213.55985984423,2001-12-09,2002-02-16,39201.4103522624,2001-12-08,2002-02-22,39037.23059686799,2001-12-07,2002-02-28
ECMWF,2002,2,144,2001-11-08,2002-03-31,43199.74721312256,2002-02-07,2002-02-07,41035.20389869653,2002-02-04,2002-02-10,40582.37823362328,2002-01-29,2002-02-11,40023.49362465355,2002-01-22,2002-02-11,39849.324439194184,2002-01-26,2002-02-22,39702.7739978763,2002-01-18,2002-02-21,39480.62319349058,2002-01-13,2002-02-23,39180.09556937875,2002-01-07,2002-02-24,38941.44378914602,2001-12-30,2002-02-23,38756.61982400808,2001-12-23,2002-02-23,38621.473107690814,2001-12-18,2002-02-25,38543.65532115014,2001-11-27,2002-02-11,38610.17120011617,2001-11-20,2002-02-11
ECMWF,2002,3,144,2001-11-08,2002-03-31,40770.92501274378,2001-12-20,2001-12-20,38934.98003747953,2001-12-31,2002-01-06,38595.458084936115,2001-12-26,2002-01-08,38510.891736979596,2001-12-18,2002-01-07,38399.450514471195,2001-12-18,2002-01-14,38312.79035262438,2001-12-07,2002-01-10,38274.60407443276,2001-11-30,2002-01-10,38212.31472341147,2001-11-28,2002-01-15,38125.289649678794,2001-11-22,2002-01-16,37984.5370322405,2001-11-15,2002-01-16,37858.20365939726,2001-11-14,2002-01-22,37723.541508748036,2001-11-17,2002-02-01,37628.963614303655,2001-11-13,2002-02-04
ECMWF,2002,4,144,2001-11-08,2002-03-31,43576.675291191386,2001-12-13,2001-12-13,41501.45161336053,2001-12-09,2001-12-15,40560.34906837782,2001-12-05,2001-12-18,39741.47629113895,2001-12-06,2001-12-26,39738.79404253101,2001-12-06,2002-01-02,39468.67469445399,2001-12-05,2002-01-08,39085.70452140947,2001-11-28,2002-01-08,38742.539552532675,2001-12-04,2002-01-21,38545.67414516886,2001-12-06,2002-01-30,38466.47984198857,2001-12-05,2002-02-05,38443.044547893376,2001-12-06,2002-02-13,38375.52342624471,2001-12-01,2002-02-15,38348.856784293836,2001-12-06,2002-02-27
ECMWF,2002,5,144,2001-11-08,2002-03-31,41879.93473817533,2002-01-17,2002-01-17,40398.099648890246,2002-01-15,2002-01-21,40018.032099308526,2002-01-09,2002-01-22,39445.50665560764,2002-01-05,2002-01-25,38767.050752023155,2002-01-04,2002-01-31,38388.27979461063,2002-01-04,2002-02-07,38143.82462985041,2002-01-04,2002-02-14,37889.6370385397,2001-12-29,2002-02-15,37711.02033527525,2001-12-10,2002-02-03,37593.67483188309,2001-12-12,2002-02-12,37523.0654310934,2001-12-09,2002-02-16,37407.27530464041,2001-12-02,2002-02-16,37340.39210099815,2001-11-25,2002-02-16
ECMWF,2002,6,144,2001-11-08,2002-03-31,43485.492808648545,2001-12-11,2001-12-11,41282.48959702599,2001-12-07,2001-12-13,40857.75202635343,2001-12-02,2001-12-15,40311.142635725046,2001-11-27,2001-12-17,40001.21495738623,2002-02-03,2002-03-02,39931.95482240952,2002-01-26,2002-03-01,39852.55798704581,2002-01-10,2002-02-20,39850.407369765446,2002-01-10,2002-02-27,39775.98880066234,2002-01-06,2002-03-02,39517.65342180617,2002-01-04,2002-03-07,39347.73362049455,2002-01-04,2002-03-14,39154.76192987343,2001-12-02,2002-02-16,39212.694950567064,2001-11-30,2002-02-21
ECMWF,2002,7,144,2001-11-08,2002-03-31,42258.46509216157,2001-12-05,2001-12-05,40180.0555493581,2001-12-01,2001-12-07,39751.27667331409,2001-12-01,2001-12-14,39537.78542573421,2001-12-02,2001-12-22,39334.99510068056,2001-11-27,2001-12-24,39050.812055914364,2001-11-24,2001-12-28,38715.43129460743,2001-11-22,2002-01-02,38526.35118596659,2001-12-01,2002-01-18,38533.008169456785,2001-11-26,2002-01-20,38426.94061478681,2001-11-22,2002-01-23,38324.359715501785,2001-11-23,2002-01-31,38239.696744392575,2001-11-24,2002-02-08,38179.42258300963,2001-11-27,2002-02-18
ECMWF,2002,8,144,2001-11-08,2002-03-31,42843.21678016026,2002-01-21,2002-01-21,41284.55879787379,2002-01-17,2002-01-23,40617.452113049636,2002-01-13,2002-01-26,39973.31867605209,2002-01-09,2002-01-29,39418.79881511604,2002-01-08,2002-02-04,39279.65983859788,2001-12-25,2002-01-28,39045.058058957955,2001-12-19,2002-01-29,39058.551569100804,2001-12-10,2002-01-27,38943.0476005877,2001-12-07,2002-01-31,38977.101981138556,2001-11-25,2002-01-26,38983.557789242004,2001-11-20,2002-01-28,38874.972953101504,2001-11-20,2002-02-04,38799.83554945892,2001-11-20,2002-02-11
ECMWF,2002,9,144,2001-11-08,2002-03-31,43046.56936374695,2001-12-26,2001-12-26,40510.33892631568,2002-01-05,2002-01-11,39967.09343384962,2001-12-23,2002-01-05,40130.68878999491,2001-12-23,2002-01-12,39829.900347733346,2001-12-20,2002-01-16,39429.806961177805,2001-12-22,2002-01-25,39246.649716119646,2001-12-19,2002-01-29,38998.463646104545,2001-12-11,2002-01-28,38829.237765468184,2001-12-20,2002-02-13,38673.639408616225,2001-12-11,2002-02-11,38554.623842901,2001-12-10,2002-02-17,38397.40887163609,2001-12-11,2002-02-25,38334.878185356036,2001-11-08,2002-01-30
ECMWF,2002,10,144,2001-11-08,2002-03-31,42810.01396858173,2001-12-25,2001-12-25,40617.40785977865,2001-12-23,2001-12-29,39966.020253595125,2002-02-04,2002-02-17,39624.241556211535,2002-01-26,2002-02-15,39411.23319028335,2002-01-23,2002-02-19,39197.707336707026,2002-01-19,2002-02-22,38946.44655621283,2002-01-12,2002-02-22,38758.42526774344,2001-12-23,2002-02-09,38935.74899727439,2001-12-23,2002-02-16,38895.01793110152,2001-12-19,2002-02-19,38800.71821770133,2001-12-15,2002-02-22,38630.142784843025,2001-12-09,2002-02-23,38530.78329743043,2001-11-23,2002-02-14
ECMWF,2002,11,144,2001-11-08,2002-03-31,42689.58894860532,2002-01-01,2002-01-01,40304.731494031534,2001-12-27,2002-01-02,39557.24084718757,2001-12-22,2002-01-04,39250.20256745987,2001-12-22,2002-01-11,39028.45735592035,2001-12-17,2002-01-13,38890.02099759205,2001-12-24,2002-01-27,38881.21990163868,2001-12-23,2002-02-02,38815.0535327242,2001-12-18,2002-02-04,38746.980195247976,2001-12-28,2002-02-21,38758.00613529806,2001-12-22,2002-02-22,38700.807723532744,2001-12-16,2002-02-23,38536.42220651355,2001-12-17,2002-03-03,38421.81121664023,2001-12-17,2002-03-10
ECMWF,2002,12,144,2001-11-08,2002-03-31,42097.830733558214,2002-02-05,2002-02-05,39257.18321653098,2002-01-13,2002-01-19,38781.03874932507,2002-01-10,2002-01-23,38634.54070160637,2002-02-03,2002-02-23,38563.4376306072,2002-02-02,2002-03-01,38338.33776865062,2002-01-10,2002-02-13,38393.911832617414,2002-01-13,2002-02-23,38406.553556624065,2002-01-10,2002-02-27,38293.34932977001,2002-01-06,2002-03-02,38126.47221108954,2002-01-04,2002-03-07,38023.14156157303,2002-01-04,2002-03-14,37915.19010320846,2001-12-17,2002-03-03,37824.00069907232,2001-12-19,2002-03-12
ECMWF,2002,13,144,2001-11-08,2002-03-31,42936.773103822,2002-01-23,2002-01-23,40316.6890120884,2002-01-18,2002-01-24,39509.51008102245,2002-01-11,2002-01-24,39280.95036823638,2002-01-06,2002-01-26,38926.90596534983,2001-12-31,2002-01-27,38690.28016246756,2001-12-23,2002-01-26,38368.00888250534,2001-12-19,2002-01-29,38216.581638189724,2001-12-26,2002-02-12,38117.44925751561,2001-12-02,2002-01-26,38115.603303908334,2001-11-25,2002-01-26,38054.41831163086,2001-11-20,2002-01-28,37920.15611416229,2001-11-21,2002-02-05,37900.98047649832,2001-11-21,2002-02-12
ECMWF,2002,14,144,2001-11-08,2002-03-31,43241.090512772615,2002-02-13,2002-02-13,40408.56571783083,2002-02-08,2002-02-14,39471.677918594316,2002-02-04,2002-02-17,38812.25012858017,2002-01-31,2002-02-20,38436.960564504734,2002-01-18,2002-02-14,38507.17091208146,2002-01-12,2002-02-15,38443.20075511938,2002-01-04,2002-02-14,38429.50737367697,2001-12-31,2002-02-17,38329.54019454552,2001-12-27,2002-02-20,38186.37363969679,2001-12-28,2002-02-28,38066.73527991961,2001-12-25,2002-03-04,37936.31361979029,2001-12-22,2002-03-08,37814.47971783768,2001-12-30,2002-03-23
ECMWF,2002,15,144,2001-11-08,2002-03-31,43648.15151479769,2002-01-03,2002-01-03,40760.18143470619,2001-12-30,2002-01-05,39789.45073422927,2002-02-23,2002-03-08,39414.49350421192,2002-02-19,2002-03-11,38951.93960129586,2001-12-23,2002-01-19,38589.71511804113,2001-12-19,2002-01-22,38296.27008178784,2001-12-15,2002-01-25,38061.10134473348,2001-12-09,2002-01-26,37898.81644592163,2001-12-01,2002-01-25,37892.310493721256,2002-01-01,2002-03-04,38067.72286636498,2001-12-29,2002-03-08,38124.18148508455,2001-12-25,2002-03-11,38071.23938176286,2001-12-19,2002-03-12
ECMWF,2002,16,144,2001-11-08,2002-03-31,43939.30778665103,2002-02-07,2002-02-07,42305.951085802306,2002-01-07,2002-01-13,41598.42702206562,2002-01-06,2002-01-19,41672.96559576094,2002-01-07,2002-01-27,41448.79614790838,2002-01-04,2002-01-31,41370.74616788676,2002-01-06,2002-02-09,41177.690197328244,2002-01-01,2002-02-11,41100.9708852274,2001-12-25,2002-02-11,41009.068543363785,2001-12-16,2002-02-09,40880.792790569474,2001-12-11,2002-02-11,40755.24501385851,2001-12-03,2002-02-10,40580.847785541286,2001-11-28,2002-02-12,40378.54082415263,2001-11-22,2002-02-13
ECMWF,2002,17,144,2001-11-08,2002-03-31,42406.37441090739,2001-12-13,2001-12-13,39775.591715485905,2001-12-08,2001-12-14,39393.38101518433,2001-12-03,2001-12-16,39258.28092931081,2001-11-24,2001-12-14,39116.30253753879,2001-11-23,2001-12-20,38997.96355723586,2001-11-25,2001-12-29,38865.473544854416,2001-11-22,2002-01-02,38743.15881508551,2001-11-24,2002-01-11,38602.35610822407,2001-11-21,2002-01-15,38511.732482418774,2001-11-24,2002-01-25,38471.57055372669,2001-11-22,2002-01-30,38479.825153704354,2001-11-24,2002-02-08,38461.710831735174,2001-11-23,2002-02-14
ECMWF,2002,18,144,2001-11-08,2002-03-31,43420.14860565698,2002-01-22,2002-01-22,41452.124162923785,2002-01-17,2002-01-23,40979.86274672805,2002-01-10,2002-01-23,40704.75518261773,2002-01-12,2002-02-01,40547.32924171974,2002-01-05,2002-02-01,40196.901739075496,2002-01-02,2002-02-05,39682.27372950158,2001-12-29,2002-02-08,39320.1155675523,2001-12-20,2002-02-06,39204.59016996739,2001-12-09,2002-02-02,39123.13400805086,2001-12-05,2002-02-05,38915.16427807902,2001-12-02,2002-02-09,38773.42710559266,2001-11-18,2002-02-02,38742.77391777092,2001-11-14,2002-02-05
ECMWF,2002,19,144,2001-11-08,2002-03-31,41410.146253808605,2002-01-29,2002-01-29,39192.90266642588,2002-01-27,2002-02-02,38502.197704785554,2002-01-26,2002-02-08,38413.17185756541,2002-01-25,2002-02-14,38147.03004821051,2002-01-24,2002-02-20,37927.07364118705,2002-01-24,2002-02-27,37903.704992,2002-01-05,2002-02-15,37817.10373930538,2002-01-02,2002-02-19,37715.31423222181,2002-01-03,2002-02-27,37632.10005179273,2001-12-13,2002-02-13,37607.02621354001,2001-12-13,2002-02-20,37556.13728622667,2001-12-13,2002-02-27,37472.33495112575,2001-12-10,2002-03-03
ECMWF,2002,20,144,2001-11-08,2002-03-31,43485.37087599217,2002-02-07,2002-02-07,42179.14476691993,2002-02-07,2002-02-13,41690.24878878931,2002-02-02,2002-02-15,41244.35728890882,2002-02-02,2002-02-22,40821.39553825092,2002-02-01,2002-02-28,40650.66441461001,2002-01-15,2002-02-18,40548.69346245083,2002-01-14,2002-02-24,40436.245882379226,2002-01-07,2002-02-24,40262.30106121669,2002-01-05,2002-03-01,39935.961923653755,2002-01-04,2002-03-07,39657.546432431765,2001-12-21,2002-02-28,39527.15911003897,2001-12-16,2002-03-02,39421.894828650016,2001-12-09,2002-03-02
ECMWF,2002,21,144,2001-11-08,2002-03-31,46299.06422278328,2002-01-23,2002-01-23,43780.9853548801,2002-01-23,2002-01-29,43059.43625683815,2002-01-16,2002-01-29,42231.511512213285,2002-01-10,2002-01-30,41438.50956161407,2002-01-07,2002-02-03,40822.2006670421,2001-12-27,2002-01-30,40476.84710466416,2001-12-24,2002-02-03,40238.24103579933,2002-01-06,2002-02-23,39981.486823023166,2001-12-28,2002-02-21,39859.77814577309,2001-12-23,2002-02-23,39560.29871287636,2001-12-18,2002-02-25,39381.119266387956,2001-12-08,2002-02-22,39196.612403689905,2001-12-03,2002-02-24
ECMWF,2002,22,144,2001-11-08,2002-03-31,41638.80949685326,2002-01-09,2002-01-09,39064.8127427456,2002-01-08,2002-01-14,38694.930934463795,2002-03-01,2002-03-14,38402.16036208341,2002-02-25,2002-03-17,38278.37768079897,2002-02-16,2002-03-15,38138.47095537587,2002-02-06,2002-03-12,38172.73583630486,2002-01-31,2002-03-13,38084.94435659049,2002-01-30,2002-03-19,37949.082658461644,2002-01-24,2002-03-20,37830.791985651376,2002-01-08,2002-03-11,37854.07528381338,2002-01-08,2002-03-18,37765.00851424659,2002-01-03,2002-03-20,37745.57524362721,2001-12-17,2002-03-10
ECMWF,2002,23,144,2001-11-08,2002-03-31,41030.515617739264,2002-02-14,2002-02-14,39093.73200180148,2002-02-11,2002-02-17,38419.99543852602,2002-01-12,2002-01-25,38212.79419998714,2002-01-12,2002-02-01,38101.7685244,2002-01-05,2002-02-01,37873.86336108631,2002-01-14,2002-02-17,37885.44618834914,2002-01-07,2002-02-17,37821.05985183464,2002-01-05,2002-02-22,37680.563022902665,2002-01-04,2002-02-28,37599.42483393371,2002-01-04,2002-03-07,37444.67180419227,2001-12-30,2002-03-09,37289.08942159518,2001-12-25,2002-03-11,37190.87399983107,2001-11-12,2002-02-03
ECMWF,2002,24,144,2001-11-08,2002-03-31,42581.34138726185,2002-01-15,2002-01-15,39986.23052114246,2002-01-13,2002-01-19,39661.535017591195,2002-01-05,2002-01-18,39611.52377360576,2001-12-30,2002-01-19,39457.70421322075,2001-12-30,2002-01-26,39319.48519430731,2001-12-30,2002-02-02,39255.1538763676,2001-12-16,2002-01-26,39185.36176812274,2001-12-16,2002-02-02,39085.655867076384,2001-12-14,2002-02-07,38932.738347536375,2001-12-15,2002-02-15,38780.00731328349,2001-12-09,2002-02-16,38565.94878094679,2001-12-08,2002-02-22,38439.61033567535,2001-11-25,2002-02-16
ECMWF,2003,0,144,2002-11-08,2003-03-31,41834.624321128016,2002-12-12,2002-12-12,40086.95668500562,2003-02-25,2003-03-03,39599.27205851761,2003-02-21,2003-03-06,39155.96220910729,2003-02-14,2003-03-06,38741.58720259328,2003-02-11,2003-03-10,38421.36183717998,2003-02-02,2003-03-08,38372.94280183715,2003-01-25,2003-03-07,38276.68819858385,2003-01-18,2003-03-07,38438.39885565447,2003-01-08,2003-03-04,38471.546349598335,2003-01-04,2003-03-07,38336.6712655621,2002-12-31,2003-03-10,38090.399716980566,2002-12-24,2003-03-10,38129.50450494259,2002-12-11,2003-03-04
ECMWF,2003,1,144,2002-11-08,2003-03-31,44219.43218592662,2003-02-12,2003-02-12,42096.540310815246,2003-02-07,2003-02-13,41567.80407308554,2003-02-01,2003-02-14,41040.11081465543,2003-02-01,2003-02-21,40894.40764119583,2003-02-01,2003-02-28,40790.3188309269,2003-02-01,2003-03-07,40407.826738061834,2003-01-06,2003-02-16,40374.839940122474,2002-12-30,2003-02-16,40361.40525890537,2003-01-06,2003-03-02,40353.70455192813,2003-01-03,2003-03-06,40323.23493663411,2002-12-29,2003-03-08,40152.320094113085,2002-12-23,2003-03-09,40003.402433645315,2002-12-16,2003-03-09
ECMWF,2003,2,144,2002-11-08,2003-03-31,41391.0162223993,2002-12-12,2002-12-12,38974.43795564894,2002-12-07,2002-12-13,38723.77367249037,2002-11-30,2002-12-13,38278.48035959341,2002-11-30,2002-12-20,37999.57242577669,2002-11-30,2002-12-27,37853.174119022246,2002-11-29,2003-01-02,37609.2274204884,2002-11-27,2003-01-07,37564.72395405803,2002-11-30,2003-01-17,37541.128953479245,2002-11-30,2003-01-24,37633.174327687535,2002-12-02,2003-02-02,37646.2519643416,2002-11-28,2003-02-05,37505.494193515355,2002-11-25,2003-02-09,37287.093148188935,2002-11-26,2003-02-17
ECMWF,2003,3,144,2002-11-08,2003-03-31,42884.1701810974,2003-02-05,2003-02-05,39726.93968068991,2003-01-31,2003-02-06,38920.29195322806,2003-02-15,2003-02-28,38361.00493174293,2003-02-03,2003-02-23,38499.16603190856,2003-01-30,2003-02-26,38210.42216392291,2003-01-27,2003-03-02,38106.855225732535,2003-01-16,2003-02-26,38020.138684490434,2003-01-09,2003-02-26,37982.86216424152,2003-01-03,2003-02-27,37959.51497069814,2002-12-26,2003-02-26,37911.58032138139,2002-12-21,2003-02-28,37783.192210107416,2002-12-21,2003-03-07,37687.10507793382,2002-12-04,2003-02-25
ECMWF,2003,4,144,2002-11-08,2003-03-31,41170.109426815325,2003-03-05,2003-03-05,38966.15393034126,2003-01-25,2003-01-31,38570.314008179106,2003-01-18,2003-01-31,38387.23998656155,2003-01-14,2003-02-03,38268.66261576295,2003-01-17,2003-02-13,38227.10267843871,2003-01-01,2003-02-04,38170.1375812706,2003-01-03,2003-02-13,38149.079551481744,2002-12-27,2003-02-13,38092.58010551182,2003-01-14,2003-03-10,38063.84577576715,2003-01-03,2003-03-06,38075.528911301175,2003-01-01,2003-03-11,38044.55156694685,2002-12-25,2003-03-11,38025.48405787881,2002-12-27,2003-03-20
ECMWF,2003,5,144,2002-11-08,2003-03-31,44079.851873210304,2003-01-07,2003-01-07,40898.72196453624,2003-01-03,2003-01-09,40457.354925192856,2003-01-05,2003-01-18,40416.451494508685,2003-01-07,2003-01-27,40363.81460855425,2003-01-05,2003-02-01,40329.737471946944,2003-01-03,2003-02-06,40204.775643879715,2003-01-01,2003-02-11,39926.23737548043,2002-12-30,2003-02-16,39555.299692151144,2002-12-29,2003-02-22,39215.766671948506,2002-12-28,2003-02-28,39002.33118832108,2002-12-30,2003-03-09,38803.002616071244,2002-12-28,2003-03-14,38589.800484173036,2002-12-19,2003-03-12
ECMWF,2003,6,144,2002-11-08,2003-03-31,42570.25576025528,2003-02-05,2003-02-05,40306.58505403001,2003-01-13,2003-01-19,40070.20004377637,2003-01-06,2003-01-19,39984.068873990036,2003-01-03,2003-01-23,39556.27453397856,2002-12-30,2003-01-26,39480.77207538477,2003-01-04,2003-02-07,39363.988334586866,2002-12-30,2003-02-09,39206.624417096384,2002-12-23,2003-02-09,39073.8915681733,2002-12-19,2003-02-12,38913.85690313526,2002-12-13,2003-02-13,38841.77460231639,2002-12-19,2003-02-26,38726.77423892654,2002-12-13,2003-02-27,38627.211354289655,2002-12-12,2003-03-05
ECMWF,2003,7,144,2002-11-08,2003-03-31,39849.75345753205,2003-03-10,2003-03-10,38018.87017006945,2003-03-06,2003-03-12,37942.31474674814,2003-02-26,2003-03-11,37523.86914833826,2003-02-23,2003-03-15,37083.258514077876,2002-12-22,2003-01-18,37043.94676457373,2002-12-17,2003-01-20,36969.18817439972,2002-12-22,2003-02-01,36970.88626996783,2002-12-21,2003-02-07,36918.463077746834,2002-12-14,2003-02-07,36865.00893488908,2003-01-12,2003-03-15,36896.101378561776,2003-01-02,2003-03-12,36876.130804936685,2002-12-28,2003-03-14,36906.872345775824,2002-12-20,2003-03-13
ECMWF,2003,8,144,2002-11-08,2003-03-31,41390.97966694015,2002-12-17,2002-12-17,39596.58798348502,2003-01-21,2003-01-27,38541.84115693193,2003-01-15,2003-01-28,38049.749536550466,2003-01-09,2003-01-29,37873.850633167545,2003-01-01,2003-01-28,37804.94782136571,2002-12-26,2003-01-29,37853.31765625465,2002-12-16,2003-01-26,37902.053330204675,2002-12-12,2003-01-29,37806.9390952927,2002-12-05,2003-01-29,37670.73879023673,2002-12-04,2003-02-04,37560.72230397508,2002-12-04,2003-02-11,37470.83190258304,2002-12-04,2003-02-18,37436.43926889306,2002-12-04,2003-02-25
ECMWF,2003,9,144,2002-11-08,2003-03-31,42624.62107048326,2003-01-15,2003-01-15,40545.15852854303,2003-01-12,2003-01-18,39568.62168933965,2003-01-05,2003-01-18,39302.15630459098,2002-12-29,2003-01-18,39030.63305822736,2002-12-27,2003-01-23,38742.83165110336,2002-12-26,2003-01-29,38440.39406404377,2002-12-25,2003-02-04,38218.70043538392,2002-12-14,2003-01-31,38035.202716722815,2002-12-11,2003-02-04,37832.23145910057,2002-12-04,2003-02-04,37669.192043321484,2002-11-26,2003-02-03,37621.074515329725,2002-12-26,2003-03-12,37536.07923048128,2002-12-16,2003-03-09
ECMWF,2003,10,144,2002-11-08,2003-03-31,44830.3404388232,2003-02-05,2003-02-05,42402.84491622029,2003-02-02,2003-02-08,41745.75929831859,2003-01-26,2003-02-08,41314.58265170698,2003-01-20,2003-02-09,40979.0674401422,2003-01-14,2003-02-10,40716.42215015184,2003-01-07,2003-02-10,40306.519182212425,2002-12-31,2003-02-10,40069.66718882875,2003-01-11,2003-02-28,39977.14746752261,2003-01-05,2003-03-01,39768.239712486466,2002-12-29,2003-03-01,39651.9538180975,2002-12-21,2003-02-28,39473.31164742606,2002-12-15,2003-03-01,39250.86517146387,2002-12-09,2003-03-02
ECMWF,2003,11,144,2002-11-08,2003-03-31,43432.671808227984,2002-12-31,2002-12-31,41057.977146706944,2002-12-29,2003-01-04,40268.864239575945,2002-12-24,2003-01-06,39850.032778922156,2003-01-19,2003-02-08,39463.75797145715,2003-01-16,2003-02-12,39427.97521745072,2002-12-25,2003-01-28,39469.60598859391,2002-12-27,2003-02-06,39444.34028399603,2002-12-24,2003-02-10,39225.91073243126,2002-12-17,2003-02-10,39077.65433476734,2002-12-13,2003-02-13,38852.719336492686,2002-12-08,2003-02-15,38561.47581037873,2002-12-02,2003-02-16,38391.67676672378,2002-11-24,2003-02-15
ECMWF,2003,12,144,2002-11-08,2003-03-31,43372.5233177639,2003-01-23,2003-01-23,41032.91265966709,2003-01-20,2003-01-26,40759.43775423449,2003-01-14,2003-01-27,40402.479353268805,2003-01-10,2003-01-30,40217.50621844612,2003-01-14,2003-02-10,40077.10766950429,2003-01-09,2003-02-12,39724.86209412824,2003-01-04,2003-02-14,39386.31379653924,2002-12-28,2003-02-14,39243.30074747441,2002-12-19,2003-02-12,39123.32387793675,2002-12-15,2003-02-15,38850.360999250464,2002-12-09,2003-02-16,38630.816694717236,2002-11-29,2003-02-13,38505.6413542866,2002-11-25,2003-02-16
ECMWF,2003,13,144,2002-11-08,2003-03-31,43666.6917233904,2003-01-07,2003-01-07,41694.04488669214,2003-01-03,2003-01-09,41178.44825494755,2002-12-26,2003-01-08,40835.47944397706,2002-12-23,2003-01-12,40134.69343158091,2002-12-20,2003-01-16,39736.178026097885,2002-12-10,2003-01-13,39374.72327600777,2002-12-06,2003-01-16,39270.30105297624,2003-01-01,2003-02-18,39454.904841152704,2002-12-25,2003-02-18,39402.9005310309,2002-12-22,2003-02-22,39226.42828519825,2002-12-12,2003-02-19,39134.41364314006,2002-12-09,2003-02-23,38944.715099185785,2002-12-06,2003-02-27
ECMWF,2003,14,144,2002-11-08,2003-03-31,41086.82031260124,2003-01-28,2003-01-28,39214.40626538383,2003-01-13,2003-01-19,38924.1631856814,2003-01-15,2003-01-28,38719.85124548451,2003-01-09,2003-01-29,38476.096010368434,2003-01-04,2003-01-31,38349.00130268575,2002-12-27,2003-01-30,38234.20385648512,2003-01-04,2003-02-14,38179.99920758842,2002-12-27,2003-02-13,38081.30838046995,2002-12-25,2003-02-18,38031.71173369565,2002-12-10,2003-02-10,37983.715215804186,2002-12-10,2003-02-17,37903.39972247259,2002-12-09,2003-02-23,37763.99647189832,2002-12-02,2003-02-23
ECMWF,2003,15,144,2002-11-08,2003-03-31,42186.81663876063,2003-01-20,2003-01-20,40233.6364427503,2003-01-15,2003-01-21,39769.08261287545,2003-01-08,2003-01-21,39284.10068889201,2003-01-08,2003-01-28,39049.35325127489,2003-01-11,2003-02-07,39029.25034187557,2003-01-06,2003-02-09,38668.55985606533,2003-01-03,2003-02-13,38570.104569318835,2002-12-24,2003-02-10,38417.23429786946,2002-12-16,2003-02-09,38259.6052240833,2002-12-14,2003-02-14,38270.46899715858,2003-01-05,2003-03-15,38178.84863834762,2003-01-05,2003-03-22,38119.588085802934,2002-12-24,2003-03-17
ECMWF,2003,16,144,2002-11-08,2003-03-31,41349.79622919746,2002-12-11,2002-12-11,39425.56509504634,2003-01-10,2003-01-16,38988.00320618925,2003-01-10,2003-01-23,38630.67802680895,2003-01-09,2003-01-29,38349.742149363425,2003-01-08,2003-02-04,38142.840810921705,2002-12-10,2003-01-13,38264.81089026356,2002-12-09,2003-01-19,38286.530893468786,2002-12-09,2003-01-26,38196.31337627559,2002-12-10,2003-02-03,38046.73378257364,2002-12-08,2003-02-08,37822.598824688794,2002-12-03,2003-02-10,37595.44788854528,2002-12-09,2003-02-23,37602.91720088158,2002-12-09,2003-03-02
ECMWF,2003,17,144,2002-11-08,2003-03-31,41619.79360243511,2003-02-10,2003-02-10,39888.030412810076,2003-02-04,2003-02-10,39308.54450538677,2003-01-31,2003-02-13,38959.320400007105,2003-02-04,2003-02-24,39118.82698507905,2003-02-05,2003-03-04,39015.2459450565,2003-01-30,2003-03-05,38870.85387852887,2003-01-28,2003-03-10,38635.63423515442,2003-01-23,2003-03-12,38579.47485714061,2003-01-30,2003-03-26,38483.95670011913,2003-01-28,2003-03-31,38344.16269270662,2003-01-20,2003-03-30,38215.51731807658,2003-01-08,2003-03-25,38195.018503357824,2003-01-06,2003-03-30
ECMWF,2003,18,144,2002-11-08,2003-03-31,41709.107480921346,2003-01-22,2003-01-22,39602.61394914491,2003-01-20,2003-01-26,38749.054391801496,2003-01-16,2003-01-29,38680.79046377086,2003-01-06,2003-01-26,38540.00758909212,2003-01-01,2003-01-28,38277.52843136864,2002-12-25,2003-01-28,38127.578160433404,2002-12-20,2003-01-30,37976.35204992414,2002-12-12,2003-01-29,37834.30875988002,2003-01-17,2003-03-13,37909.14411801197,2003-01-06,2003-03-09,37939.4163974487,2003-01-03,2003-03-13,37865.563745989275,2002-12-26,2003-03-12,37839.13419668571,2002-12-21,2003-03-14
ECMWF,2003,19,144,2002-11-08,2003-03-31,41435.02293800897,2003-01-02,2003-01-02,39435.92169875744,2002-12-10,2002-12-16,39061.09310306554,2002-12-28,2003-01-10,38574.40366552723,2002-12-27,2003-01-16,38429.85111882371,2002-12-27,2003-01-23,38297.01332133608,2002-12-08,2003-01-11,38190.0670999066,2002-12-10,2003-01-20,38145.345693653464,2002-12-08,2003-01-25,38058.288616499274,2002-12-30,2003-02-23,38003.91801047041,2002-12-10,2003-02-10,37964.89555136035,2002-12-07,2003-02-14,37989.64853779911,2002-12-09,2003-02-23,37924.960352990565,2002-12-07,2003-02-28
ECMWF,2003,20,144,2002-11-08,2003-03-31,41866.11488881761,2003-01-16,2003-01-16,40045.00692931297,2003-01-14,2003-01-20,39566.31074859186,2003-01-11,2003-01-24,39228.41985266768,2003-01-11,2003-01-31,38980.625555731895,2003-01-09,2003-02-05,38877.026633744055,2003-01-11,2003-02-14,38784.15039583872,2003-01-09,2003-02-19,38745.61765804126,2002-12-31,2003-02-17,38617.30189292825,2002-12-26,2003-02-19,38504.230452097734,2002-12-19,2003-02-19,38381.91912207252,2002-12-13,2003-02-20,38289.99551438325,2002-12-16,2003-03-02,38186.10856510329,2002-12-13,2003-03-06
ECMWF,2003,21,144,2002-11-08,2003-03-31,42085.065784001374,2003-01-09,2003-01-09,39956.91096529632,2003-01-08,2003-01-14,38994.088958170025,2003-01-06,2003-01-19,38363.74179586836,2003-01-05,2003-01-25,37887.73538767284,2002-12-21,2003-01-17,37907.85391966704,2002-12-14,2003-01-17,37848.239832193554,2002-12-13,2003-01-23,37871.8681413042,2002-11-28,2003-01-15,37854.7504827029,2002-11-26,2003-01-20,37745.57020430596,2002-11-26,2003-01-27,37601.68562407064,2002-11-26,2003-02-03,37506.8782496474,2002-11-26,2003-02-10,37463.32798766723,2002-11-27,2003-02-18
ECMWF,2003,22,144,2002-11-08,2003-03-31,42412.37104586583,2003-01-22,2003-01-22,39928.19470433268,2003-01-20,2003-01-26,39525.8187459886,2003-01-10,2003-01-23,39480.64800193374,2003-01-03,2003-01-23,39379.88488847291,2002-12-30,2003-01-26,39170.8655734412,2002-12-24,2003-01-27,38986.29837403841,2002-12-28,2003-02-07,38878.345021710535,2002-12-25,2003-02-11,38800.356348515976,2002-12-02,2003-01-26,38684.496619272766,2002-12-12,2003-02-12,38666.944938254026,2002-12-02,2003-02-09,38588.05793943129,2002-12-01,2003-02-15,38451.80490414942,2002-12-01,2003-02-22
ECMWF,2003,23,144,2002-11-08,2003-03-31,43716.35525891035,2003-01-07,2003-01-07,42273.98485495583,2003-01-07,2003-01-13,41443.02598142798,2003-01-03,2003-01-16,40569.43867920785,2003-01-01,2003-01-21,39866.11263144156,2002-12-30,2003-01-26,39244.031593551794,2002-12-24,2003-01-27,39208.047446258606,2003-01-02,2003-02-12,39097.97590867911,2002-12-31,2003-02-17,38910.455180723286,2003-01-01,2003-02-25,38738.3493363421,2002-12-30,2003-03-02,38527.57167599605,2002-12-23,2003-03-02,38412.781218918164,2002-12-16,2003-03-02,38302.12709937307,2002-12-09,2003-03-02
ECMWF,2003,24,144,2002-11-08,2003-03-31,42358.0954536105,2003-02-20,2003-02-20,40647.166485914415,2003-02-18,2003-02-24,40335.81043493808,2003-02-11,2003-02-24,40113.96574141837,2003-02-06,2003-02-26,39834.16643063848,2003-02-03,2003-03-02,39720.03855945562,2003-01-21,2003-02-24,39725.566773932806,2003-01-14,2003-02-24,39629.245424625755,2003-01-13,2003-03-02,39454.02008695667,2003-01-08,2003-03-04,39095.450357203365,2003-01-01,2003-03-04,39024.747616890745,2003-01-09,2003-03-19,38901.07916676408,2003-01-08,2003-03-25,38778.847251696105,2003-01-07,2003-03-31
ECMWF,2004,0,145,2003-11-08,2004-03-31,43767.948941787115,2004-01-22,2004-01-22,41335.09240842394,2004-01-18,2004-01-24,40722.51350138857,2004-01-11,2004-01-24,40272.29760963422,2004-01-08,2004-01-28,39787.53223343339,2004-01-01,2004-01-28,39358.5408937021,2003-12-26,2004-01-29,38974.1298400388,2003-12-30,2004-02-09,38817.00303058046,2004-01-01,2004-02-18,38750.29855931704,2003-12-04,2004-01-28,38609.35580135335,2003-11-30,2004-01-31,38486.038150862754,2003-11-24,2004-02-01,38415.57097771509,2003-12-04,2004-02-18,38354.28963508987,2003-12-08,2004-02-29
ECMWF,2004,1,145,2003-11-08,2004-03-31,44004.0422563845,2004-01-08,2004-01-08,41804.297417781214,2004-01-07,2004-01-13,41382.79289547943,2003-12-31,2004-01-13,41135.38132970544,2003-12-24,2004-01-13,41006.442858607545,2003-12-17,2004-01-13,40720.07768239577,2003-12-14,2004-01-17,40429.25232519656,2003-12-26,2004-02-05,40442.524497215476,2003-12-17,2004-02-03,40414.31530190896,2003-12-14,2004-02-07,40373.645845086714,2003-12-16,2004-02-16,40372.18727460873,2003-12-16,2004-02-23,40295.18543968812,2003-12-13,2004-02-27,40004.042212163375,2003-12-11,2004-03-03
ECMWF,2004,2,145,2003-11-08,2004-03-31,42582.095329357944,2004-02-02,2004-02-02,41145.257743916176,2004-01-28,2004-02-03,40935.841411519745,2004-01-21,2004-02-03,40435.52194135935,2004-01-17,2004-02-06,39995.90288529293,2004-01-12,2004-02-08,39664.264050435166,2004-01-03,2004-02-06,39553.31004969209,2003-12-27,2004-02-06,39390.09609305854,2004-01-12,2004-02-29,39237.63259810746,2004-01-06,2004-03-01,39208.49675809727,2003-12-27,2004-02-27,39141.80891710539,2003-12-23,2004-03-01,39008.04499696417,2003-12-21,2004-03-06,38850.057180176336,2003-12-20,2004-03-12
ECMWF,2004,3,145,2003-11-08,2004-03-31,42788.29007582259,2004-01-08,2004-01-08,41351.59517096012,2004-01-07,2004-01-13,40578.97563001908,2004-01-04,2004-01-17,40163.27366155595,2004-01-05,2004-01-25,39988.92506027596,2004-01-03,2004-01-30,39534.88764863962,2004-01-02,2004-02-05,39428.918220119805,2003-12-20,2004-01-30,39385.34340964398,2003-11-27,2004-01-14,39369.710361001264,2003-11-26,2004-01-20,39408.64526239504,2003-11-27,2004-01-28,39328.64224000826,2003-11-22,2004-01-30,39184.512551591535,2003-11-21,2004-02-05,39046.076942480555,2003-11-24,2004-02-15
ECMWF,2004,4,145,2003-11-08,2004-03-31,44573.13507010907,2004-02-17,2004-02-17,42141.47670655622,2004-02-11,2004-02-17,41367.20238521207,2004-02-05,2004-02-18,40456.64979886703,2004-02-02,2004-02-22,40009.638773716106,2004-01-24,2004-02-20,39550.79809012299,2004-01-19,2004-02-22,39363.90171513686,2004-01-08,2004-02-18,39243.57591286444,2004-01-05,2004-02-22,39235.893297330076,2003-12-25,2004-02-18,39106.793534178294,2003-12-23,2004-02-23,39006.62704074861,2003-12-25,2004-03-03,38941.446314537156,2003-12-24,2004-03-09,38781.07881691794,2003-12-20,2004-03-12
ECMWF,2004,5,145,2003-11-08,2004-03-31,42947.72099789576,2003-12-31,2003-12-31,41511.977878325015,2003-12-30,2004-01-05,40885.686890317054,2003-12-29,2004-01-11,40302.71782311054,2003-12-25,2004-01-14,39937.870865379446,2003-12-25,2004-01-21,39658.10158348625,2003-12-24,2004-01-27,39391.53932716018,2003-12-12,2004-01-22,39251.41528463827,2003-12-05,2004-01-22,39203.66623716894,2003-11-20,2004-01-14,39165.866732000584,2003-11-19,2004-01-20,39106.04286215751,2003-11-19,2004-01-27,38967.15762636768,2003-11-16,2004-01-31,38778.08201323718,2003-11-12,2004-02-03
ECMWF,2004,6,145,2003-11-08,2004-03-31,42451.78129784135,2004-02-11,2004-02-11,40524.554260486104,2004-02-09,2004-02-15,40106.04287808472,2004-02-03,2004-02-16,39409.88970583972,2004-01-28,2004-02-17,38915.5699074031,2004-01-21,2004-02-17,38528.76547206148,2004-01-18,2004-02-21,38258.73973173812,2003-11-19,2003-12-30,38139.87537025998,2003-11-16,2004-01-03,38168.91388376471,2003-12-23,2004-02-16,38254.8613228231,2003-12-17,2004-02-17,38275.72468473338,2003-12-12,2004-02-19,38238.30511821389,2003-12-04,2004-02-18,38199.85217842302,2003-11-29,2004-02-20
ECMWF,2004,7,145,2003-11-08,2004-03-31,45309.718522897565,2004-01-14,2004-01-14,43328.50245637955,2004-01-10,2004-01-16,42778.22313421262,2004-01-04,2004-01-17,41667.69705199626,2003-12-31,2004-01-20,40619.9505416501,2003-12-31,2004-01-27,40159.73794463106,2003-12-16,2004-01-19,39795.02908683977,2003-12-14,2004-01-24,39652.15814597891,2003-12-01,2004-01-18,39565.1319412171,2003-11-25,2004-01-19,39409.66050994876,2003-11-22,2004-01-23,39207.63158435266,2003-11-16,2004-01-24,39056.102344488776,2003-11-19,2004-02-03,39012.92968745033,2003-11-22,2004-02-13
ECMWF,2004,8,145,2003-11-08,2004-03-31,41532.27641143447,2004-01-22,2004-01-22,39611.617299188176,2004-01-18,2004-01-24,39153.24182058733,2004-01-18,2004-01-31,39001.25123618279,2004-01-18,2004-02-07,38696.8885699459,2004-01-14,2004-02-10,38338.196407171585,2004-01-13,2004-02-16,38090.48961236883,2004-01-01,2004-02-11,38005.324712566675,2003-12-24,2004-02-10,38071.34043439019,2003-12-09,2004-02-02,38129.93979179469,2003-12-07,2004-02-07,38169.107454681114,2003-12-03,2004-02-10,38087.275150280286,2003-11-28,2004-02-12,38026.48270666148,2003-11-19,2004-02-10
ECMWF,2004,9,145,2003-11-08,2004-03-31,40545.41357383058,2004-02-18,2004-02-18,38092.39503187125,2004-01-15,2004-01-21,37869.558473261546,2004-01-09,2004-01-22,37514.72020700078,2004-01-07,2004-01-27,37367.52899421911,2003-12-25,2004-01-21,37310.88807890321,2003-12-23,2004-01-26,37216.762791624504,2003-12-17,2004-01-27,37117.60802803337,2003-12-10,2004-01-27,36995.40209490878,2003-12-28,2004-02-21,37002.23141675112,2003-12-23,2004-02-23,36971.969742623194,2003-12-14,2004-02-21,36920.87025614102,2003-12-09,2004-02-23,36823.62536113507,2003-11-17,2004-02-08
ECMWF,2004,10,145,2003-11-08,2004-03-31,42900.83476187343,2003-12-17,2003-12-17,41374.577285372,2003-12-14,2003-12-20,40770.579034637056,2003-12-09,2003-12-22,40315.75095827835,2003-12-09,2003-12-29,39910.37626822379,2003-12-02,2003-12-29,39597.71593380628,2003-12-07,2004-01-10,39382.17098629131,2003-12-02,2004-01-12,39146.44599599107,2003-11-25,2004-01-12,38950.177542524536,2003-11-20,2004-01-14,38810.453861414695,2003-11-25,2004-01-26,38690.04821782379,2003-11-25,2004-02-02,38578.05807369245,2003-11-20,2004-02-04,38438.9980099422,2003-11-21,2004-02-12
ECMWF,2004,11,145,2003-11-08,2004-03-31,41175.42922256934,2004-02-12,2004-02-12,38746.79910793706,2004-01-31,2004-02-06,38604.1087851822,2004-02-01,2004-02-14,38587.84654355074,2004-02-01,2004-02-21,38285.2497491809,2004-01-25,2004-02-21,38148.849060173525,2004-01-18,2004-02-21,38122.17508870627,2004-01-13,2004-02-23,37955.56802752117,2004-01-05,2004-02-22,37877.11010845651,2003-12-29,2004-02-22,37727.05114901619,2003-12-24,2004-02-24,37556.06810751406,2003-12-08,2004-02-15,37646.57968056819,2003-12-07,2004-02-21,37594.793797461985,2003-12-03,2004-02-24
ECMWF,2004,12,145,2003-11-08,2004-03-31,43197.80256688144,2004-01-26,2004-01-26,41405.726732316376,2004-01-20,2004-01-26,40430.46598997029,2004-01-14,2004-01-27,39828.806820889185,2004-01-07,2004-01-27,39645.94783400647,2003-12-31,2004-01-27,39366.2982381201,2003-12-26,2004-01-29,39060.75132797362,2003-12-21,2004-01-31,38876.504081711064,2003-12-13,2004-01-30,38625.130319123,2003-12-03,2004-01-27,38647.20255400329,2003-11-27,2004-01-28,38526.69234746582,2003-11-25,2004-02-02,38319.55575953805,2003-11-25,2004-02-09,38143.61770935647,2003-11-20,2004-02-11
ECMWF,2004,13,145,2003-11-08,2004-03-31,41320.40948594742,2004-02-17,2004-02-17,39504.38701241006,2004-02-17,2004-02-23,39045.948561974285,2004-02-13,2004-02-26,38825.066512777536,2004-02-04,2004-02-24,38922.38995057668,2004-01-29,2004-02-25,38794.42889197304,2004-01-23,2004-02-26,38601.34872314596,2004-01-18,2004-02-28,38379.55860274888,2004-01-23,2004-03-11,38315.687873020965,2004-01-19,2004-03-14,38155.500747494836,2004-01-17,2004-03-19,38091.780946495164,2004-01-05,2004-03-14,37995.10125094521,2004-01-01,2004-03-17,37892.215253073475,2004-01-01,2004-03-24
ECMWF,2004,14,145,2003-11-08,2004-03-31,42365.41460983403,2004-01-30,2004-01-30,40945.40220456898,2004-01-27,2004-02-02,39946.40736996085,2004-01-23,2004-02-05,39274.21453340516,2004-01-14,2004-02-03,39087.272561716214,2004-01-07,2004-02-03,39119.796294282125,2003-12-31,2004-02-03,39015.5833610528,2003-12-25,2004-02-04,38795.26429674526,2003-12-22,2004-02-08,38750.74012089679,2003-12-10,2004-02-03,38681.304338373004,2003-12-06,2004-02-06,38616.111907033956,2003-11-28,2004-02-05,38444.84778877676,2003-11-25,2004-02-09,38299.81149154093,2003-11-16,2004-02-07
ECMWF,2004,15,145,2003-11-08,2004-03-31,41552.175356364176,2003-12-31,2003-12-31,39616.17940321311,2004-01-30,2004-02-05,39268.47560407346,2004-01-22,2004-02-04,39241.680816733206,2004-01-18,2004-02-07,38992.64472069809,2004-01-13,2004-02-09,38705.13510569895,2004-01-14,2004-02-17,38616.244283042906,2003-12-29,2004-02-08,38509.23082199804,2004-01-13,2004-03-01,38400.54421843669,2003-12-30,2004-02-23,38383.22131286494,2003-12-28,2004-02-28,38269.71344585902,2003-12-23,2004-03-01,38150.40065254208,2003-12-23,2004-03-08,38038.82218783193,2003-12-23,2004-03-15
ECMWF,2004,16,145,2003-11-08,2004-03-31,44845.82276487081,2004-02-18,2004-02-18,42857.79662714315,2004-02-16,2004-02-22,42516.46532367626,2004-02-10,2004-02-23,42289.414369639184,2004-02-09,2004-02-29,41982.62610102947,2004-02-04,2004-03-02,41658.95157528278,2004-01-28,2004-03-02,41328.38005827834,2004-01-26,2004-03-07,40991.96829518126,2004-01-22,2004-03-10,40974.01391601503,2004-01-06,2004-03-01,40902.87970541104,2004-01-01,2004-03-03,40745.02965063248,2004-01-01,2004-03-10,40481.51835845115,2003-12-29,2004-03-14,40177.98650957978,2003-12-21,2004-03-13
ECMWF,2004,17,145,2003-11-08,2004-03-31,41817.32104414123,2003-12-24,2003-12-24,39898.458688848536,2003-12-21,2003-12-27,39124.08091076523,2003-12-18,2003-12-31,38771.576951172465,2003-12-18,2004-01-07,38517.898609850745,2003-12-16,2004-01-12,38388.90274538383,2003-12-18,2004-01-21,38370.09633827151,2003-12-20,2004-01-30,38313.30347046269,2003-12-16,2004-02-02,38202.0068757729,2003-12-18,2004-02-11,38179.648188571795,2003-12-18,2004-02-18,38191.176984116435,2003-12-20,2004-02-27,38234.88126652373,2003-12-20,2004-03-05,38234.47995046735,2003-12-20,2004-03-12
ECMWF,2004,18,145,2003-11-08,2004-03-31,44015.955406113906,2004-01-27,2004-01-27,41700.241618880435,2004-01-22,2004-01-28,40910.82200705521,2004-01-17,2004-01-30,40753.56322356825,2004-01-10,2004-01-30,40516.95693585218,2004-01-06,2004-02-02,39895.58858171718,2004-01-02,2004-02-05,39717.55298282217,2003-12-18,2004-01-28,39839.1773234978,2003-12-14,2004-01-31,39747.44726292052,2003-12-09,2004-02-02,39566.86429365508,2003-12-04,2004-02-04,39369.547754550025,2003-11-24,2004-02-01,39273.41138599136,2003-11-19,2004-02-03,39106.64940565472,2003-11-14,2004-02-05
ECMWF,2004,19,145,2003-11-08,2004-03-31,42224.81264205923,2003-12-17,2003-12-17,40603.85476882836,2003-12-14,2003-12-20,40269.55465121452,2003-12-10,2003-12-23,39982.348652942186,2003-12-10,2003-12-30,39806.08644277534,2003-12-06,2004-01-02,39520.62733472553,2003-11-29,2004-01-02,39321.743611526224,2003-12-01,2004-01-11,39124.537486517016,2003-11-28,2004-01-15,39050.59426294652,2003-12-05,2004-01-29,38966.924209687866,2003-11-29,2004-01-30,38808.92398003614,2003-11-25,2004-02-02,38677.47382014317,2003-12-13,2004-02-27,38771.406829879445,2003-12-07,2004-02-28
ECMWF,2004,20,145,2003-11-08,2004-03-31,42109.18635875349,2004-02-06,2004-02-06,40322.16351944456,2004-02-03,2004-02-09,39648.08839113954,2004-01-31,2004-02-13,39129.27680001647,2004-01-30,2004-02-19,38917.50155789358,2004-01-19,2004-02-15,38759.90652643735,2004-01-20,2004-02-23,38632.22115206633,2004-01-16,2004-02-26,38474.66751388161,2004-01-14,2004-03-02,38483.36776434847,2004-01-20,2004-03-15,38385.68670547054,2004-01-14,2004-03-16,38268.476119557046,2004-01-10,2004-03-19,38171.46712121326,2004-01-02,2004-03-18,38078.99513522918,2003-12-09,2004-03-01
ECMWF,2004,21,145,2003-11-08,2004-03-31,43938.47458224386,2004-01-15,2004-01-15,42333.866494477494,2004-01-11,2004-01-17,41606.596889821456,2004-01-05,2004-01-18,41027.078243915,2004-01-03,2004-01-23,40466.78509238551,2003-12-28,2004-01-24,40057.11201510799,2003-12-29,2004-02-01,39693.49086533412,2003-12-25,2004-02-04,39438.29131093582,2003-12-29,2004-02-15,39272.31204313789,2003-12-25,2004-02-18,39048.95640581003,2003-12-28,2004-02-28,38937.747748577196,2003-12-27,2004-03-05,38758.33652888674,2003-12-21,2004-03-06,38593.640418400944,2003-12-14,2004-03-06
ECMWF,2004,22,145,2003-11-08,2004-03-31,42097.35909048508,2004-01-01,2004-01-01,40356.13724970238,2003-12-31,2004-01-06,39892.554998042855,2003-12-27,2004-01-09,39488.90048430072,2004-01-30,2004-02-19,39151.6072041926,2004-02-01,2004-02-28,39090.50597430978,2004-01-31,2004-03-05,39080.624878878254,2004-02-01,2004-03-13,38941.767115537936,2003-12-30,2004-02-16,38927.85805282985,2003-12-26,2004-02-19,38822.11772294931,2003-12-28,2004-02-28,38834.443134624096,2003-12-26,2004-03-04,38848.270534166666,2003-12-27,2004-03-12,38768.25585821831,2003-12-26,2004-03-18
ECMWF,2004,23,145,2003-11-08,2004-03-31,41830.02053593038,2004-01-01,2004-01-01,40175.15091764962,2003-12-31,2004-01-06,39473.2952380319,2003-12-28,2004-01-10,38771.63318829214,2003-12-26,2004-01-15,38665.500965919244,2003-12-14,2004-01-10,38515.59080983652,2003-12-11,2004-01-14,38359.396159293225,2003-12-14,2004-01-24,38308.76865050159,2003-12-11,2004-01-28,38120.425364591254,2003-12-08,2004-02-01,38038.428666084634,2003-12-28,2004-02-28,37982.229595492834,2003-12-28,2004-03-06,38016.5016167463,2003-12-13,2004-02-27,37977.91832530386,2003-12-11,2004-03-03
ECMWF,2004,24,145,2003-11-08,2004-03-31,44836.72386732422,2004-02-02,2004-02-02,42733.17942697464,2004-01-12,2004-01-18,42042.55591916547,2004-01-12,2004-01-25,42085.49643491469,2004-01-13,2004-02-02,41767.416460449356,2004-01-10,2004-02-06,41230.161669525514,2004-01-06,2004-02-09,40570.18963010136,2003-12-31,2004-02-10,40169.974652952325,2003-12-23,2004-02-09,39927.56895210638,2003-12-15,2004-02-08,39784.49243925715,2003-12-07,2004-02-07,39617.20334324541,2003-12-03,2004-02-10,39366.68871695178,2003-12-03,2004-02-17,39229.951469705644,2003-12-04,2004-02-25
ECMWF,2005,0,144,2004-11-08,2005-03-31,41519.49964516963,2005-01-20,2005-01-20,39133.09207429554,2005-01-18,2005-01-24,38417.56128935736,2004-12-17,2004-12-30,38092.3137902833,2004-12-12,2005-01-01,38033.02359069954,2004-12-03,2004-12-30,37925.38241698963,2004-11-28,2005-01-01,37839.44106341986,2004-12-16,2005-01-26,37769.18472736424,2004-12-10,2005-01-27,37786.28278965485,2004-12-03,2005-01-27,37752.92062089952,2004-11-26,2005-01-27,37656.173794234164,2004-11-20,2005-01-28,37608.91935828498,2004-11-12,2005-01-27,37483.67911109571,2004-11-10,2005-02-01
ECMWF,2005,1,144,2004-11-08,2005-03-31,42084.10553490938,2005-01-06,2005-01-06,40209.50581112962,2005-01-02,2005-01-08,39809.57736847258,2004-12-27,2005-01-09,39619.63389554259,2004-12-22,2005-01-11,39587.4451733223,2004-12-14,2005-01-10,39458.011041060745,2004-12-14,2005-01-17,39312.26873868606,2004-12-07,2005-01-17,39249.11519245019,2004-12-14,2005-01-31,39165.920446745506,2004-12-07,2005-01-31,39129.715561776444,2004-12-12,2005-02-12,39072.814000038,2004-12-05,2005-02-12,38954.37816299596,2004-11-29,2005-02-13,38833.595970459304,2004-11-21,2005-02-12
ECMWF,2005,2,144,2004-11-08,2005-03-31,43073.014043217365,2004-12-31,2004-12-31,41437.75729873482,2004-12-27,2005-01-02,40639.94767055468,2004-12-21,2005-01-03,40386.68101568771,2004-12-14,2005-01-03,40216.55154687056,2004-12-07,2005-01-03,39977.86448332828,2004-12-03,2005-01-06,39746.97612149025,2004-12-04,2005-01-14,39555.43908804501,2004-11-18,2005-01-05,39421.77558907477,2004-11-19,2005-01-13,39266.09864091991,2004-11-18,2005-01-19,39048.58562261568,2004-11-11,2005-01-19,38806.90725633019,2004-11-08,2005-01-23,38659.94314255701,2004-11-16,2005-02-07
ECMWF,2005,3,144,2004-11-08,2005-03-31,41012.7738322656,2005-02-02,2005-02-02,38908.9285057374,2005-01-31,2005-02-06,38587.42015273833,2005-01-24,2005-02-06,38575.95659682242,2005-01-17,2005-02-06,38275.719918192866,2005-01-16,2005-02-12,37961.75219006787,2005-01-16,2005-02-19,37617.26078381753,2005-01-11,2005-02-21,37421.56676503007,2004-12-26,2005-02-12,37509.0645496339,2004-12-10,2005-02-03,37603.22921417182,2004-12-08,2005-02-08,37555.41790402734,2004-12-05,2005-02-12,37478.18730162193,2004-12-05,2005-02-19,37330.55023662934,2004-12-02,2005-02-23
ECMWF,2005,4,144,2004-11-08,2005-03-31,42473.43866989698,2005-02-08,2005-02-08,40485.15336610485,2005-02-07,2005-02-13,40232.55930890562,2005-02-08,2005-02-21,40116.82168889772,2005-02-02,2005-02-22,39795.05243627609,2005-02-01,2005-02-28,39478.25806823695,2005-01-31,2005-03-06,39290.9003897165,2005-01-15,2005-02-25,39138.83444378997,2005-01-15,2005-03-04,38965.242541858825,2005-01-12,2005-03-08,38764.66165892523,2005-01-03,2005-03-06,38692.27113009423,2004-12-21,2005-02-28,38698.28835377188,2004-12-10,2005-02-24,38722.689162126095,2004-12-01,2005-02-22
ECMWF,2005,5,144,2004-11-08,2005-03-31,42658.74264361331,2005-01-26,2005-01-26,40207.76318994902,2005-01-21,2005-01-27,39433.974551569336,2005-01-19,2005-02-01,38621.163406335065,2005-01-15,2005-02-04,38112.87916119058,2005-01-10,2005-02-06,37890.95527076008,2004-12-25,2005-01-28,38123.35325529932,2004-12-18,2005-01-28,38103.52423714796,2004-12-15,2005-02-01,38014.462453473425,2004-12-11,2005-02-04,37838.017448631435,2004-12-11,2005-02-11,37673.63159144816,2004-12-11,2005-02-18,37539.69871231421,2004-11-29,2005-02-13,37434.00285828803,2004-11-29,2005-02-20
ECMWF,2005,6,144,2004-11-08,2005-03-31,44178.2450698995,2005-01-26,2005-01-26,42443.92944262373,2005-01-02,2005-01-08,42128.325807660854,2005-01-02,2005-01-15,41610.03007005529,2004-12-31,2005-01-20,41591.93791862357,2004-12-31,2005-01-27,41153.43429300304,2004-12-26,2005-01-29,40666.16198322771,2004-12-21,2005-01-31,40328.909668871536,2004-12-14,2005-01-31,40080.933618404284,2004-12-07,2005-01-31,39884.74853262032,2004-11-29,2005-01-30,39662.52153381777,2004-11-25,2005-02-02,39398.73728020024,2004-11-19,2005-02-03,39139.296586527016,2004-11-19,2005-02-10
ECMWF,2005,7,144,2004-11-08,2005-03-31,41631.799133430126,2004-12-13,2004-12-13,39791.56235058485,2004-12-09,2004-12-15,39292.46928775712,2004-12-09,2004-12-22,39095.555808302095,2004-12-09,2004-12-29,38994.8687155246,2004-12-10,2005-01-06,38968.79766039947,2004-12-09,2005-01-12,38776.43968418583,2004-12-06,2005-01-16,38538.89716548891,2004-12-09,2005-01-26,38484.97294992241,2004-12-09,2005-02-02,38450.54513392352,2004-12-07,2005-02-07,38284.32314789923,2004-12-06,2005-02-13,38252.45329771676,2004-11-23,2005-02-07,38221.91783791994,2004-11-16,2005-02-07
ECMWF,2005,8,144,2004-11-08,2005-03-31,43198.99010884742,2005-01-19,2005-01-19,41096.256701800674,2005-01-16,2005-01-22,40891.385813940076,2005-01-12,2005-01-25,40760.43897648443,2005-01-12,2005-02-01,40405.30084636728,2005-01-08,2005-02-04,40115.49764395579,2004-12-30,2005-02-02,39864.4773890618,2004-12-25,2005-02-04,39599.45459600181,2004-12-13,2005-01-30,39617.3991571224,2004-12-11,2005-02-04,39508.53285718454,2004-12-03,2005-02-03,39450.5577153747,2004-11-27,2005-02-04,39358.36358952456,2004-12-26,2005-03-12,39287.497809606,2004-12-11,2005-03-04
ECMWF,2005,9,144,2004-11-08,2005-03-31,41229.86226322222,2005-01-04,2005-01-04,39740.1202331099,2004-12-30,2005-01-05,38683.21237151036,2004-12-29,2005-01-11,38304.60631525908,2004-12-16,2005-01-05,38139.5377904293,2004-12-08,2005-01-04,38252.94484727447,2004-12-03,2005-01-06,38128.03162375366,2004-12-01,2005-01-11,38129.024855516116,2004-11-18,2005-01-05,38080.96321485343,2004-11-16,2005-01-10,37994.567242476296,2004-11-13,2005-01-14,37833.13240492591,2004-11-10,2005-01-18,37618.565533059045,2004-11-08,2005-01-23,37506.64926189446,2004-11-14,2005-02-05
ECMWF,2005,10,144,2004-11-08,2005-03-31,41566.42160696514,2005-02-21,2005-02-21,39914.587975443246,2005-02-19,2005-02-25,39808.560060099604,2005-02-12,2005-02-25,39435.22408765547,2005-02-06,2005-02-26,38944.632035028706,2005-02-08,2005-03-07,38664.84334713574,2005-02-03,2005-03-09,38418.82161438329,2005-01-27,2005-03-09,38164.59473084538,2005-01-23,2005-03-12,37887.27329386652,2005-01-13,2005-03-09,37896.035065738055,2005-01-06,2005-03-09,37790.19457710605,2004-12-29,2005-03-08,37809.49545996359,2004-12-11,2005-02-25,37817.13404108546,2004-12-05,2005-02-26
ECMWF,2005,11,144,2004-11-08,2005-03-31,43003.34375099167,2005-01-06,2005-01-06,40371.42942983566,2005-01-01,2005-01-07,39184.825474271776,2004-12-30,2005-01-12,38816.48237960239,2004-12-22,2005-01-11,38566.68343722134,2004-12-16,2005-01-12,38709.81892941931,2004-12-04,2005-01-07,38699.84185995759,2004-11-28,2005-01-08,38536.64987310153,2004-11-26,2005-01-13,38292.11725405943,2004-11-18,2005-01-12,38178.342065841665,2004-11-12,2005-01-13,38035.32512526383,2004-11-26,2005-02-03,37947.048245603575,2004-11-13,2005-01-28,37850.14839445855,2004-11-12,2005-02-03
ECMWF,2005,12,144,2004-11-08,2005-03-31,41461.29774701009,2004-12-27,2004-12-27,40091.50884410264,2004-12-23,2004-12-29,39398.33203860366,2004-12-17,2004-12-30,39044.44676772061,2004-12-16,2005-01-05,38769.96040374499,2004-12-13,2005-01-09,38554.29619402919,2004-11-28,2005-01-01,38498.5283037547,2004-11-26,2005-01-06,38364.36234352473,2004-11-23,2005-01-10,38259.49433536501,2004-11-24,2005-01-18,38172.98713835929,2004-11-17,2005-01-18,38082.84662513844,2004-11-15,2005-01-23,38025.60751684364,2004-12-11,2005-02-25,38005.28786679009,2004-12-02,2005-02-23
ECMWF,2005,13,144,2004-11-08,2005-03-31,42403.50123584325,2004-12-08,2004-12-08,40250.49644213839,2004-12-05,2004-12-11,39435.54396666963,2004-11-28,2004-12-11,38727.38990404066,2004-11-27,2004-12-17,38222.02605699857,2004-11-26,2004-12-23,38084.59375435749,2004-11-26,2004-12-30,37832.57857209976,2004-11-26,2005-01-06,37697.842919353636,2005-01-21,2005-03-10,37721.504599405926,2005-01-18,2005-03-14,37772.65216074909,2004-11-30,2005-01-31,37737.577717005006,2004-11-27,2005-02-04,37658.39631235209,2004-11-27,2005-02-11,37590.614094211036,2004-12-01,2005-02-22
ECMWF,2005,14,144,2004-11-08,2005-03-31,42401.50832677232,2005-01-27,2005-01-27,40508.31343090777,2005-01-24,2005-01-30,39746.29802508613,2005-01-17,2005-01-30,39621.50019719453,2005-01-10,2005-01-30,39530.885197473304,2005-01-03,2005-01-30,39189.41872356336,2005-01-18,2005-02-21,39201.04922079664,2005-01-11,2005-02-21,39223.713914391534,2005-01-04,2005-02-21,39044.12534315716,2005-01-01,2005-02-25,38909.689048923836,2004-12-22,2005-02-22,38862.52141844542,2004-12-16,2005-02-23,38642.44050600116,2004-12-09,2005-02-23,38578.313143820145,2004-12-01,2005-02-22
ECMWF,2005,15,144,2004-11-08,2005-03-31,42302.23745699227,2004-11-29,2004-11-29,40658.98818229372,2004-11-25,2004-12-01,40039.77318870917,2004-11-22,2004-12-05,39478.53613838196,2004-11-22,2004-12-12,39028.91012299533,2004-11-13,2004-12-10,38700.6195262453,2004-11-13,2004-12-17,38591.36599642825,2005-01-07,2005-02-17,38390.026179307744,2005-01-01,2005-02-18,38327.19991421554,2004-11-22,2005-01-16,38292.011799697146,2004-11-20,2005-01-21,38386.091362282285,2004-11-24,2005-02-01,38398.12600849982,2004-11-22,2005-02-06,38365.96916558109,2004-11-23,2005-02-14
ECMWF,2005,16,144,2004-11-08,2005-03-31,43971.96291442298,2005-01-11,2005-01-11,41121.92252166432,2005-01-09,2005-01-15,40291.65860722682,2005-01-04,2005-01-17,39768.03174590572,2004-12-27,2005-01-16,39328.184690935086,2004-12-20,2005-01-16,38983.81115154285,2005-02-05,2005-03-11,38755.54048286772,2005-01-28,2005-03-10,38552.9731027149,2005-01-04,2005-02-21,38644.382995376865,2005-01-09,2005-03-05,38790.900477427465,2005-01-05,2005-03-08,38786.60390714805,2004-12-29,2005-03-08,38743.74518608092,2004-12-24,2005-03-10,38665.10885750175,2004-12-18,2005-03-11
ECMWF,2005,17,144,2004-11-08,2005-03-31,41630.11859051169,2004-12-14,2004-12-14,39902.217484171,2004-12-12,2004-12-18,39366.80616858994,2004-12-09,2004-12-22,38683.767073394454,2004-12-09,2004-12-29,38387.955888600794,2004-12-08,2005-01-04,38129.043644494865,2004-12-06,2005-01-09,37957.722209961066,2004-12-07,2005-01-17,37790.39787014765,2004-12-08,2005-01-25,37679.10420080788,2004-12-03,2005-01-27,37552.84401436491,2004-12-08,2005-02-08,37595.114857889545,2004-12-08,2005-02-15,37569.98390178211,2004-12-08,2005-02-22,37558.37033239448,2004-12-08,2005-03-01
ECMWF,2005,18,144,2004-11-08,2005-03-31,45434.34560849179,2005-01-05,2005-01-05,42708.560638395116,2005-01-01,2005-01-07,41878.12596484792,2004-12-25,2005-01-07,41039.38242766788,2004-12-19,2005-01-08,40290.851260442905,2004-12-18,2005-01-14,39680.04251845808,2004-12-14,2005-01-17,39445.95209888151,2004-12-17,2005-01-27,39167.10636502794,2004-12-18,2005-02-04,38992.36541075306,2004-12-16,2005-02-09,38881.51635002788,2004-12-23,2005-02-23,38862.25633518501,2004-12-18,2005-02-25,38888.96256447074,2004-12-23,2005-03-09,38877.192249288666,2004-12-17,2005-03-10
ECMWF,2005,19,144,2004-11-08,2005-03-31,41379.37305935,2004-12-22,2004-12-22,39683.36683120625,2004-12-21,2004-12-27,39219.04697782938,2004-12-19,2005-01-01,38569.46267614642,2004-12-16,2005-01-05,38239.38135832457,2004-12-06,2005-01-02,37979.07493131918,2004-12-04,2005-01-07,37939.92919129966,2004-12-20,2005-01-30,37884.11773963136,2004-12-16,2005-02-02,37795.02520644772,2004-12-16,2005-02-09,37720.094291072666,2004-12-05,2005-02-05,37651.362566062104,2004-12-16,2005-02-23,37590.144606315436,2004-12-11,2005-02-25,37574.92922899482,2004-12-16,2005-03-09
ECMWF,2005,20,144,2004-11-08,2005-03-31,42223.51192958558,2004-12-27,2004-12-27,40880.76567110775,2004-12-25,2004-12-31,40404.279259343166,2004-12-23,2005-01-05,40260.418991591,2004-12-13,2005-01-02,40084.18087793095,2004-12-11,2005-01-07,39885.20245389494,2004-12-07,2005-01-10,39824.51616492052,2004-12-11,2005-01-21,39660.03286051476,2004-12-05,2005-01-22,39478.233266796866,2004-12-01,2005-01-25,39303.557625575406,2004-11-27,2005-01-28,39076.692842678334,2004-11-25,2005-02-02,38860.285832956935,2004-11-21,2005-02-05,38691.826197554044,2004-11-21,2005-02-12
ECMWF,2005,21,144,2004-11-08,2005-03-31,43549.865422190414,2005-01-13,2005-01-13,41066.582489939276,2005-01-10,2005-01-16,40289.619764801275,2005-01-03,2005-01-16,40177.72530881268,2004-12-27,2005-01-16,39995.259632570305,2004-12-22,2005-01-18,39455.71751182437,2004-12-15,2005-01-18,39148.57818265242,2004-12-09,2005-01-19,38802.157908093526,2004-12-01,2005-01-18,38585.87548711909,2004-11-25,2005-01-19,38356.118454864445,2004-11-17,2005-01-18,38182.04056392072,2004-11-11,2005-01-19,38017.00549453907,2004-11-30,2005-02-14,37928.600488264245,2004-11-24,2005-02-15
ECMWF,2005,22,144,2004-11-08,2005-03-31,44528.62475864463,2005-01-12,2005-01-12,42172.63106672566,2005-01-08,2005-01-14,41294.84460638061,2005-01-05,2005-01-18,40833.348923870384,2005-01-31,2005-02-20,40502.08915829695,2005-01-25,2005-02-21,40540.5236152603,2005-01-05,2005-02-08,40564.400070109725,2005-01-06,2005-02-16,40541.605524839186,2005-01-04,2005-02-21,40220.965016881535,2005-01-02,2005-02-26,39976.78505931437,2005-01-04,2005-03-07,39919.968043842295,2005-01-03,2005-03-13,39674.375689782006,2004-12-27,2005-03-13,39585.72429291751,2004-12-20,2005-03-13
ECMWF,2005,23,144,2004-11-08,2005-03-31,42400.545795564874,2005-02-16,2005-02-16,40549.53059029899,2005-02-14,2005-02-20,40295.022107327306,2005-02-11,2005-02-24,40161.965845222556,2005-02-06,2005-02-26,40042.78056100833,2005-02-05,2005-03-04,39739.75501638341,2005-01-29,2005-03-04,39635.26858530765,2005-01-22,2005-03-04,39401.834540034535,2005-01-16,2005-03-05,39164.00718505005,2005-01-09,2005-03-05,39033.0970430687,2005-01-02,2005-03-05,38932.34345476979,2004-12-26,2005-03-05,38995.85441264188,2004-12-16,2005-03-02,38970.25499063459,2004-12-12,2005-03-05
ECMWF,2005,24,144,2004-11-08,2005-03-31,45092.98188124698,2005-01-19,2005-01-19,43507.918004641346,2005-01-19,2005-01-25,42967.49061852457,2005-01-15,2005-01-28,42252.73468651399,2005-01-10,2005-01-30,41797.97160173306,2005-01-03,2005-01-30,41295.64239120982,2004-12-29,2005-02-01,40801.7495544633,2004-12-25,2005-02-04,40358.25599462467,2004-12-24,2005-02-10,40149.208250476906,2004-12-28,2005-02-21,39880.92788615135,2004-12-23,2005-02-23,39755.31100953441,2005-01-03,2005-03-13,39707.0921307504,2004-12-28,2005-03-14,39559.5139789334,2004-12-24,2005-03-17
ECMWF,2006,0,144,2005-11-08,2006-03-31,42126.28139701703,2006-02-01,2006-02-01,40457.07984225296,2006-01-31,2006-02-06,40382.75398531217,2006-01-31,2006-02-13,39961.6574540633,2006-01-27,2006-02-16,39493.14556912587,2006-01-22,2006-02-18,39223.21862174642,2006-01-16,2006-02-19,39010.42743635587,2006-01-03,2006-02-13,39157.84662576762,2005-12-27,2006-02-13,39115.03876971537,2005-12-26,2006-02-19,38999.48112281915,2005-12-19,2006-02-19,38843.947863455076,2005-12-12,2006-02-19,38735.672847496106,2005-12-07,2006-02-21,38524.24576156572,2005-11-30,2006-02-21
ECMWF,2006,1,144,2005-11-08,2006-03-31,42338.162615436704,2005-12-29,2005-12-29,40215.31736538695,2005-12-25,2005-12-31,39303.84468638578,2005-12-21,2006-01-03,38673.20742761161,2005-12-15,2006-01-04,38195.74055348848,2005-12-14,2006-01-10,38289.69115403433,2005-12-24,2006-01-27,38156.71255187119,2005-12-17,2006-01-27,38006.4878236543,2005-12-14,2006-01-31,37890.36967449232,2005-12-20,2006-02-13,37819.484287723295,2005-12-14,2006-02-14,37647.76930773489,2005-12-14,2006-02-21,37492.976566686855,2005-12-14,2006-02-28,37377.37596527995,2005-12-11,2006-03-04
ECMWF,2006,2,144,2005-11-08,2006-03-31,43036.84783013068,2006-01-03,2006-01-03,40816.39384300016,2005-12-29,2006-01-04,39966.61546722013,2005-12-28,2006-01-10,39033.17148133165,2005-12-28,2006-01-17,38852.05646674312,2005-12-12,2006-01-08,38793.42657274967,2005-12-04,2006-01-07,38799.013328862035,2005-11-30,2006-01-10,38585.04582480356,2005-11-27,2006-01-14,38391.01057692202,2005-11-29,2006-01-23,38282.07488548717,2005-11-30,2006-01-31,38168.29591662579,2005-11-24,2006-02-01,38069.4305579535,2005-11-29,2006-02-13,38000.54127203341,2005-11-29,2006-02-20
ECMWF,2006,3,144,2005-11-08,2006-03-31,41029.37953456056,2006-01-05,2006-01-05,39129.992701345596,2006-01-10,2006-01-16,38803.78042203176,2006-01-04,2006-01-17,38737.413791689076,2006-01-08,2006-01-28,38798.255196064936,2005-12-31,2006-01-27,38592.738543119005,2005-12-30,2006-02-02,38349.59705887639,2005-12-27,2006-02-06,38036.742802778375,2005-12-27,2006-02-13,37869.617402142394,2005-12-30,2006-02-23,37828.1426336647,2005-12-28,2006-02-28,37789.34603125883,2005-12-30,2006-03-09,37662.27540450495,2005-12-23,2006-03-09,37535.33635125202,2005-12-15,2006-03-08
ECMWF,2006,4,144,2005-11-08,2006-03-31,41784.531869385544,2006-01-25,2006-01-25,40162.243053484126,2006-01-23,2006-01-29,39329.75261160306,2006-01-21,2006-02-03,38809.47921183264,2006-01-14,2006-02-03,38769.37004831165,2006-01-02,2006-01-29,38864.88660254231,2005-12-29,2006-02-01,38681.489054387595,2005-12-28,2006-02-07,38575.44201930138,2005-12-29,2006-02-15,38343.9500841229,2005-12-25,2006-02-18,38157.07235218697,2005-12-10,2006-02-10,38129.85886169818,2005-12-09,2006-02-16,37977.03239817116,2005-12-02,2006-02-16,37871.206892443995,2005-11-26,2006-02-17
ECMWF,2006,5,144,2005-11-08,2006-03-31,41685.9059459289,2006-01-24,2006-01-24,39666.907039166595,2005-12-15,2005-12-21,39371.599269457576,2005-12-11,2005-12-24,38981.051952503025,2005-12-04,2005-12-24,38732.12290271384,2005-11-30,2005-12-27,38340.59251742353,2005-11-28,2006-01-01,38252.04560929432,2005-12-14,2006-01-24,38259.32196591359,2005-12-10,2006-01-27,38298.62926203668,2005-12-02,2006-01-26,38247.6037595412,2005-12-03,2006-02-03,38129.760228509906,2005-11-27,2006-02-04,37965.19881833221,2005-11-21,2006-02-05,37769.051581898864,2005-12-02,2006-02-23
ECMWF,2006,6,144,2005-11-08,2006-03-31,41540.26998758693,2005-12-28,2005-12-28,39520.49181741205,2005-12-24,2005-12-30,38876.99897935927,2005-12-23,2006-01-05,38730.48065587234,2005-12-23,2006-01-12,38383.197357995414,2005-12-16,2006-01-12,38197.18428968457,2005-12-05,2006-01-08,38226.459064372575,2005-12-03,2006-01-13,38104.78607394161,2005-11-27,2006-01-14,38035.28509233607,2005-12-21,2006-02-14,37954.11971227834,2005-12-14,2006-02-14,37991.15500637948,2005-12-04,2006-02-11,37944.70148509782,2005-11-28,2006-02-12,37877.8078067232,2005-11-27,2006-02-18
ECMWF,2006,7,144,2005-11-08,2006-03-31,44393.632642874574,2006-01-25,2006-01-25,41930.287832014736,2006-01-21,2006-01-27,41628.18882514828,2006-01-14,2006-01-27,41300.249078998604,2006-01-19,2006-02-08,41227.005139122295,2006-01-14,2006-02-10,40792.4204631254,2006-01-11,2006-02-14,40499.25416098271,2006-01-10,2006-02-20,40078.49123950965,2006-01-05,2006-02-22,39711.360504235796,2005-12-29,2006-02-22,39432.32946737657,2005-12-16,2006-02-16,39387.946691200064,2005-12-13,2006-02-20,39320.345224462486,2005-12-05,2006-02-19,39237.701005015406,2005-12-01,2006-02-22
ECMWF,2006,8,144,2005-11-08,2006-03-31,43690.85786889854,2006-02-09,2006-02-09,41938.33005508007,2006-02-04,2006-02-10,41722.698618230235,2006-01-29,2006-02-11,41134.39568547042,2006-01-24,2006-02-13,40271.34508828393,2006-01-22,2006-02-18,39948.34990756294,2006-01-10,2006-02-13,39717.90187953531,2006-01-03,2006-02-13,39541.136212536905,2005-12-27,2006-02-13,39446.36446923697,2005-12-18,2006-02-11,39413.06645475369,2005-12-14,2006-02-14,39238.407010742194,2005-12-10,2006-02-17,39065.77815846911,2005-12-03,2006-02-17,39007.72342663225,2005-11-24,2006-02-15
ECMWF,2006,9,144,2005-11-08,2006-03-31,41506.39668835009,2006-02-15,2006-02-15,39555.42194579962,2006-02-09,2006-02-15,39395.39943161069,2006-02-08,2006-02-21,38948.228501714475,2006-02-03,2006-02-23,38603.27076659717,2006-01-27,2006-02-23,38375.10887859654,2006-01-22,2006-02-25,38123.51357607355,2006-01-16,2006-02-26,37884.216604893336,2006-01-08,2006-02-25,37846.068417158946,2006-01-24,2006-03-20,37782.380689564816,2006-01-21,2006-03-24,37677.888605263775,2006-01-16,2006-03-26,37569.49653413332,2006-01-08,2006-03-25,37477.30691462363,2005-12-30,2006-03-23
ECMWF,2006,10,144,2005-11-08,2006-03-31,43339.019777676214,2005-12-22,2005-12-22,41230.20472331963,2005-12-19,2005-12-25,40687.71109165341,2005-12-14,2005-12-27,40015.8920170577,2005-12-12,2006-01-01,39706.337931682945,2005-11-28,2005-12-25,39536.07946660918,2005-11-28,2006-01-01,39194.388264162466,2005-11-28,2006-01-08,38991.85279755314,2005-11-28,2006-01-15,38941.43189737197,2005-11-27,2006-01-21,38792.59182591695,2005-11-27,2006-01-28,38647.018482943284,2005-11-27,2006-02-04,38552.83907763529,2005-11-27,2006-02-11,38454.73365432959,2005-11-27,2006-02-18
ECMWF,2006,11,144,2005-11-08,2006-03-31,42623.29587074247,2006-01-31,2006-01-31,40932.98662365421,2006-01-31,2006-02-06,40662.04067257929,2006-01-25,2006-02-07,40033.551097045616,2006-01-18,2006-02-07,39513.82362863681,2006-01-14,2006-02-10,39003.31927512163,2006-01-15,2006-02-18,38582.64353506936,2006-01-08,2006-02-18,38317.579747776246,2006-01-02,2006-02-19,38103.10013789932,2005-12-14,2006-02-07,38138.8119348676,2005-12-10,2006-02-10,38048.31410516739,2005-12-01,2006-02-08,38008.050112079065,2005-11-26,2006-02-10,37918.59285728236,2005-11-27,2006-02-18
ECMWF,2006,12,144,2005-11-08,2006-03-31,43444.66725488557,2006-01-10,2006-01-10,40772.656900412105,2006-01-05,2006-01-11,40192.0509945803,2006-01-02,2006-01-15,39670.06885435635,2005-12-31,2006-01-20,39308.86460053312,2005-12-24,2006-01-20,38971.542663988635,2005-12-17,2006-01-20,38839.95570562778,2005-12-10,2006-01-20,38601.59240698878,2005-12-09,2006-01-26,38484.91167682544,2005-12-24,2006-02-17,38389.060925823804,2005-12-17,2006-02-17,38368.35692462377,2005-12-10,2006-02-17,38217.84968658863,2005-12-09,2006-02-23,38079.51845712987,2005-12-09,2006-03-02
ECMWF,2006,13,144,2005-11-08,2006-03-31,42094.37996226876,2006-03-14,2006-03-14,40359.96983530443,2006-01-24,2006-01-30,40277.12739684495,2006-01-17,2006-01-30,39898.98383800289,2006-01-16,2006-02-05,39636.42703929899,2006-01-15,2006-02-11,39414.9383097673,2006-01-08,2006-02-11,39163.00003629091,2006-01-02,2006-02-12,38897.663998132586,2006-01-03,2006-02-20,38747.757443157134,2006-01-02,2006-02-26,38792.555859587446,2006-01-15,2006-03-18,38789.179011192835,2006-01-15,2006-03-25,38779.63925270891,2006-01-11,2006-03-28,38719.884910896,2006-01-04,2006-03-28
ECMWF,2006,14,144,2005-11-08,2006-03-31,42828.75615476978,2006-02-22,2006-02-22,41079.655289236915,2006-02-21,2006-02-27,40474.14362555263,2006-01-11,2006-01-24,40133.91681726273,2006-01-07,2006-01-27,39759.33735256042,2006-01-07,2006-02-03,39382.41051998187,2006-01-02,2006-02-05,39475.88174195719,2006-01-17,2006-02-27,39632.39874520894,2006-01-10,2006-02-27,39531.53868516073,2006-01-04,2006-02-28,39270.7659062439,2005-12-30,2006-03-02,39034.094045802056,2005-12-22,2006-03-01,38848.27535335188,2005-12-16,2006-03-02,38626.521608002084,2005-12-12,2006-03-05
ECMWF,2006,15,144,2005-11-08,2006-03-31,40912.136841879605,2005-12-01,2005-12-01,38996.05642531409,2005-12-01,2005-12-07,38661.31837456011,2005-11-27,2005-12-10,38343.45640210255,2005-11-28,2005-12-18,38106.69161854042,2005-11-24,2005-12-21,37813.86881450471,2005-11-17,2005-12-21,37516.71413946703,2005-11-15,2005-12-26,37506.19694945003,2005-11-27,2006-01-14,37501.361744619746,2005-11-25,2006-01-19,37427.45775804881,2005-11-21,2006-01-22,37367.29495659642,2005-11-27,2006-02-04,37350.99486478337,2005-11-25,2006-02-09,37337.1391997758,2005-11-26,2006-02-17
ECMWF,2006,16,144,2005-11-08,2006-03-31,43117.60534781055,2006-02-09,2006-02-09,41156.74795188581,2006-02-04,2006-02-10,40849.72138310295,2006-01-28,2006-02-10,39820.386938038835,2006-01-24,2006-02-13,39256.412201953724,2006-01-14,2006-02-10,39010.61312360954,2006-01-08,2006-02-11,38587.76950401842,2006-01-03,2006-02-13,38322.21186602919,2005-12-26,2006-02-12,38190.82262241359,2005-12-20,2006-02-13,38030.88447189317,2005-12-11,2006-02-11,37922.56826764502,2005-12-06,2006-02-13,37727.07367839946,2005-12-10,2006-02-24,37635.11823745842,2005-12-05,2006-02-26
ECMWF,2006,17,144,2005-11-08,2006-03-31,42982.68772089978,2006-02-22,2006-02-22,41348.05063131483,2006-01-25,2006-01-31,40977.58426562831,2006-01-19,2006-02-01,40498.3019057434,2006-02-09,2006-03-01,40293.03906628742,2006-01-26,2006-02-22,40359.584581185874,2006-01-19,2006-02-22,40331.77453354432,2006-01-18,2006-02-28,40041.85955259716,2006-01-15,2006-03-04,39820.30196456541,2006-01-04,2006-02-28,39692.57047167992,2005-12-30,2006-03-02,39527.084872776286,2005-12-25,2006-03-04,39359.61384844068,2005-12-16,2006-03-02,39313.824041038744,2005-12-08,2006-03-01
ECMWF,2006,18,144,2005-11-08,2006-03-31,41659.64733644335,2005-12-21,2005-12-21,40058.54617787833,2005-12-20,2005-12-26,39496.33338390277,2005-12-17,2005-12-30,39307.960212002836,2005-12-18,2006-01-07,39125.88965361723,2005-12-17,2006-01-13,38902.8132877498,2005-12-16,2006-01-19,38893.598943338184,2005-12-17,2006-01-27,38716.0094447477,2005-12-14,2006-01-31,38592.907119633535,2005-12-04,2006-01-28,38434.217319375435,2005-11-30,2006-01-31,38331.184314301594,2005-11-23,2006-01-31,38131.53076111034,2005-11-18,2006-02-02,38087.289209516006,2005-12-03,2006-02-24
ECMWF,2006,19,144,2005-11-08,2006-03-31,41494.92422641613,2005-12-13,2005-12-13,39723.962472836625,2005-12-08,2005-12-14,39172.76908942083,2005-12-02,2005-12-15,38876.47039414452,2005-12-07,2005-12-27,38911.459347617936,2005-12-06,2006-01-02,38804.31141769328,2005-12-02,2006-01-05,38624.33320397056,2005-11-29,2006-01-09,38446.88792564258,2005-11-23,2006-01-10,38223.72379254789,2005-11-18,2006-01-12,38158.5891882857,2005-12-01,2006-02-01,38092.60278870075,2005-11-29,2006-02-06,38028.4281908838,2005-11-23,2006-02-07,37947.47454491921,2005-11-29,2006-02-20
ECMWF,2006,20,144,2005-11-08,2006-03-31,43073.85979656392,2005-12-21,2005-12-21,41468.353868955346,2005-12-20,2005-12-26,40672.04554000335,2005-12-13,2005-12-26,40146.85899063832,2005-12-09,2005-12-29,39907.06897095726,2005-12-15,2006-01-11,39805.30444358409,2005-12-09,2006-01-12,39450.386463038616,2005-12-08,2006-01-18,39292.01042434374,2005-12-15,2006-02-01,39321.87426324278,2005-12-10,2006-02-03,39260.748172093045,2005-12-09,2006-02-09,39153.878101616865,2005-12-08,2006-02-15,38985.383447159096,2005-11-29,2006-02-13,38791.26513118086,2005-11-28,2006-02-19
ECMWF,2006,21,144,2005-11-08,2006-03-31,42436.22609650982,2006-02-01,2006-02-01,40463.14424827611,2005-12-27,2006-01-02,39640.73402343736,2005-12-22,2006-01-04,38928.28160504368,2006-01-15,2006-02-04,38706.367911238354,2005-12-24,2006-01-20,38620.498572266275,2005-12-29,2006-02-01,38729.46969140404,2005-12-23,2006-02-02,38622.47316411748,2005-12-20,2006-02-06,38414.69476971885,2005-12-14,2006-02-07,38278.21024295668,2005-12-20,2006-02-20,38240.05352196771,2005-11-27,2006-02-04,38181.00050148061,2005-11-23,2006-02-07,38028.72875592824,2005-11-24,2006-02-15
ECMWF,2006,22,144,2005-11-08,2006-03-31,43441.02652785533,2006-02-21,2006-02-21,41431.97725920595,2006-02-20,2006-02-26,40948.853493312134,2006-02-15,2006-02-28,40584.117602092534,2006-02-12,2006-03-04,40431.864510659936,2006-01-29,2006-02-25,40408.74394834519,2006-01-24,2006-02-27,40317.03013435118,2006-01-22,2006-03-04,40087.84973841654,2006-01-14,2006-03-03,39904.41959159675,2006-01-12,2006-03-08,39657.4484842592,2006-01-11,2006-03-14,39449.41436392696,2006-01-04,2006-03-14,39398.71754499511,2005-12-17,2006-03-03,39362.18194409077,2005-12-14,2006-03-07
ECMWF,2006,23,144,2005-11-08,2006-03-31,44004.96943721409,2006-01-12,2006-01-12,42428.448853151574,2006-01-11,2006-01-17,41458.986928153805,2006-01-06,2006-01-19,41053.66039913164,2005-12-29,2006-01-18,41037.00905328797,2005-12-22,2006-01-18,40720.14653996335,2005-12-19,2006-01-22,40229.08596296604,2005-12-18,2006-01-28,40025.96129546635,2005-12-18,2006-02-04,39716.9497349203,2005-12-15,2006-02-08,39453.14430115223,2005-12-17,2006-02-17,39319.0206147357,2005-11-25,2006-02-02,39215.032139922514,2005-11-23,2006-02-07,39060.528420979506,2005-11-22,2006-02-13
ECMWF,2006,24,144,2005-11-08,2006-03-31,42643.01670921296,2006-01-10,2006-01-10,40927.65363978396,2006-01-09,2006-01-15,40660.066305554064,2006-01-07,2006-01-20,40183.30459544729,2006-01-02,2006-01-22,39788.13879050049,2006-01-04,2006-01-31,39421.560038323354,2005-12-29,2006-02-01,39350.61955681354,2005-12-10,2006-01-20,39229.664092558756,2005-12-09,2006-01-26,39180.40323352947,2005-12-08,2006-02-01,39046.31437852907,2005-12-03,2006-02-03,38908.72423760008,2005-11-24,2006-02-01,38819.04802292455,2005-11-19,2006-02-03,38652.15412576224,2005-11-18,2006-02-09
ECMWF,2007,0,144,2006-11-08,2007-03-31,44931.43616356688,2007-02-06,2007-02-06,43268.864884880466,2007-02-02,2007-02-08,42812.904114318524,2007-01-30,2007-02-12,42240.04964160168,2007-01-24,2007-02-13,41514.8071068348,2007-01-17,2007-02-13,41081.00474593108,2007-01-11,2007-02-14,40612.61438647405,2007-01-11,2007-02-21,40257.16932477454,2007-01-04,2007-02-21,39912.99957704266,2007-01-02,2007-02-26,39813.317742303174,2006-12-13,2007-02-13,39678.69436060666,2006-12-07,2007-02-14,39550.69147229596,2006-12-07,2007-02-21,39388.03200239493,2006-12-04,2007-02-25
ECMWF,2007,1,144,2006-11-08,2007-03-31,42741.67166117096,2007-01-11,2007-01-11,40514.00989085778,2007-01-09,2007-01-15,40372.158572118125,2007-01-10,2007-01-23,40207.32773108658,2007-01-04,2007-01-24,39976.50049478266,2006-12-28,2007-01-24,39818.42609036356,2006-12-21,2007-01-24,39641.275150665024,2006-12-14,2007-01-24,39406.226703222244,2006-12-11,2007-01-28,39177.53361883281,2006-12-10,2007-02-03,39033.27561675894,2006-12-16,2007-02-16,38959.86945256796,2006-12-11,2007-02-18,38837.370895532404,2006-12-10,2007-02-24,38766.29357356114,2006-12-10,2007-03-03
ECMWF,2007,2,144,2006-11-08,2007-03-31,43011.911429226675,2007-01-29,2007-01-29,40745.105436661215,2007-01-24,2007-01-30,39931.479269479176,2007-01-18,2007-01-31,39222.91727312618,2007-01-13,2007-02-02,38993.150396665544,2007-01-04,2007-01-31,38661.520063369746,2006-12-31,2007-02-03,38443.92030000281,2006-12-20,2007-01-30,38612.31072498058,2006-12-13,2007-01-30,38500.182369611386,2006-12-10,2007-02-03,38264.67989305793,2006-12-01,2007-02-01,38202.845307829244,2006-11-23,2007-01-31,38119.00204354233,2006-11-21,2007-02-05,37940.960784037205,2006-11-21,2007-02-12
ECMWF,2007,3,144,2006-11-08,2007-03-31,42250.36209235953,2007-01-16,2007-01-16,40168.782340192156,2007-01-25,2007-01-31,40012.051108739026,2007-01-18,2007-01-31,39969.53405780501,2007-01-11,2007-01-31,39461.67883103476,2007-01-06,2007-02-02,39050.31420183038,2006-12-30,2007-02-02,38647.35937817271,2006-12-26,2007-02-05,38392.383547147154,2007-01-05,2007-02-22,38348.718718338176,2006-12-07,2007-01-31,38349.707580684066,2006-12-02,2007-02-02,38235.77877921485,2006-11-26,2007-02-03,38097.99974127187,2006-11-20,2007-02-04,38012.14447248772,2006-12-29,2007-03-22
ECMWF,2007,4,144,2006-11-08,2007-03-31,41872.80315928954,2007-01-31,2007-01-31,40260.076595435086,2007-01-26,2007-02-01,39546.43587320922,2007-01-21,2007-02-03,38839.607837330645,2007-01-19,2007-02-08,38418.16975618485,2007-01-13,2007-02-09,38138.60208967917,2007-01-05,2007-02-08,37917.849166326596,2007-01-05,2007-02-15,37605.642038028054,2007-01-03,2007-02-20,37581.4362282185,2006-12-08,2007-02-01,37728.61597463159,2006-12-01,2007-02-01,37764.47244354231,2006-11-29,2007-02-06,37692.6708142925,2006-11-29,2007-02-13,37586.246748289115,2006-11-23,2007-02-14
ECMWF,2007,5,144,2006-11-08,2007-03-31,42713.28555948416,2006-12-22,2006-12-22,41414.51057705066,2006-12-20,2006-12-26,40790.309692989256,2006-12-14,2006-12-27,39929.8203453475,2006-12-11,2006-12-31,39059.2690737968,2006-12-09,2007-01-05,38636.31897651149,2006-12-12,2007-01-15,38378.80172758477,2006-12-11,2007-01-21,38114.16872004199,2006-12-09,2007-01-26,37954.486946799225,2006-12-11,2007-02-04,37754.95786003531,2006-12-05,2007-02-05,37626.12919434048,2006-11-19,2007-01-27,37556.15874618066,2006-11-19,2007-02-03,37422.0554516001,2006-11-17,2007-02-08
ECMWF,2007,6,144,2006-11-08,2007-03-31,41529.71103546934,2007-01-02,2007-01-02,39846.42751714768,2007-02-20,2007-02-26,39249.47674218024,2007-02-13,2007-02-26,38986.47807130799,2007-02-07,2007-02-27,38882.47929347799,2007-02-14,2007-03-13,38807.30607596932,2007-02-08,2007-03-14,38603.040348405215,2007-02-04,2007-03-17,38475.612174892834,2007-01-24,2007-03-13,38526.34770899061,2007-01-17,2007-03-13,38478.75322642001,2007-01-13,2007-03-16,38352.95246575292,2006-12-31,2007-03-10,38412.228281167154,2006-12-27,2007-03-13,38353.861927534184,2006-12-23,2007-03-16
ECMWF,2007,7,144,2006-11-08,2007-03-31,40424.6055123778,2007-01-17,2007-01-17,38418.45843749847,2007-01-23,2007-01-29,38305.01962645417,2007-01-16,2007-01-29,38221.778552283096,2007-01-09,2007-01-29,38125.923679354775,2007-01-05,2007-02-01,37886.40811477882,2006-12-31,2007-02-03,37715.34848748372,2006-12-09,2007-01-19,37766.267638520316,2006-12-12,2007-01-29,37807.89314668654,2006-12-08,2007-02-01,37726.60918626984,2006-12-03,2007-02-03,37602.2844882912,2006-11-25,2007-02-02,37498.510298056506,2006-12-03,2007-02-17,37486.01518499895,2006-12-05,2007-02-26
ECMWF,2007,8,144,2006-11-08,2007-03-31,40621.52401594751,2006-12-26,2006-12-26,39044.588035916866,2007-01-05,2007-01-11,38326.13653259144,2007-01-01,2007-01-14,38140.50120914322,2006-12-23,2007-01-12,37929.12582689372,2007-01-04,2007-01-31,37845.94214419898,2006-12-24,2007-01-27,37815.338971642996,2006-12-21,2007-01-31,37596.99365557663,2006-12-16,2007-02-02,37404.716441409575,2006-12-21,2007-02-14,37307.553765420074,2006-12-19,2007-02-19,37141.72070591882,2006-12-16,2007-02-23,37035.92725984705,2006-12-21,2007-03-07,36981.70169135026,2006-12-18,2007-03-11
ECMWF,2007,9,144,2006-11-08,2007-03-31,42910.4373869904,2007-02-05,2007-02-05,41199.85043385996,2007-02-03,2007-02-09,40872.68859513535,2007-01-30,2007-02-12,39775.84500692087,2007-01-31,2007-02-20,39555.45587747951,2007-01-29,2007-02-25,39060.68674149594,2007-01-26,2007-03-01,38824.941265219204,2007-01-03,2007-02-13,38759.439622455786,2007-01-07,2007-02-24,38661.94413978934,2006-12-31,2007-02-24,38584.77842805929,2006-12-25,2007-02-25,38434.72429855218,2006-12-23,2007-03-02,38224.33932319976,2006-12-10,2007-02-24,38130.22252736419,2006-12-09,2007-03-02
ECMWF,2007,10,144,2006-11-08,2007-03-31,41947.00306966333,2007-01-03,2007-01-03,39188.26763139093,2006-12-31,2007-01-06,38647.160031627725,2006-12-28,2007-01-10,38426.366692980075,2006-12-21,2007-01-10,38162.97989647711,2006-12-21,2007-01-17,37994.066570780706,2006-12-21,2007-01-24,37817.74245397609,2006-12-22,2007-02-01,37818.83378487761,2006-12-21,2007-02-07,37676.68999883289,2006-12-16,2007-02-09,37499.043649683954,2006-12-09,2007-02-09,37368.84314233467,2006-12-14,2007-02-21,37278.208143351636,2006-11-26,2007-02-10,37184.11989413785,2006-11-29,2007-02-20
ECMWF,2007,11,144,2006-11-08,2007-03-31,43172.815304202886,2007-01-03,2007-01-03,41399.59358642198,2006-12-29,2007-01-04,41134.36198982543,2006-12-22,2007-01-04,40906.12543849254,2006-12-18,2007-01-07,40305.724881727656,2006-12-14,2007-01-10,39981.27996598782,2006-12-17,2007-01-20,39687.8532709702,2006-12-12,2007-01-22,39436.531949162054,2006-12-16,2007-02-02,39356.3389002144,2006-12-14,2007-02-07,39141.773331551536,2006-12-14,2007-02-14,39023.27757935494,2006-12-15,2007-02-22,39013.0743477075,2006-12-15,2007-03-01,38998.4047552198,2006-12-14,2007-03-07
ECMWF,2007,12,144,2006-11-08,2007-03-31,41749.64164945596,2006-12-05,2006-12-05,40296.98898403104,2006-12-03,2006-12-09,39995.28477842487,2006-12-01,2006-12-14,39693.507223523986,2006-11-23,2006-12-13,39415.54781836028,2006-11-18,2006-12-15,39032.27172972821,2007-01-30,2007-03-05,38921.404231834385,2007-01-23,2007-03-05,38752.35980065473,2007-01-26,2007-03-15,38677.4888159083,2007-01-21,2007-03-17,38516.83015044702,2007-01-14,2007-03-17,38416.823970658865,2007-01-05,2007-03-15,38337.241907310476,2007-01-02,2007-03-19,38332.50614649899,2006-11-22,2007-02-13
ECMWF,2007,13,144,2006-11-08,2007-03-31,43176.12124353115,2007-02-07,2007-02-07,41360.921352358535,2007-02-06,2007-02-12,41098.16303981645,2007-01-29,2007-02-11,41076.31603759952,2007-01-23,2007-02-12,40800.68912891468,2007-01-19,2007-02-15,40369.710729564824,2007-01-11,2007-02-14,40115.626430126686,2007-01-05,2007-02-15,39801.281937296044,2007-01-04,2007-02-21,39521.14452597166,2007-01-03,2007-02-27,39504.544031674544,2006-12-14,2007-02-14,39595.40235944756,2006-12-07,2007-02-14,39542.24900200624,2006-12-02,2007-02-16,39393.002853334416,2006-12-01,2007-02-22
ECMWF,2007,14,144,2006-11-08,2007-03-31,40718.95882882227,2006-11-29,2006-11-29,38967.06521525367,2007-01-04,2007-01-10,38383.390218300665,2006-12-31,2007-01-13,38013.82722647454,2006-12-25,2007-01-14,37777.34247681034,2006-12-20,2007-01-16,37565.50915136704,2007-01-03,2007-02-06,37510.667762532925,2006-11-28,2007-01-08,37639.011397425886,2006-11-25,2007-01-12,37539.48563769968,2006-11-24,2007-01-18,37433.10280438967,2006-11-24,2007-01-25,37403.43645064241,2006-11-24,2007-02-01,37434.63776862926,2006-11-24,2007-02-08,37349.32911328463,2006-11-24,2007-02-15
ECMWF,2007,15,144,2006-11-08,2007-03-31,42426.52621833004,2007-02-01,2007-02-01,40348.019480948285,2007-01-29,2007-02-04,39621.317473234805,2007-01-25,2007-02-07,39581.65008053441,2007-01-15,2007-02-04,39523.141122528104,2007-01-09,2007-02-05,39337.425602868585,2007-01-04,2007-02-07,39153.09469209932,2006-12-28,2007-02-07,39048.79921025384,2007-01-02,2007-02-19,38943.580650387295,2006-12-26,2007-02-19,38750.252216246976,2006-12-21,2007-02-21,38543.404028185636,2006-12-15,2007-02-22,38426.740832179625,2006-12-07,2007-02-21,38248.23694700498,2006-12-05,2007-02-26
ECMWF,2007,16,144,2006-11-08,2007-03-31,40785.98727456158,2007-01-10,2007-01-10,38565.51430242577,2007-01-09,2007-01-15,38392.481868406234,2007-01-08,2007-01-21,37871.4269551463,2007-01-06,2007-01-26,37442.94501501181,2007-01-05,2007-02-01,37214.90896316412,2007-01-05,2007-02-08,37048.0355087428,2007-01-07,2007-02-17,36961.532789745936,2007-01-05,2007-02-22,36910.58935992075,2007-01-08,2007-03-04,36877.943753134954,2007-01-08,2007-03-11,36875.459214089475,2007-01-08,2007-03-18,36816.99793521546,2007-01-03,2007-03-20,36776.017829707416,2007-01-05,2007-03-29
ECMWF,2007,17,144,2006-11-08,2007-03-31,41943.01269997801,2007-02-13,2007-02-13,40390.943873322605,2007-02-07,2007-02-13,40232.51873064921,2007-02-03,2007-02-16,39950.60292365004,2007-02-02,2007-02-22,39623.23804336003,2007-01-26,2007-02-22,39342.96350749041,2007-01-23,2007-02-26,39246.71083070998,2007-02-02,2007-03-15,39177.239095759614,2007-01-27,2007-03-16,39004.30590242957,2007-01-20,2007-03-16,38882.20649768005,2006-12-27,2007-02-27,38814.07399523315,2007-01-03,2007-03-13,38841.99335995981,2006-12-29,2007-03-15,38790.135258663715,2006-12-23,2007-03-16
ECMWF,2007,18,144,2006-11-08,2007-03-31,42014.38251566734,2007-01-31,2007-01-31,39562.203603141614,2007-01-29,2007-02-04,38983.025383675216,2007-01-05,2007-01-18,38678.876896950824,2007-01-12,2007-02-01,38810.63089074489,2007-01-08,2007-02-04,38559.04051854711,2007-01-08,2007-02-11,38432.7770963411,2007-01-05,2007-02-15,38251.89429015589,2006-12-29,2007-02-15,38148.63855414442,2006-12-10,2007-02-03,38203.430736313705,2006-12-05,2007-02-05,38138.92677565804,2006-12-06,2007-02-13,38055.72608152267,2006-12-04,2007-02-18,37948.87550931106,2006-11-22,2007-02-13
ECMWF,2007,19,144,2006-11-08,2007-03-31,42713.57164121827,2006-12-21,2006-12-21,40221.90114821848,2006-12-15,2006-12-21,39709.09416675473,2006-12-09,2006-12-22,38892.582424909124,2006-12-07,2006-12-27,38655.85614384443,2006-12-13,2007-01-09,38685.179653678526,2006-12-09,2007-01-12,38500.61663323239,2006-12-09,2007-01-19,38412.39315707245,2006-12-10,2007-01-27,38253.14689108661,2006-12-09,2007-02-02,38376.80803726968,2006-12-11,2007-02-11,38293.401350172855,2006-12-07,2007-02-14,38099.726791998946,2006-12-05,2007-02-19,37909.201540818736,2006-12-10,2007-03-03
ECMWF,2007,20,144,2006-11-08,2007-03-31,43533.54538814469,2007-02-05,2007-02-05,42173.21821178322,2007-02-01,2007-02-07,41620.99248026703,2007-01-28,2007-02-10,41015.283930689366,2007-01-23,2007-02-12,40459.76820116189,2007-01-15,2007-02-11,40128.729855831414,2007-01-10,2007-02-13,39804.82544236456,2006-12-31,2007-02-10,39945.45962571571,2006-12-24,2007-02-10,39873.03700242723,2006-12-20,2007-02-13,39556.18380181027,2006-12-21,2007-02-21,39427.0678059213,2006-12-21,2007-02-28,39260.94309218996,2006-12-21,2007-03-07,39095.179179083374,2006-12-19,2007-03-12
ECMWF,2007,21,144,2006-11-08,2007-03-31,42127.30385671744,2007-02-14,2007-02-14,40286.26776876582,2007-02-09,2007-02-15,39573.60008891298,2007-02-03,2007-02-16,39377.07384819791,2007-01-27,2007-02-16,38983.898521861716,2007-01-21,2007-02-17,38719.24005338784,2007-01-21,2007-02-24,38579.46811494321,2007-01-29,2007-03-11,38573.1399160739,2007-01-27,2007-03-16,38488.060103675394,2007-01-21,2007-03-17,38303.519427389634,2007-01-15,2007-03-18,38117.09990218984,2007-01-08,2007-03-18,38170.17880660627,2006-12-27,2007-03-13,38147.05093687029,2006-12-24,2007-03-17
ECMWF,2007,22,144,2006-11-08,2007-03-31,41610.407147597645,2006-11-30,2006-11-30,39462.450566165484,2006-11-27,2006-12-03,39104.802146858405,2006-11-27,2006-12-10,38868.145933066575,2006-11-25,2006-12-15,38421.562041315316,2006-11-25,2006-12-22,38404.9185026639,2006-11-26,2006-12-30,38389.55948125949,2006-11-25,2007-01-05,38256.87000641588,2006-11-24,2007-01-11,38057.38576739466,2006-11-24,2007-01-18,38048.35404359564,2006-11-25,2007-01-26,38006.5904135969,2006-11-25,2007-02-02,37995.057228863596,2006-11-27,2007-02-11,38027.4849015633,2006-11-25,2007-02-16
ECMWF,2007,23,144,2006-11-08,2007-03-31,42546.16366194889,2006-12-06,2006-12-06,40592.66875265888,2006-12-01,2006-12-07,40371.318491574784,2006-11-28,2006-12-11,40141.91376529299,2006-11-22,2006-12-12,39490.84561809833,2006-11-18,2006-12-15,38819.21885612283,2006-11-17,2006-12-21,38436.447558949665,2006-11-17,2006-12-28,38188.075020968325,2006-11-18,2007-01-05,38007.924509172655,2006-11-22,2007-01-16,38094.830376061465,2006-11-26,2007-01-27,38230.46935875106,2006-11-22,2007-01-30,38159.7174083913,2006-11-21,2007-02-05,38037.53966200682,2006-11-17,2007-02-08
ECMWF,2007,24,144,2006-11-08,2007-03-31,40622.62357749175,2006-12-26,2006-12-26,38339.87746876432,2006-12-21,2006-12-27,37928.39791084061,2006-12-10,2006-12-23,38001.97698656017,2006-12-08,2006-12-28,37701.1604541415,2006-12-05,2007-01-01,37452.560303329665,2006-12-07,2007-01-10,37428.03993239534,2006-12-08,2007-01-18,37446.641919054826,2006-12-08,2007-01-25,37411.41037577898,2006-12-06,2007-01-30,37282.15074191801,2006-12-04,2007-02-04,37177.668247914895,2006-11-26,2007-02-03,37073.97938820058,2006-12-04,2007-02-18,37030.400742889295,2006-12-07,2007-02-28
ECMWF,2008,0,145,2007-11-08,2008-03-31,42051.73496718477,2008-01-15,2008-01-15,40077.94377668606,2007-12-17,2007-12-23,39408.43555772606,2008-01-04,2008-01-17,39010.94315153676,2007-12-31,2008-01-20,38983.56557304323,2007-12-20,2008-01-16,39060.17529868002,2007-12-15,2008-01-18,38731.53487176509,2007-12-13,2008-01-23,38352.85725260123,2007-12-14,2008-01-31,38140.08358313733,2007-12-10,2008-02-03,38102.04425803147,2007-11-17,2008-01-18,38011.156867261314,2007-11-13,2008-01-21,37826.820892801574,2007-11-13,2008-01-28,37753.089323499844,2007-11-13,2008-02-04
ECMWF,2008,1,145,2007-11-08,2008-03-31,44462.225778706954,2008-01-22,2008-01-22,42094.313934866936,2008-01-19,2008-01-25,41230.386518541294,2008-01-13,2008-01-26,40749.97645653266,2008-01-06,2008-01-26,40402.07559206937,2007-12-31,2008-01-27,40177.82835474211,2007-12-22,2008-01-25,40219.286192893625,2007-12-15,2008-01-25,40200.27420430971,2007-12-10,2008-01-27,39936.27736826635,2007-12-07,2008-01-31,39699.14776949188,2007-11-28,2008-01-29,39471.10461661153,2007-11-27,2008-02-04,39240.747206438966,2007-11-16,2008-01-31,39064.19203272779,2007-11-13,2008-02-04
ECMWF,2008,2,145,2007-11-08,2008-03-31,42696.151045045,2008-01-24,2008-01-24,40815.39389000208,2008-01-23,2008-01-29,40305.348581372215,2008-01-19,2008-02-01,39985.77142355902,2008-01-18,2008-02-07,39423.74849838943,2008-01-14,2008-02-10,39107.16909973808,2008-01-03,2008-02-06,38924.364843371615,2007-12-27,2008-02-06,38759.54165453218,2007-12-24,2008-02-10,38585.99045870248,2007-12-24,2008-02-17,38437.527829960934,2007-12-24,2008-02-24,38253.96108857438,2007-12-19,2008-02-26,38152.303521291586,2007-12-26,2008-03-11,38066.59961396967,2007-11-26,2008-02-17
ECMWF,2008,3,145,2007-11-08,2008-03-31,42630.63266154847,2008-01-03,2008-01-03,40250.228964901304,2008-02-19,2008-02-25,39744.48936013794,2008-02-18,2008-03-02,38969.23240244872,2008-02-15,2008-03-06,39017.84284332384,2007-12-28,2008-01-24,38744.576195712965,2007-12-29,2008-02-01,38590.20205126601,2007-12-16,2008-01-26,38477.369616132695,2007-12-16,2008-02-02,38454.04061396975,2008-01-02,2008-02-26,38561.63992399119,2007-12-29,2008-02-29,38526.49462521526,2007-12-27,2008-03-05,38446.13975738089,2007-12-17,2008-03-02,38379.79582274524,2007-12-13,2008-03-05
ECMWF,2008,4,145,2007-11-08,2008-03-31,42835.69155868768,2008-01-10,2008-01-10,40930.594433016675,2008-01-06,2008-01-12,40534.88614204518,2007-12-30,2008-01-12,39964.473462279944,2007-12-26,2008-01-15,39404.9032134644,2007-12-17,2008-01-13,39037.59546033243,2007-12-13,2008-01-16,38696.25955596628,2007-12-07,2008-01-17,38426.5716207704,2007-12-03,2008-01-20,38172.56436510461,2007-12-03,2008-01-27,37919.86144686817,2007-12-13,2008-02-13,37829.10583126207,2007-12-07,2008-02-14,37827.42437253364,2007-12-22,2008-03-07,37834.922115336136,2007-12-16,2008-03-08
ECMWF,2008,5,145,2007-11-08,2008-03-31,43267.90772296076,2007-12-27,2007-12-27,41470.308505927074,2007-12-23,2007-12-29,40479.3927554484,2007-12-20,2008-01-02,39708.705151590984,2007-12-14,2008-01-03,39338.938605962045,2007-12-07,2008-01-03,39114.08909399723,2007-11-30,2008-01-03,38947.25783045693,2007-11-26,2008-01-06,38700.43464626756,2007-11-25,2008-01-12,38436.292087448084,2007-11-24,2008-01-18,38245.603986757094,2007-11-22,2008-01-23,38064.4128315796,2007-12-06,2008-02-13,38089.30046127273,2007-11-26,2008-02-10,38080.03460844,2007-11-25,2008-02-16
ECMWF,2008,6,145,2007-11-08,2008-03-31,42610.13591919661,2008-02-07,2008-02-07,40485.008901465066,2008-02-28,2008-03-05,40150.22954025017,2008-02-25,2008-03-09,39676.96387187239,2008-02-20,2008-03-11,39548.68019304867,2008-02-05,2008-03-03,39602.12700372673,2008-02-04,2008-03-09,39615.37510696383,2008-01-30,2008-03-11,39336.99702821926,2008-01-27,2008-03-15,38929.36670881267,2008-01-23,2008-03-18,38599.26797742161,2008-01-20,2008-03-22,38465.410274488786,2008-01-03,2008-03-12,38398.22397347128,2007-12-26,2008-03-11,38290.752133288064,2007-12-21,2008-03-13
ECMWF,2008,7,145,2007-11-08,2008-03-31,43900.27216010506,2007-12-27,2007-12-27,41919.93547509494,2007-12-23,2007-12-29,40952.77678975228,2007-12-16,2007-12-29,40387.692219251476,2007-12-11,2007-12-31,39733.149118840876,2007-12-08,2008-01-04,39364.88826826624,2007-12-15,2008-01-18,39283.15404861658,2007-12-09,2008-01-19,39197.93690940938,2007-12-12,2008-01-29,39141.60409989807,2007-12-13,2008-02-06,39132.62712882186,2007-12-15,2008-02-15,39116.43747822676,2007-12-09,2008-02-16,38959.24896719248,2007-12-09,2008-02-23,38834.846058457915,2007-12-09,2008-03-01
ECMWF,2008,8,145,2007-11-08,2008-03-31,43955.09117928829,2008-01-14,2008-01-14,41860.78064083901,2008-01-10,2008-01-16,41399.80481448949,2008-01-02,2008-01-15,41200.85771235709,2007-12-29,2008-01-18,41038.40700441258,2007-12-27,2008-01-23,40729.83820799919,2007-12-20,2008-01-23,40618.028430553095,2007-12-13,2008-01-23,40414.879580755936,2007-12-06,2008-01-23,40196.610123893675,2007-12-03,2008-01-27,39850.97973475323,2007-11-30,2008-01-31,39458.39690042424,2007-12-01,2008-02-08,39211.26276415395,2007-11-30,2008-02-14,39071.858851571444,2007-12-09,2008-03-01
ECMWF,2008,9,145,2007-11-08,2008-03-31,43653.92830886716,2007-12-25,2007-12-25,41894.29577584013,2007-12-21,2007-12-27,40854.98287212113,2007-12-16,2007-12-29,40170.99830620749,2007-12-11,2007-12-31,39730.36455230661,2007-12-01,2007-12-28,39583.21823091979,2007-11-28,2008-01-01,39319.0001313395,2007-11-27,2008-01-07,39035.45072232957,2007-12-17,2008-02-03,39005.522590369226,2007-12-11,2008-02-04,38927.000127706684,2007-12-01,2008-02-01,38946.18397872583,2007-11-28,2008-02-05,38792.676390933164,2007-11-25,2008-02-09,38675.49560248751,2007-11-17,2008-02-08
ECMWF,2008,10,145,2007-11-08,2008-03-31,42483.76834908862,2007-12-26,2007-12-26,40349.620455094184,2007-12-22,2007-12-28,39463.372604821976,2007-12-20,2008-01-02,38912.5742187139,2007-12-10,2007-12-30,38759.700578622585,2007-12-06,2008-01-02,38674.593792965876,2008-02-11,2008-03-16,38432.73263624469,2008-02-09,2008-03-21,38302.53075845828,2008-01-29,2008-03-17,38150.9567508551,2008-01-26,2008-03-21,37991.021149346154,2008-01-14,2008-03-16,37967.969323296624,2007-12-22,2008-02-29,37975.15864470383,2007-12-21,2008-03-06,38051.808137258406,2007-12-22,2008-03-14
ECMWF,2008,11,145,2007-11-08,2008-03-31,42679.056754003126,2008-01-31,2008-01-31,40640.69860938746,2008-01-27,2008-02-02,39859.42289107949,2008-01-24,2008-02-06,39335.14892417935,2008-01-21,2008-02-10,39038.41269030153,2008-01-09,2008-02-05,39127.12917832753,2008-01-25,2008-02-28,39031.655607344605,2008-01-21,2008-03-02,38848.84718330296,2008-01-10,2008-02-27,38858.63514081137,2008-01-07,2008-03-02,38732.352851304786,2008-01-01,2008-03-03,38714.90887816948,2007-12-23,2008-03-01,38616.32038318033,2007-12-19,2008-03-04,38491.789110564365,2007-11-19,2008-02-10
ECMWF,2008,12,145,2007-11-08,2008-03-31,41613.415316680606,2007-12-03,2007-12-03,39758.60571470049,2007-11-28,2007-12-04,38832.87357410121,2007-11-21,2007-12-04,38514.275171694724,2007-11-14,2007-12-04,37938.118243511664,2007-11-09,2007-12-06,37676.84042904453,2007-12-24,2008-01-27,37670.92229163381,2007-12-27,2008-02-06,37642.59597820966,2007-12-24,2008-02-10,37439.36609196032,2007-12-23,2008-02-16,37318.51971083932,2007-12-23,2008-02-23,37317.2943630966,2007-11-15,2008-01-23,37316.98547758361,2007-11-14,2008-01-29,37369.93474641681,2007-11-16,2008-02-07
ECMWF,2008,13,145,2007-11-08,2008-03-31,41631.52897682664,2008-02-06,2008-02-06,39852.39566474741,2008-02-01,2008-02-07,39312.47664696079,2008-01-27,2008-02-09,38818.01524470147,2008-01-27,2008-02-16,38418.83804478978,2008-01-12,2008-02-08,38578.12713596179,2008-01-04,2008-02-07,38537.54282620862,2007-12-31,2008-02-10,38420.772777822625,2007-12-30,2008-02-16,38340.229207103504,2007-12-17,2008-02-10,38281.15948805404,2007-12-16,2008-02-16,38153.482755107936,2007-12-15,2008-02-22,38014.265740877134,2007-12-14,2008-02-28,37889.29931036468,2007-12-15,2008-03-07
ECMWF,2008,14,145,2007-11-08,2008-03-31,42436.581759822526,2008-02-12,2008-02-12,40490.06530118227,2008-02-11,2008-02-17,40108.061002766466,2008-02-09,2008-02-22,39829.50538910121,2008-02-03,2008-02-23,39742.692609491525,2008-01-27,2008-02-23,39733.20099557721,2008-01-19,2008-02-22,39606.85928898353,2008-01-19,2008-02-29,39436.61504797044,2008-01-15,2008-03-03,39294.890092372,2008-01-08,2008-03-03,39238.13816246211,2007-12-23,2008-02-23,39206.28114376538,2007-12-22,2008-02-29,39136.10758996391,2007-12-20,2008-03-05,39025.78288058566,2007-12-19,2008-03-11
ECMWF,2008,15,145,2007-11-08,2008-03-31,42879.22421646084,2008-01-23,2008-01-23,40502.825504658744,2008-01-22,2008-01-28,40169.06270226305,2008-01-16,2008-01-29,39827.23656805568,2008-01-12,2008-02-01,39353.10010485101,2008-01-09,2008-02-05,39170.833820407795,2007-12-26,2008-01-29,39142.224748866036,2007-12-22,2008-02-01,39043.5278244049,2007-12-15,2008-02-01,38876.74255443115,2007-12-14,2008-02-07,38756.16530315269,2007-12-05,2008-02-05,38651.82890924805,2007-12-17,2008-02-24,38569.614089370436,2007-12-11,2008-02-25,38503.84853276219,2007-12-04,2008-02-25
ECMWF,2008,16,145,2007-11-08,2008-03-31,43563.48486535722,2007-12-19,2007-12-19,41174.879472347326,2007-12-16,2007-12-22,40650.55325850493,2008-01-12,2008-01-25,40390.99651288632,2008-01-04,2008-01-24,40286.637793100344,2007-12-28,2008-01-24,40215.15112538635,2007-12-18,2008-01-21,40298.372234672555,2007-12-14,2008-01-24,40167.88082186607,2007-12-12,2008-01-29,39929.22464061068,2007-12-09,2008-02-02,39790.04771994818,2007-12-12,2008-02-12,39638.101677341765,2007-12-06,2008-02-13,39444.866633444144,2007-12-04,2008-02-18,39230.81137604122,2007-11-22,2008-02-13
ECMWF,2008,17,145,2007-11-08,2008-03-31,43614.85821470709,2008-02-20,2008-02-20,41466.2344915457,2008-02-15,2008-02-21,40450.46203937739,2008-02-13,2008-02-26,39992.61826565351,2008-02-02,2008-02-22,39873.28801112249,2008-01-29,2008-02-25,39694.69458791369,2008-01-22,2008-02-25,39392.549062059115,2008-01-18,2008-02-28,39033.963995989354,2008-01-14,2008-03-02,38919.377394401796,2007-12-30,2008-02-23,38983.25068270638,2007-12-25,2008-02-25,38941.005772218996,2007-12-19,2008-02-26,38830.095912605946,2007-12-13,2008-02-27,38827.36771719116,2007-12-04,2008-02-25
ECMWF,2008,18,145,2007-11-08,2008-03-31,43110.155700198025,2008-01-03,2008-01-03,41037.42935903431,2007-12-30,2008-01-05,39809.659811385834,2007-12-28,2008-01-10,39548.23445329151,2007-12-28,2008-01-17,38965.81679080795,2007-12-26,2008-01-22,38592.39267064734,2007-12-27,2008-01-30,38341.57608441614,2007-12-28,2008-02-07,38199.08280302825,2007-12-01,2008-01-18,38237.22205867646,2007-12-29,2008-02-22,38155.960090643486,2007-12-27,2008-02-27,37923.43481281744,2007-12-22,2008-02-29,37922.3934022705,2007-12-09,2008-02-23,37905.149039415104,2007-12-02,2008-02-23
ECMWF,2008,19,145,2007-11-08,2008-03-31,41501.453685926455,2008-01-10,2008-01-10,39278.32213929385,2008-01-09,2008-01-15,38475.402038779044,2008-01-04,2008-01-17,37958.60946807909,2008-01-08,2008-01-28,37871.02561015349,2008-01-08,2008-02-04,37787.55665962298,2008-01-03,2008-02-06,37635.94413557759,2007-12-31,2008-02-10,37417.56138410946,2007-11-30,2008-01-17,37309.579061114935,2007-12-16,2008-02-09,37356.513610536036,2007-11-30,2008-01-31,37390.17566548998,2007-12-01,2008-02-08,37308.79508853881,2007-11-25,2008-02-09,37249.64254115896,2007-11-13,2008-02-04
ECMWF,2008,20,145,2007-11-08,2008-03-31,41608.28984165264,2007-12-11,2007-12-11,39420.86087761429,2007-12-05,2007-12-11,38862.86484604165,2007-12-27,2008-01-09,38676.25984892671,2007-12-27,2008-01-16,38466.24937398546,2007-11-16,2007-12-13,37988.81813739783,2007-12-29,2008-02-01,38014.95739279512,2007-12-26,2008-02-05,38087.674844348316,2007-11-20,2008-01-07,38102.72288059538,2007-11-19,2008-01-13,38076.69983264889,2007-11-17,2008-01-18,37928.78826110711,2007-11-16,2008-01-24,37913.67712630752,2007-11-18,2008-02-02,37880.05242387642,2007-11-16,2008-02-07
ECMWF,2008,21,145,2007-11-08,2008-03-31,42928.60183279742,2008-01-09,2008-01-09,40773.83170214894,2008-01-05,2008-01-11,40591.13370675103,2007-12-29,2008-01-11,40395.593921721425,2007-12-23,2008-01-12,40287.24266538949,2007-12-14,2008-01-10,40316.459187635584,2007-12-09,2008-01-12,40079.45429672378,2007-12-03,2008-01-13,39755.36658678986,2007-12-01,2008-01-18,39473.866382361906,2007-12-02,2008-01-26,39179.58807056534,2007-11-26,2008-01-27,39001.94332097416,2007-11-18,2008-01-26,38778.194507098786,2007-11-12,2008-01-27,38548.586935815416,2007-11-11,2008-02-02
ECMWF,2008,22,145,2007-11-08,2008-03-31,42535.27271043448,2008-01-16,2008-01-16,40893.49574901773,2008-01-15,2008-01-21,40636.74632982702,2008-01-13,2008-01-26,39905.29084683171,2008-01-10,2008-01-30,39641.99020537066,2008-01-01,2008-01-28,39281.42345292599,2007-12-30,2008-02-02,38859.291488220944,2007-12-28,2008-02-07,38600.11635337472,2008-01-01,2008-02-18,38640.87245824736,2007-12-02,2008-01-26,38691.1893899357,2007-11-28,2008-01-29,38622.23329939027,2007-11-23,2008-01-31,38509.4029835479,2007-11-18,2008-02-02,38405.25828476473,2007-11-10,2008-02-01
ECMWF,2008,23,145,2007-11-08,2008-03-31,42861.69839495286,2008-01-22,2008-01-22,40712.01725174761,2008-01-16,2008-01-22,40290.61553486287,2008-01-14,2008-01-27,39888.86806541489,2008-01-14,2008-02-03,39375.04467235178,2008-01-09,2008-02-05,39011.12053348644,2008-01-01,2008-02-04,39012.553494715,2007-12-22,2008-02-01,38975.860440393066,2007-12-18,2008-02-04,38877.121577967126,2007-12-12,2008-02-05,38764.575702808965,2007-12-04,2008-02-04,38608.58640302762,2007-11-28,2008-02-05,38476.760785809805,2007-11-23,2008-02-07,38266.07197260765,2007-11-17,2008-02-08
ECMWF,2008,24,145,2007-11-08,2008-03-31,41993.217624889454,2007-12-26,2007-12-26,40204.122848323954,2008-01-15,2008-01-21,39493.867716917164,2008-02-17,2008-03-01,39477.81659980571,2008-02-05,2008-02-25,39273.34204303481,2008-02-03,2008-03-01,38878.67006653877,2008-01-27,2008-03-01,38944.73154698809,2008-01-15,2008-02-25,38894.19500809028,2008-01-13,2008-03-01,38759.425085164534,2008-01-08,2008-03-03,38578.319681325,2007-12-24,2008-02-24,38679.895325583646,2007-12-18,2008-02-25,38680.168400276394,2007-12-16,2008-03-01,38577.43217324171,2007-12-07,2008-02-28
ECMWF,2009,0,144,2008-11-08,2009-03-31,42651.8522918853,2009-01-29,2009-01-29,40871.71701267284,2009-01-27,2009-02-02,40456.41614451118,2009-01-21,2009-02-03,40094.48765132505,2009-01-18,2009-02-07,39755.86600254618,2009-01-14,2009-02-10,39498.26975868753,2009-01-12,2009-02-15,39310.23515470389,2009-01-13,2009-02-23,39075.856625174536,2009-01-09,2009-02-26,38916.84099053276,2008-12-17,2009-02-10,38878.11009949331,2008-12-14,2009-02-14,38818.3507229583,2008-12-16,2009-02-23,38709.10981912689,2008-12-12,2009-02-26,38493.32363734357,2008-12-08,2009-03-01
ECMWF,2009,1,144,2008-11-08,2009-03-31,39796.27142357273,2008-12-11,2008-12-11,38274.50315357749,2009-01-22,2009-01-28,37914.94185338103,2009-01-15,2009-01-28,37785.26603933371,2009-01-09,2009-01-29,37647.56582377293,2009-01-03,2009-01-30,37544.46040748237,2008-12-27,2009-01-30,37451.23854638515,2008-12-19,2009-01-29,37491.235218728456,2008-12-11,2009-01-28,37450.82601502626,2008-12-08,2009-02-01,37378.39190597515,2008-11-29,2009-01-30,37364.547119677874,2008-12-09,2009-02-16,37315.894860372166,2008-12-07,2009-02-21,37272.75343885816,2008-11-25,2009-02-16
ECMWF,2009,2,144,2008-11-08,2009-03-31,43341.5102180066,2009-01-01,2009-01-01,41633.89683048696,2008-12-28,2009-01-03,41196.657338525765,2008-12-23,2009-01-05,40705.06752409188,2008-12-23,2009-01-12,40702.43061708448,2008-12-26,2009-01-22,40632.3835250494,2008-12-23,2009-01-26,40472.7121152929,2008-12-22,2009-02-01,40390.8319064633,2008-12-10,2009-01-27,40278.773896875275,2008-12-08,2009-02-01,40054.81488570546,2008-12-02,2009-02-02,39759.894861766086,2008-11-29,2009-02-06,39551.69946507369,2008-12-08,2009-02-22,39444.514559554875,2008-12-02,2009-02-23
ECMWF,2009,3,144,2008-11-08,2009-03-31,43057.39573448984,2008-12-09,2008-12-09,41217.02381370855,2009-01-26,2009-02-01,40678.069852751905,2009-01-22,2009-02-04,40112.339849097225,2009-01-18,2009-02-07,39605.385259607756,2009-01-21,2009-02-17,39462.33132956795,2009-01-19,2009-02-22,39189.50035078173,2009-01-14,2009-02-24,39102.89425612682,2009-01-04,2009-02-21,39002.08354025817,2008-12-29,2009-02-22,38897.702147939504,2008-12-05,2009-02-05,38809.75620119355,2008-12-05,2009-02-12,38826.92997764815,2008-12-05,2009-02-19,38765.95142437959,2008-12-04,2009-02-25
ECMWF,2009,4,144,2008-11-08,2009-03-31,42607.91717866078,2009-01-15,2009-01-15,40908.91097952129,2009-01-10,2009-01-16,40632.39560529526,2009-01-05,2009-01-18,40142.17993892649,2009-01-03,2009-01-23,39519.572691710906,2009-01-01,2009-01-28,39196.79267539672,2009-01-02,2009-02-05,39083.45988322637,2009-01-03,2009-02-13,38913.769483347656,2009-01-01,2009-02-18,38731.71088025616,2008-12-21,2009-02-14,38660.55671219995,2008-12-18,2009-02-18,38475.5449880857,2008-12-15,2009-02-22,38317.08180994163,2008-12-17,2009-03-03,38159.70763765335,2008-12-15,2009-03-08
ECMWF,2009,5,144,2008-11-08,2009-03-31,41371.09157923237,2009-01-29,2009-01-29,39513.49380725594,2008-12-28,2009-01-03,39422.86095956328,2008-12-28,2009-01-10,39003.93523929482,2008-12-26,2009-01-15,38896.5786101776,2008-12-15,2009-01-11,38745.727045789055,2008-12-12,2009-01-15,38526.593015730614,2008-12-27,2009-02-06,38498.92690414858,2008-12-27,2009-02-13,38481.2730644356,2008-12-13,2009-02-06,38465.72782470605,2008-12-12,2009-02-12,38388.95567995509,2008-12-12,2009-02-19,38282.80051471412,2008-12-12,2009-02-26,38247.13023865596,2008-12-12,2009-03-05
ECMWF,2009,6,144,2008-11-08,2009-03-31,43494.50306698596,2009-01-01,2009-01-01,41472.55618538579,2008-12-30,2009-01-05,40255.897074958055,2008-12-24,2009-01-06,39661.10533201683,2008-12-18,2009-01-07,39655.36973205507,2008-12-09,2009-01-05,39351.45802941419,2008-12-04,2009-01-07,39036.11669453913,2008-11-28,2009-01-08,38852.2615461741,2008-12-08,2009-01-25,38857.7565750116,2008-12-09,2009-02-02,38792.79849229282,2008-12-08,2009-02-08,38672.73173610075,2008-12-02,2009-02-09,38637.523396473305,2008-12-06,2009-02-20,38543.95241526837,2008-11-30,2009-02-21
ECMWF,2009,7,144,2008-11-08,2009-03-31,43550.073336111585,2009-02-10,2009-02-10,42023.87791041403,2009-02-08,2009-02-14,41536.746627234286,2009-02-02,2009-02-15,40916.98370023829,2009-02-01,2009-02-21,40224.430960536025,2009-01-26,2009-02-22,39999.724941025284,2009-01-13,2009-02-16,39906.032448525744,2009-01-12,2009-02-22,39566.49331559821,2009-01-08,2009-02-25,39321.3066470204,2008-12-29,2009-02-22,39073.156521354955,2008-12-31,2009-03-03,38956.97433530241,2008-12-15,2009-02-22,38913.4927655471,2008-12-07,2009-02-21,38825.08604490639,2008-12-01,2009-02-22
ECMWF,2009,8,144,2008-11-08,2009-03-31,42199.98823468005,2008-11-27,2008-11-27,40318.418912153975,2008-11-26,2008-12-02,39433.63743470534,2008-11-20,2008-12-03,38837.200122268274,2008-11-15,2008-12-05,38335.51255259739,2008-11-11,2008-12-08,38024.89693781506,2008-11-23,2008-12-27,38060.715285512764,2008-11-22,2009-01-02,38083.334580744406,2008-11-21,2009-01-08,38060.829628401785,2008-12-20,2009-02-13,37996.032733877306,2008-11-12,2009-01-13,38014.61632100297,2008-11-21,2009-01-29,38012.67228967062,2008-11-21,2009-02-05,38038.63352878798,2008-11-21,2009-02-12
ECMWF,2009,9,144,2008-11-08,2009-03-31,41262.11753352318,2008-12-17,2008-12-17,39294.37017060424,2009-03-05,2009-03-11,39065.41303408659,2009-02-26,2009-03-11,38619.31296123894,2009-02-21,2009-03-13,38200.59372227732,2009-02-13,2009-03-12,38313.38916274796,2009-02-06,2009-03-12,38109.06274694464,2009-02-01,2009-03-14,38020.499932042054,2009-01-23,2009-03-12,38138.8577295418,2009-01-15,2009-03-11,38113.965526873326,2009-01-10,2009-03-13,37923.53210813815,2009-01-04,2009-03-14,37796.70118783413,2008-12-26,2009-03-12,37791.861228250054,2008-12-17,2009-03-10
ECMWF,2009,10,144,2008-11-08,2009-03-31,42281.37294658359,2008-12-10,2008-12-10,40271.9685998981,2008-12-08,2008-12-14,39884.67484016102,2008-12-02,2008-12-15,39233.6529733934,2009-01-05,2009-01-25,38857.715032172135,2009-01-02,2009-01-29,38626.108756020476,2008-12-26,2009-01-29,38681.63802391301,2008-12-04,2009-01-14,38769.9570085594,2008-12-04,2009-01-21,38749.97530071851,2008-12-01,2009-01-25,38622.72795843814,2008-12-01,2009-02-01,38497.44724564331,2008-11-30,2009-02-07,38324.491541804375,2008-11-30,2009-02-14,38235.15630494056,2008-12-02,2009-02-23
ECMWF,2009,11,144,2008-11-08,2009-03-31,41586.95602878782,2008-12-16,2008-12-16,39230.544688965776,2009-01-26,2009-02-01,38659.66631166152,2009-01-20,2009-02-02,38517.89195192954,2009-01-12,2009-02-01,38452.99835263448,2009-01-06,2009-02-02,38284.69246791889,2009-01-05,2009-02-08,38017.56345725664,2008-12-30,2009-02-09,37876.565251214466,2008-12-15,2009-02-01,37854.10722470734,2008-12-15,2009-02-08,37804.44908911112,2008-12-04,2009-02-04,37768.66612077585,2008-11-30,2009-02-07,37682.17536250493,2008-11-29,2009-02-13,37614.16201575461,2008-11-28,2009-02-19
ECMWF,2009,12,144,2008-11-08,2009-03-31,43843.10029782578,2009-01-05,2009-01-05,42409.24600596468,2008-12-30,2009-01-05,41839.56813028715,2008-12-23,2009-01-05,41606.200738762076,2008-12-21,2009-01-10,41269.70537612779,2008-12-17,2009-01-13,41099.31343505932,2008-12-29,2009-02-01,41150.56438126701,2008-12-21,2009-01-31,41015.01485657187,2008-12-15,2009-02-01,40917.466183207864,2008-12-08,2009-02-01,40852.409606037465,2008-12-04,2009-02-04,40678.79328799531,2008-11-30,2009-02-07,40466.39882158502,2008-11-29,2009-02-13,40227.05306876627,2008-11-27,2009-02-18
ECMWF,2009,13,144,2008-11-08,2009-03-31,42997.40469751552,2009-01-28,2009-01-28,40248.9267525026,2009-01-23,2009-01-29,39701.239582005706,2009-01-22,2009-02-04,39282.51490715934,2009-01-16,2009-02-05,39426.324687018096,2009-01-22,2009-02-18,39270.020296180905,2009-01-16,2009-02-19,39130.353745719636,2009-01-21,2009-03-03,39093.14757035227,2009-01-22,2009-03-11,39010.094664178636,2009-01-15,2009-03-11,38952.218009341894,2008-12-19,2009-02-19,38874.206040363424,2008-12-20,2009-02-27,38857.464039909035,2008-12-19,2009-03-05,38857.21872617585,2008-12-18,2009-03-11
ECMWF,2009,14,144,2008-11-08,2009-03-31,42646.17344963878,2008-12-11,2008-12-11,40416.704859389734,2009-01-20,2009-01-26,40064.55549363978,2009-01-17,2009-01-30,39630.29946652893,2009-01-10,2009-01-30,39236.70245802375,2009-01-05,2009-02-01,38911.04213430405,2008-12-30,2009-02-02,38697.267236854575,2008-12-22,2009-02-01,38733.566819303574,2008-12-10,2009-01-27,38805.95871838123,2008-12-08,2009-02-01,38709.169233072425,2008-12-02,2009-02-02,38519.224798406736,2008-12-01,2009-02-08,38368.51359112398,2008-12-01,2009-02-15,38267.88920094416,2008-11-30,2009-02-21
ECMWF,2009,15,144,2008-11-08,2009-03-31,45024.907968512496,2009-01-22,2009-01-22,42295.257556687946,2009-01-21,2009-01-27,41954.25002605185,2009-01-11,2009-01-24,41692.63756131025,2009-01-08,2009-01-28,41201.01312821445,2009-01-02,2009-01-29,40565.57445711843,2008-12-29,2009-02-01,40002.49255495969,2008-12-20,2009-01-30,39743.510105140595,2008-12-15,2009-02-01,39388.751927581696,2009-01-01,2009-02-25,39123.126758776816,2008-12-26,2009-02-26,39026.413416179224,2008-12-17,2009-02-24,38858.77337919722,2008-12-13,2009-02-27,38649.83219922605,2008-12-04,2009-02-25
ECMWF,2009,16,144,2008-11-08,2009-03-31,41663.51242745003,2009-03-02,2009-03-02,39888.6331468631,2009-02-25,2009-03-03,39460.719414787614,2009-01-31,2009-02-13,39030.047158284855,2009-01-28,2009-02-17,38962.83847395325,2009-02-04,2009-03-03,38941.162827248394,2009-01-29,2009-03-04,38686.57149753357,2009-01-21,2009-03-03,38521.80555162229,2009-01-16,2009-03-05,38477.91012277087,2009-01-09,2009-03-05,38373.36974916054,2009-01-02,2009-03-05,38199.564578970494,2008-12-27,2009-03-06,38115.33764900139,2008-12-19,2009-03-05,38121.33605851159,2008-12-12,2009-03-05
ECMWF,2009,17,144,2008-11-08,2009-03-31,42602.08546641538,2009-01-01,2009-01-01,40506.51189513417,2008-12-27,2009-01-02,39962.02374990668,2008-12-20,2009-01-02,39554.36473035191,2008-12-18,2009-01-07,39248.59139256105,2008-12-26,2009-01-22,39264.15326714082,2008-12-18,2009-01-21,39313.54522148815,2008-12-25,2009-02-04,39318.35608931307,2008-12-18,2009-02-04,39057.22655894687,2008-12-15,2009-02-08,38768.6172580497,2008-12-06,2009-02-06,38659.712389613465,2008-12-18,2009-02-25,38704.11119687661,2008-12-18,2009-03-04,38663.17057336095,2008-12-17,2009-03-10
ECMWF,2009,18,144,2008-11-08,2009-03-31,42182.04761748315,2009-01-01,2009-01-01,40036.53994815544,2008-12-30,2009-01-05,39352.90327897897,2008-12-22,2009-01-04,39063.348652004606,2008-12-19,2009-01-08,38772.180101874284,2008-12-28,2009-01-24,38762.093515011744,2008-12-20,2009-01-23,38655.948033377856,2008-12-17,2009-01-27,38501.302604418604,2008-12-19,2009-02-05,38340.432481300166,2008-12-15,2009-02-08,38245.01450317985,2008-11-29,2009-01-30,38168.54608205011,2008-11-28,2009-02-05,38062.59726229016,2008-11-27,2009-02-11,37956.779269723214,2008-11-26,2009-02-17
ECMWF,2009,19,144,2008-11-08,2009-03-31,42156.78381935545,2009-01-13,2009-01-13,40101.94683766092,2009-01-12,2009-01-18,39606.27460724001,2009-01-12,2009-01-25,38899.94508352751,2009-01-05,2009-01-25,38652.609141459536,2009-01-01,2009-01-28,38668.78586499599,2009-01-12,2009-02-15,38526.79815260366,2009-01-11,2009-02-21,38426.806425011164,2009-01-01,2009-02-18,38299.79187406269,2008-12-30,2009-02-23,38216.17007378551,2008-12-18,2009-02-18,38126.77031446159,2008-12-17,2009-02-24,38017.18994905642,2008-12-11,2009-02-25,37887.52613197818,2008-12-03,2009-02-24
ECMWF,2009,20,144,2008-11-08,2009-03-31,44677.85033627824,2008-12-18,2008-12-18,42289.88898658571,2008-12-13,2008-12-19,41480.545001921375,2008-12-11,2008-12-24,40543.50268168913,2008-12-10,2008-12-30,40027.711325796576,2008-12-09,2009-01-05,39735.767102719816,2008-12-11,2009-01-14,39678.12875847984,2008-12-11,2009-01-21,39470.81715947867,2008-12-06,2009-01-23,39317.90271791253,2008-11-27,2009-01-21,39145.87249281362,2008-11-26,2009-01-27,38886.32876342166,2008-11-20,2009-01-28,38680.30313239001,2008-11-26,2009-02-10,38578.04973150572,2008-11-26,2009-02-17
ECMWF,2009,21,144,2008-11-08,2009-03-31,42179.051119923955,2009-02-26,2009-02-26,40564.094302844314,2009-02-25,2009-03-03,40272.659005759364,2009-02-18,2009-03-03,39943.36264060793,2009-02-15,2009-03-07,39446.98438078001,2009-02-11,2009-03-10,39002.927115471495,2009-02-10,2009-03-16,38643.312205988135,2009-02-02,2009-03-15,38627.07176335028,2009-01-19,2009-03-08,38475.94195947943,2009-01-18,2009-03-14,38382.627412294925,2009-01-06,2009-03-09,38287.85353895506,2008-12-31,2009-03-10,38201.46850525346,2008-12-28,2009-03-14,38097.23646903334,2008-12-21,2009-03-14
ECMWF,2009,22,144,2008-11-08,2009-03-31,43094.50622106309,2009-01-02,2009-01-02,41568.97654925331,2008-12-29,2009-01-04,40860.94048912388,2008-12-25,2009-01-07,40100.323793711155,2008-12-19,2009-01-08,39443.48251624828,2008-12-14,2009-01-10,39380.322015531034,2008-12-04,2009-01-07,39338.97389151932,2008-11-28,2009-01-08,39064.584678810286,2008-11-25,2009-01-12,38848.127175285386,2008-11-18,2009-01-12,38622.606244024246,2008-11-27,2009-01-28,38536.89324947312,2008-11-27,2009-02-04,38418.79813438763,2008-11-26,2009-02-10,38326.86794384766,2008-11-18,2009-02-09
ECMWF,2009,23,144,2008-11-08,2009-03-31,42811.01663262509,2009-01-08,2009-01-08,40858.600601377206,2009-01-05,2009-01-11,40672.825545689404,2009-01-05,2009-01-18,40403.62321798367,2009-01-02,2009-01-22,40048.882151607715,2009-01-01,2009-01-28,39605.17682934876,2008-12-24,2009-01-27,39334.93396518602,2008-12-19,2009-01-29,39054.93200721822,2008-12-14,2009-01-31,38755.60121468123,2008-12-10,2009-02-03,38481.487567656106,2008-12-08,2009-02-08,38292.406745160755,2008-11-25,2009-02-02,38136.076245045544,2008-11-18,2009-02-02,38004.90897082213,2008-11-15,2009-02-06
ECMWF,2009,24,144,2008-11-08,2009-03-31,41278.39539230948,2009-03-03,2009-03-03,39316.07713480417,2009-02-28,2009-03-06,38801.349848908525,2009-02-28,2009-03-13,38370.38606631417,2009-02-24,2009-03-16,38069.305431706925,2009-02-19,2009-03-18,37838.591615071484,2009-02-14,2009-03-20,37727.25168257608,2009-02-02,2009-03-15,37725.59464663072,2008-12-09,2009-01-26,37716.621366352854,2009-01-14,2009-03-10,37724.57188586363,2009-01-11,2009-03-14,37674.505607198145,2009-01-10,2009-03-20,37610.99506922978,2008-12-29,2009-03-15,37626.749230716814,2008-12-13,2009-03-06
ECMWF,2010,0,144,2009-11-08,2010-03-31,42533.06043067078,2010-02-17,2010-02-17,40977.48869266954,2010-01-29,2010-02-04,40620.79008885614,2010-01-22,2010-02-04,40499.44622048064,2010-01-16,2010-02-05,40401.544476814466,2010-01-09,2010-02-05,40249.13568988541,2010-01-16,2010-02-19,40225.5862825405,2010-01-09,2010-02-19,40027.85573430042,2010-01-04,2010-02-21,39759.51817606622,2009-12-29,2010-02-22,39527.8249379628,2010-01-01,2010-03-04,39433.698662724564,2010-01-07,2010-03-17,39328.33517038134,2010-01-02,2010-03-19,39178.61650000936,2009-12-27,2010-03-20
ECMWF,2010,1,144,2009-11-08,2010-03-31,42681.49568092834,2010-01-06,2010-01-06,40532.36947975685,2010-01-04,2010-01-10,40118.51930394159,2009-12-28,2010-01-10,39859.31913817757,2009-12-23,2010-01-12,39545.0714688552,2009-12-27,2010-01-23,39512.1807579948,2009-12-25,2010-01-28,39252.173305856566,2009-12-18,2010-01-28,39205.61019821029,2009-12-24,2010-02-10,39081.56085987558,2009-12-21,2010-02-14,38991.58677549286,2009-12-13,2010-02-13,38954.69836446035,2009-12-06,2010-02-13,38878.72415269635,2009-11-29,2010-02-13,38703.19759926698,2009-11-24,2010-02-15
ECMWF,2010,2,144,2009-11-08,2010-03-31,42273.01780673856,2010-01-27,2010-01-27,40601.76075116352,2010-01-26,2010-02-01,39678.33607037835,2010-01-21,2010-02-03,38948.49819247996,2010-01-16,2010-02-05,38497.669745427906,2010-01-14,2010-02-10,38625.350379896976,2009-12-29,2010-02-01,38695.19253544052,2009-12-23,2010-02-02,38572.42508591348,2009-12-16,2010-02-02,38432.542152210386,2009-12-10,2010-02-03,38538.70667515841,2009-12-02,2010-02-02,38525.04502072425,2009-11-26,2010-02-03,38411.8662658608,2009-11-25,2010-02-09,38293.44694546562,2009-11-19,2010-02-10
ECMWF,2010,3,144,2009-11-08,2010-03-31,41586.09288560032,2009-12-17,2009-12-17,39623.81471830093,2009-12-14,2009-12-20,38836.57878432127,2009-12-10,2009-12-23,38131.898570763355,2009-12-09,2009-12-29,37956.91827958878,2009-12-13,2010-01-09,38041.70608242104,2009-12-14,2010-01-17,38041.85058527796,2009-12-10,2010-01-20,37888.77090651503,2009-12-09,2010-01-26,37792.35888316271,2009-12-09,2010-02-02,37696.718833093255,2009-11-19,2010-01-20,37668.62238729721,2009-12-09,2010-02-16,37575.74198828728,2009-11-18,2010-02-02,37518.58774058734,2009-11-19,2010-02-10
ECMWF,2010,4,144,2009-11-08,2010-03-31,42905.7172148801,2010-01-27,2010-01-27,40806.94900517173,2010-01-24,2010-01-30,40751.546575550754,2010-01-23,2010-02-05,40242.07721762928,2009-12-26,2010-01-15,40273.062336580326,2010-01-09,2010-02-05,40321.79683598989,2010-01-02,2010-02-05,40201.462428756335,2009-12-27,2010-02-06,40049.23712804487,2009-12-19,2010-02-05,39906.6389887803,2009-12-14,2010-02-07,39744.715441483044,2009-12-09,2010-02-09,39456.99538823696,2009-12-08,2010-02-15,39230.69401876682,2009-12-08,2010-02-22,38984.535068808924,2009-12-01,2010-02-22
ECMWF,2010,5,144,2009-11-08,2010-03-31,43212.57325030486,2010-02-04,2010-02-04,41475.48443527962,2010-02-02,2010-02-08,41066.85319368526,2010-01-27,2010-02-09,40860.56830459974,2010-01-21,2010-02-10,40185.1126051364,2010-01-21,2010-02-17,39792.00257547448,2010-01-07,2010-02-10,39519.79306401979,2010-01-07,2010-02-17,39614.81543786521,2009-12-23,2010-02-09,39685.94388176838,2009-12-16,2010-02-09,39625.78523513696,2009-12-10,2010-02-10,39558.11365785947,2009-12-04,2010-02-11,39434.11507769112,2009-12-04,2010-02-18,39260.546558018854,2009-11-27,2010-02-18
ECMWF,2010,6,144,2009-11-08,2010-03-31,41251.086209961126,2009-12-15,2009-12-15,39387.83988526708,2009-12-23,2009-12-29,38907.79836558637,2009-12-22,2010-01-04,38883.11815838049,2009-12-12,2010-01-01,38742.82014700246,2009-12-11,2010-01-07,38579.06080026842,2009-12-07,2010-01-10,38395.61846300853,2009-12-07,2010-01-17,38397.86230999865,2009-12-12,2010-01-29,38337.62611104556,2009-12-07,2010-01-31,38217.95220375812,2009-12-03,2010-02-03,38050.04232446146,2009-11-23,2010-01-31,38024.06668576987,2009-11-19,2010-02-03,37875.938657515384,2009-11-13,2010-02-04
ECMWF,2010,7,144,2009-11-08,2010-03-31,43176.562725847696,2010-01-27,2010-01-27,41228.48395525979,2010-01-24,2010-01-30,40892.66355046409,2010-01-21,2010-02-03,40724.82139412557,2010-01-21,2010-02-10,40344.15241203043,2009-11-30,2009-12-27,40297.543296951655,2009-11-30,2010-01-03,40244.37184396092,2009-11-27,2010-01-07,40127.989658058985,2009-11-21,2010-01-08,40147.325432878475,2009-12-17,2010-02-10,40135.95163134355,2009-12-04,2010-02-04,40159.241662874876,2009-12-03,2010-02-10,40147.61665949897,2009-11-26,2010-02-10,40065.91967523243,2009-11-20,2010-02-11
ECMWF,2010,8,144,2009-11-08,2010-03-31,42736.04663552946,2010-01-05,2010-01-05,40641.40693727396,2009-12-31,2010-01-06,39898.32311768525,2009-12-26,2010-01-08,39064.5623700221,2009-12-23,2010-01-12,38823.84008627089,2010-02-17,2010-03-16,38805.01266960893,2009-12-29,2010-02-01,38762.82322802358,2009-12-25,2010-02-04,38561.34923270989,2009-12-23,2010-02-09,38571.395974821455,2009-12-31,2010-02-24,38664.35466779849,2009-12-29,2010-03-01,38637.4587239492,2009-12-24,2010-03-03,38571.289120261004,2009-12-26,2010-03-12,38589.664672103136,2009-12-26,2010-03-19
ECMWF,2010,9,144,2009-11-08,2010-03-31,42062.36005604461,2009-12-30,2009-12-30,39855.56129247719,2009-12-27,2010-01-02,39238.91073497823,2009-12-24,2010-01-06,38872.735462919125,2009-12-23,2010-01-12,38558.34561817065,2009-12-23,2010-01-19,38349.40901808436,2009-12-22,2010-01-25,38272.75755827957,2009-12-24,2010-02-03,38312.190281445386,2009-12-27,2010-02-13,38251.94523917975,2009-12-21,2010-02-14,38164.359197204205,2009-12-13,2010-02-13,38078.287262536134,2009-12-13,2010-02-20,37948.302806973705,2009-12-11,2010-02-25,38005.02711704637,2009-11-22,2010-02-13
ECMWF,2010,10,144,2009-11-08,2010-03-31,41281.46700162924,2009-12-21,2009-12-21,39661.23508870088,2009-12-16,2009-12-22,38727.304918126894,2009-12-14,2009-12-27,38572.158527099884,2009-12-15,2010-01-04,38406.95852834265,2009-12-14,2010-01-10,38413.805876537386,2009-12-16,2010-01-19,38445.81884491615,2009-12-15,2010-01-25,38374.029268946026,2009-12-14,2010-01-31,38223.45702526696,2009-12-06,2010-01-30,38068.31265329371,2009-12-01,2010-02-01,37883.44856913338,2009-11-30,2010-02-07,37693.60369630462,2009-11-23,2010-02-07,37548.560536074794,2009-11-16,2010-02-07
ECMWF,2010,11,144,2009-11-08,2010-03-31,42885.66617613501,2010-01-14,2010-01-14,40332.76155602882,2010-01-10,2010-01-16,39345.50733382256,2010-01-06,2010-01-19,38487.51853113965,2010-01-06,2010-01-26,38082.51854987978,2010-01-06,2010-02-02,37862.80674259741,2009-12-15,2010-01-18,37791.24292677274,2009-12-11,2010-01-21,37644.47067031803,2010-01-05,2010-02-22,37564.05613166518,2010-01-09,2010-03-05,37684.6717785949,2010-01-06,2010-03-09,37556.597602499096,2010-01-05,2010-03-15,37488.50059301895,2009-12-24,2010-03-10,37476.91490070171,2009-12-16,2010-03-09
ECMWF,2010,12,144,2009-11-08,2010-03-31,43229.526813740165,2010-01-05,2010-01-05,41227.6335311432,2009-12-31,2010-01-06,40448.5790598618,2009-12-28,2010-01-10,39956.89833504618,2009-12-26,2010-01-15,39742.334398174695,2009-12-30,2010-01-26,39598.02235202647,2009-12-26,2010-01-29,39411.77046757088,2009-12-20,2010-01-30,39334.849213240166,2009-12-11,2010-01-28,39213.74168097565,2009-12-07,2010-01-31,39080.54227363478,2009-12-08,2010-02-08,38964.61287685657,2009-12-09,2010-02-16,38815.32782932569,2009-12-03,2010-02-17,38685.26812733783,2009-11-25,2010-02-16
ECMWF,2010,13,144,2009-11-08,2010-03-31,42684.64322688172,2009-12-08,2009-12-08,39198.007487150855,2009-12-04,2009-12-10,38489.450094790496,2009-12-04,2009-12-17,38347.67689192761,2009-12-03,2009-12-23,37830.31698196428,2009-12-01,2009-12-28,37576.97002829568,2009-12-04,2010-01-07,37595.226868517544,2009-12-03,2010-01-13,37447.80359950779,2009-12-03,2010-01-20,37420.407912003015,2009-12-03,2010-01-27,37393.35920516394,2009-12-04,2010-02-04,37365.83390844621,2009-12-02,2010-02-09,37259.67372468801,2009-11-25,2010-02-09,37157.02650593568,2009-12-07,2010-02-28
ECMWF,2010,14,144,2009-11-08,2010-03-31,41877.654851328814,2010-02-03,2010-02-03,40119.0605988518,2010-01-31,2010-02-06,39666.2930061134,2010-01-25,2010-02-07,39337.64361318636,2010-01-18,2010-02-07,39245.05099335722,2010-01-10,2010-02-06,39184.46750695047,2010-01-04,2010-02-07,39025.97022306119,2010-01-05,2010-02-15,38927.32641991735,2010-01-02,2010-02-19,38788.15352418198,2010-01-01,2010-02-25,38588.31242012731,2009-12-27,2010-02-27,38341.45156506361,2009-12-23,2010-03-02,38227.4181459663,2009-12-05,2010-02-19,38193.03416116867,2009-12-04,2010-02-25
ECMWF,2010,15,144,2009-11-08,2010-03-31,42338.608398261014,2010-02-10,2010-02-10,40715.29786175258,2010-02-08,2010-02-14,40379.77922544236,2010-02-06,2010-02-19,40108.53367526551,2010-02-03,2010-02-23,39597.745067884556,2010-01-27,2010-02-23,39345.46499126432,2010-01-21,2010-02-24,39237.797052526126,2010-01-09,2010-02-19,39252.40669908155,2010-01-07,2010-02-24,38984.90722749163,2010-01-04,2010-02-28,38958.042111516785,2009-12-21,2010-02-21,38957.47952378741,2009-12-16,2010-02-23,38895.4744030496,2009-12-09,2010-02-23,38867.37948643491,2009-12-03,2010-02-24
ECMWF,2010,16,144,2009-11-08,2010-03-31,41363.96341217692,2010-01-15,2010-01-15,39358.410537330725,2010-01-10,2010-01-16,38802.42320928431,2010-01-09,2010-01-22,38337.43311296714,2010-01-01,2010-01-21,38269.655645981504,2010-01-11,2010-02-07,38307.770843250946,2010-01-10,2010-02-13,38204.67240954892,2010-01-06,2010-02-16,38107.337291883516,2010-01-04,2010-02-21,37963.34158168703,2009-12-30,2010-02-23,37723.03727076103,2009-12-24,2010-02-24,37637.2821658976,2009-12-16,2010-02-23,37490.91117978841,2009-12-11,2010-02-25,37361.630376174784,2009-12-03,2010-02-24
ECMWF,2010,17,144,2009-11-08,2010-03-31,40954.80547337828,2010-01-19,2010-01-19,39172.57278319904,2010-01-15,2010-01-21,38873.43641148965,2010-01-11,2010-01-24,38522.6234102281,2010-01-05,2010-01-25,38308.361478046405,2009-12-29,2010-01-25,38051.13089708853,2009-12-29,2010-02-01,37946.510298783294,2009-12-29,2010-02-08,37729.07268696374,2009-12-25,2010-02-11,37559.600758158624,2009-12-17,2010-02-10,37499.72918379509,2009-12-29,2010-03-01,37453.22752956728,2009-11-18,2010-01-26,37417.119688171195,2009-11-15,2010-01-30,37417.24166168736,2009-11-19,2010-02-10
ECMWF,2010,18,144,2009-11-08,2010-03-31,42629.74962324214,2009-12-16,2009-12-16,40958.4738667487,2009-12-14,2009-12-20,40071.44222604899,2009-12-08,2009-12-21,39248.01265841744,2009-12-04,2009-12-24,39108.08048622949,2009-12-06,2010-01-02,38815.16289194174,2009-12-05,2010-01-08,38581.6570844474,2009-11-27,2010-01-07,38421.62855216866,2009-11-15,2010-01-02,38322.34222815052,2009-11-14,2010-01-08,38204.47083133995,2009-12-05,2010-02-05,38109.58984632251,2009-11-28,2010-02-05,38056.45167650679,2009-11-24,2010-02-08,38028.596737296255,2009-11-14,2010-02-05
ECMWF,2010,19,144,2009-11-08,2010-03-31,41954.66949510144,2010-01-27,2010-01-27,40016.59578946724,2010-01-23,2010-01-29,39534.82295521915,2009-12-30,2010-01-12,39466.34071580862,2010-01-23,2010-02-12,39204.865572595496,2010-01-22,2010-02-18,39119.4909389702,2009-12-09,2010-01-12,39085.42730191733,2010-01-01,2010-02-11,39069.30362492344,2009-12-28,2010-02-14,39001.66906985251,2009-12-08,2010-02-01,39019.34319103558,2009-12-12,2010-02-12,39013.59559357811,2009-12-07,2010-02-14,38884.76485205652,2009-12-05,2010-02-19,38798.53534456087,2009-12-07,2010-02-28
ECMWF,2010,20,144,2009-11-08,2010-03-31,41327.7021800076,2010-01-27,2010-01-27,39201.86106334427,2010-01-07,2010-01-13,38881.37193575949,2010-01-27,2010-02-09,38631.54335800052,2010-01-21,2010-02-10,38400.05005638605,2010-01-07,2010-02-03,38504.84990697328,2010-01-06,2010-02-09,38267.27479100557,2010-01-03,2010-02-13,38087.399858805366,2009-12-24,2010-02-10,38045.46721578581,2009-12-19,2010-02-12,37962.5592363014,2009-12-10,2010-02-10,37967.66555660338,2009-12-02,2010-02-09,38049.88896088372,2009-11-25,2010-02-09,38025.642223515606,2009-11-21,2010-02-12
ECMWF,2010,21,144,2009-11-08,2010-03-31,42568.445693490015,2010-01-05,2010-01-05,40818.07152381025,2009-12-19,2009-12-25,40141.794852442625,2009-12-20,2010-01-02,40164.51463634593,2009-12-16,2010-01-05,39686.73793051391,2009-12-11,2010-01-07,39251.89034379993,2009-12-03,2010-01-06,38958.20220365842,2009-11-28,2010-01-08,38685.57587832266,2009-11-25,2010-01-12,38471.96187716375,2009-12-13,2010-02-06,38371.145587187595,2009-12-05,2010-02-05,38285.699171542146,2009-11-28,2010-02-05,38203.058357077636,2009-12-04,2010-02-18,38143.336435370205,2009-11-28,2010-02-19
ECMWF,2010,22,144,2009-11-08,2010-03-31,41363.333855673736,2009-12-17,2009-12-17,40053.970195919544,2009-12-17,2009-12-23,39852.79955468682,2009-12-16,2009-12-29,39648.7045618972,2009-12-11,2009-12-31,39260.42837596137,2009-12-06,2010-01-02,38879.725054917544,2009-11-30,2010-01-03,38643.64091585183,2009-12-02,2010-01-12,38427.64812935726,2009-11-27,2010-01-14,38201.31401227891,2009-11-30,2010-01-24,38045.88350376374,2009-11-27,2010-01-28,37929.50689459894,2009-11-27,2010-02-04,37826.326539679445,2009-12-01,2010-02-15,37744.26528462056,2009-11-26,2010-02-17
ECMWF,2010,23,144,2009-11-08,2010-03-31,42068.39304838872,2009-12-09,2009-12-09,40020.04696329014,2009-12-29,2010-01-04,39513.23650247266,2009-12-27,2010-01-09,39169.800491841685,2009-12-27,2010-01-16,38867.16814687763,2009-12-26,2010-01-22,38887.23159794049,2009-12-06,2010-01-09,38819.84774338037,2009-12-06,2010-01-16,38687.87501745918,2009-12-05,2010-01-22,38539.38148713745,2009-12-05,2010-01-29,38339.46683364892,2009-12-26,2010-02-26,38281.106242307884,2009-12-25,2010-03-04,38310.394899523024,2009-12-06,2010-02-20,38366.80450312867,2009-12-05,2010-02-26
ECMWF,2010,24,144,2009-11-08,2010-03-31,40207.25842451387,2009-12-24,2009-12-24,38066.13606113795,2009-12-18,2009-12-24,37825.515347205,2009-12-16,2009-12-29,37524.801734374545,2009-12-16,2010-01-05,37336.38118535931,2009-12-08,2010-01-04,37218.26760883804,2009-12-06,2010-01-09,37246.75758784811,2009-12-16,2010-01-26,37184.87854594091,2009-12-16,2010-02-02,37161.59866901859,2009-12-15,2010-02-08,37119.795751058155,2009-12-08,2010-02-08,37084.62273127882,2009-11-30,2010-02-07,37033.24036139402,2009-12-03,2010-02-17,36994.99031886627,2009-11-29,2010-02-20
ECMWF,2011,0,144,2010-11-08,2011-03-31,40820.068437379865,2011-01-20,2011-01-20,38620.604212934544,2010-12-20,2010-12-26,38058.03771313834,2011-01-13,2011-01-26,37752.94426702366,2011-02-15,2011-03-07,37605.51278809512,2011-02-12,2011-03-11,37524.3909874506,2010-12-18,2011-01-21,37513.701657434154,2010-12-17,2011-01-27,37384.29569874627,2010-12-10,2011-01-27,37338.10519652064,2011-01-12,2011-03-08,37283.28812012641,2011-01-07,2011-03-10,37177.751081552415,2010-12-17,2011-02-24,37264.414192253695,2010-12-18,2011-03-04,37296.5046324683,2010-12-16,2011-03-09
ECMWF,2011,1,144,2010-11-08,2011-03-31,41961.51848446625,2010-12-01,2010-12-01,39981.27120571997,2011-01-10,2011-01-16,39768.39281363473,2011-01-05,2011-01-18,39432.99941933296,2011-01-05,2011-01-25,39136.5709014006,2011-01-04,2011-01-31,38977.305819056426,2011-01-05,2011-02-08,38726.01196207244,2010-12-27,2011-02-06,38748.10496692657,2010-11-29,2011-01-16,38771.43586948737,2010-11-27,2011-01-21,38766.46172829954,2010-11-28,2011-01-29,38705.11447875534,2010-11-27,2011-02-04,38639.522503852306,2010-11-24,2011-02-08,38517.110494707726,2010-11-19,2011-02-10
ECMWF,2011,2,144,2010-11-08,2011-03-31,42576.923068682634,2011-01-03,2011-01-03,40592.10645279397,2010-12-31,2011-01-06,39892.241456692434,2010-12-31,2011-01-13,39859.05242462041,2011-01-01,2011-01-21,39759.62209291041,2010-12-27,2011-01-23,39456.95361507448,2010-12-24,2011-01-27,39299.37505579911,2010-12-15,2011-01-25,39209.892877170096,2010-12-07,2011-01-24,39092.53366199637,2010-12-04,2011-01-28,38955.61377322406,2010-11-27,2011-01-28,38738.58791758788,2010-11-24,2011-02-01,38576.5736134059,2010-11-24,2011-02-08,38418.633854009895,2010-11-24,2011-02-15
ECMWF,2011,3,144,2010-11-08,2011-03-31,41944.96763908027,2010-12-23,2010-12-23,40194.73685857793,2010-12-21,2010-12-27,39033.41479018046,2010-12-17,2010-12-30,38505.731814068015,2010-12-18,2011-01-07,38458.88548880461,2010-12-19,2011-01-15,38234.54167063952,2010-12-21,2011-01-24,38302.87303036472,2010-12-20,2011-01-30,38239.805418465185,2010-12-19,2011-02-05,38099.94092912235,2010-12-10,2011-02-03,38054.51197643826,2010-12-06,2011-02-06,37933.37187107025,2010-11-26,2011-02-03,37854.089046580615,2010-11-21,2011-02-05,37765.446304476936,2010-12-20,2011-03-13
ECMWF,2011,4,144,2010-11-08,2011-03-31,44242.84611785408,2011-02-23,2011-02-23,41929.51453401866,2011-02-17,2011-02-23,41623.83019469758,2011-02-13,2011-02-26,41117.96495906428,2011-02-12,2011-03-04,40540.00920734705,2011-02-09,2011-03-08,40016.200509973096,2011-02-01,2011-03-07,39755.62895535476,2011-01-25,2011-03-07,39469.66866614141,2011-01-19,2011-03-08,39425.597137987155,2011-01-06,2011-03-02,39373.72133692897,2011-01-04,2011-03-07,39343.970629970056,2010-12-25,2011-03-04,39425.16878829175,2010-12-14,2011-02-28,39459.70188164366,2010-12-11,2011-03-04
ECMWF,2011,5,144,2010-11-08,2011-03-31,45598.58323208065,2011-02-22,2011-02-22,43386.49840937683,2011-02-20,2011-02-26,42967.41657328784,2011-02-12,2011-02-25,42773.42139009906,2011-02-08,2011-02-28,42510.95880344381,2011-02-05,2011-03-04,42161.345613385594,2011-01-30,2011-03-05,41897.0023919863,2011-01-23,2011-03-05,41658.19058685066,2011-01-18,2011-03-07,41493.8520120672,2011-01-04,2011-02-28,41569.04671756111,2010-12-30,2011-03-02,41561.518369966805,2010-12-26,2011-03-05,41390.25554881494,2010-12-23,2011-03-09,41067.82778232248,2010-12-19,2011-03-12
ECMWF,2011,6,144,2010-11-08,2011-03-31,42227.459373392325,2011-01-18,2011-01-18,40074.20472846635,2011-01-14,2011-01-20,39427.10314790196,2011-01-08,2011-01-21,39138.42900644166,2011-01-04,2011-01-24,38702.077067802784,2011-01-03,2011-01-30,38344.24160293615,2010-12-31,2011-02-03,38040.961425030066,2010-12-29,2011-02-08,38155.49521593553,2011-01-11,2011-02-28,38220.55848536589,2011-01-04,2011-02-28,38188.77245025791,2011-01-04,2011-03-07,38064.75624755345,2010-12-29,2011-03-08,37885.563903698,2010-12-26,2011-03-12,37750.81682412905,2010-12-09,2011-03-02
ECMWF,2011,7,144,2010-11-08,2011-03-31,42899.98113592306,2010-12-29,2010-12-29,40999.704395431894,2010-12-29,2011-01-04,40746.74018871742,2010-12-29,2011-01-11,40666.982400871864,2010-12-28,2011-01-17,40532.91937183577,2010-12-26,2011-01-22,40316.032788542994,2010-12-29,2011-02-01,40284.8740666381,2010-12-28,2011-02-07,40245.277788601205,2010-12-28,2011-02-14,40114.22118653142,2010-12-24,2011-02-17,39894.66612079219,2010-12-24,2011-02-24,39833.64145580152,2010-12-25,2011-03-04,39643.834947018724,2010-12-20,2011-03-06,39523.3508037229,2010-11-28,2011-02-19
ECMWF,2011,8,144,2010-11-08,2011-03-31,42664.29416780218,2010-12-08,2010-12-08,40507.97838836988,2010-12-05,2010-12-11,39867.51554267748,2010-12-04,2010-12-17,39395.80716049647,2011-02-07,2011-02-27,39064.775361547516,2011-02-06,2011-03-05,38971.113570596644,2011-02-11,2011-03-17,38892.06044398867,2011-02-06,2011-03-19,38641.18844880164,2011-01-31,2011-03-20,38481.44377483964,2011-01-10,2011-03-06,38491.990540205465,2011-01-11,2011-03-14,38493.10280929755,2011-01-10,2011-03-20,38403.61344999244,2010-12-31,2011-03-17,38427.507788332376,2010-12-04,2011-02-25
ECMWF,2011,9,144,2010-11-08,2011-03-31,42896.302546112915,2011-02-03,2011-02-03,41218.04563198206,2011-01-30,2011-02-05,41019.03137636233,2011-01-27,2011-02-09,40785.11867852962,2011-01-20,2011-02-09,40594.55040032647,2011-01-17,2011-02-13,40341.58446803386,2011-01-14,2011-02-17,40151.44575647268,2011-01-19,2011-03-01,40037.92265110953,2011-01-15,2011-03-04,39692.53346466303,2011-01-12,2011-03-08,39405.92177060516,2011-01-01,2011-03-04,39310.82123134853,2010-12-17,2011-02-24,39334.12792940812,2010-12-16,2011-03-02,39279.02481295169,2010-12-11,2011-03-04
ECMWF,2011,10,144,2010-11-08,2011-03-31,42045.46774382602,2010-12-28,2010-12-28,40093.34169022511,2011-03-04,2011-03-10,39814.28931069247,2011-02-27,2011-03-12,39702.16603837785,2011-02-21,2011-03-13,39153.80501377879,2011-02-16,2011-03-15,38689.80976002518,2011-02-10,2011-03-16,38435.463225883694,2011-02-02,2011-03-15,38431.42121756453,2011-01-24,2011-03-13,38437.730538336145,2011-01-18,2011-03-14,38495.49048007655,2011-01-10,2011-03-13,38467.736912045824,2011-01-05,2011-03-15,38444.91257541646,2010-12-27,2011-03-13,38425.05290762958,2010-12-21,2011-03-14
ECMWF,2011,11,144,2010-11-08,2011-03-31,42497.056822006394,2011-01-11,2011-01-11,40351.21766949283,2011-01-06,2011-01-12,39714.50942203345,2011-01-03,2011-01-16,39402.73211291709,2011-01-03,2011-01-23,39193.86211787645,2011-01-03,2011-01-30,39119.566002068525,2011-01-04,2011-02-07,39025.087415480484,2011-01-01,2011-02-11,38841.99139707257,2010-12-23,2011-02-09,38764.95193849795,2010-12-18,2011-02-11,38556.850142904375,2010-12-15,2011-02-15,38485.595684512264,2010-12-05,2011-02-12,38443.25066591722,2010-11-25,2011-02-09,38350.298895992724,2010-11-24,2011-02-15
ECMWF,2011,12,144,2010-11-08,2011-03-31,44105.12055280653,2011-01-27,2011-01-27,41734.88252323452,2011-01-25,2011-01-31,41246.686421141225,2011-01-23,2011-02-05,40702.93064528618,2011-01-22,2011-02-11,40376.30944778096,2011-01-22,2011-02-18,39827.0644156889,2011-01-17,2011-02-20,39565.485849839024,2011-01-03,2011-02-13,39508.38391562008,2011-01-01,2011-02-18,39314.43257537751,2010-12-27,2011-02-20,39174.119648137676,2010-12-18,2011-02-18,39063.837892436364,2010-12-13,2011-02-20,38833.05062261022,2010-12-11,2011-02-25,38652.19175464968,2010-12-12,2011-03-05
ECMWF,2011,13,144,2010-11-08,2011-03-31,41667.219765680806,2011-02-16,2011-02-16,39761.534570842814,2011-02-21,2011-02-27,39755.33608053134,2011-02-14,2011-02-27,39628.30663507267,2011-02-09,2011-03-01,39499.36384601503,2011-02-02,2011-03-01,39229.89644270483,2011-01-28,2011-03-03,38870.01161407869,2011-01-21,2011-03-03,38723.36181385233,2011-01-12,2011-03-01,38819.1050275227,2011-01-05,2011-03-01,38815.093959799524,2010-12-29,2011-03-01,38859.94487091771,2010-12-23,2011-03-02,38756.80721733109,2010-12-16,2011-03-02,38612.896013938254,2010-12-10,2011-03-03
ECMWF,2011,14,144,2010-11-08,2011-03-31,43109.4490496587,2011-02-17,2011-02-17,41344.13986939124,2011-02-11,2011-02-17,40912.562685351804,2011-02-06,2011-02-19,40033.814910539615,2011-02-06,2011-02-26,39582.60375817657,2011-02-05,2011-03-04,39208.59969697947,2011-02-04,2011-03-10,38897.89881392691,2011-01-18,2011-02-28,38807.16808052997,2011-01-18,2011-03-07,38691.67037747662,2011-01-12,2011-03-08,38509.71000881319,2010-12-21,2011-02-21,38487.69227164895,2010-12-21,2011-02-28,38467.246036057986,2010-12-21,2011-03-07,38346.247008935956,2010-12-20,2011-03-13
ECMWF,2011,15,144,2010-11-08,2011-03-31,43961.279774988594,2011-01-06,2011-01-06,42605.40659538154,2011-01-04,2011-01-10,41717.963555355804,2010-12-30,2011-01-12,41146.42636531552,2010-12-31,2011-01-20,40820.605042333365,2010-12-29,2011-01-25,40708.05265574529,2011-01-03,2011-02-06,40572.26542235329,2010-12-29,2011-02-08,40274.200969844744,2010-12-25,2011-02-11,39903.22402306041,2010-12-22,2011-02-15,39673.19217150988,2010-12-30,2011-03-02,39620.87702637583,2010-12-28,2011-03-07,39505.56237108512,2010-12-23,2011-03-09,39275.1461517193,2010-12-22,2011-03-15
ECMWF,2011,16,144,2010-11-08,2011-03-31,42185.164181061125,2010-12-29,2010-12-29,39733.3275738017,2010-12-12,2010-12-18,39460.08386672907,2010-12-11,2010-12-24,39460.27735878777,2010-12-10,2010-12-30,39252.85251740472,2010-12-09,2011-01-05,39108.026632722154,2010-11-29,2011-01-02,38978.75842202778,2010-11-24,2011-01-04,38672.05782195432,2010-11-22,2011-01-09,38521.96659331285,2010-11-27,2011-01-21,38471.92999245539,2010-11-24,2011-01-25,38437.11795446726,2010-11-27,2011-02-04,38424.250189391896,2010-12-10,2011-02-24,38460.72917451452,2010-12-10,2011-03-03
ECMWF,2011,17,144,2010-11-08,2011-03-31,42199.031796759125,2010-12-30,2010-12-30,39523.98535612707,2010-12-28,2011-01-03,39312.50831312822,2010-12-27,2011-01-09,39195.912493462645,2010-12-24,2011-01-13,38815.9938330558,2010-12-19,2011-01-15,38669.35480264476,2010-12-24,2011-01-27,38593.1279519917,2010-12-24,2011-02-03,38482.039365200464,2010-12-20,2011-02-06,38471.48242800912,2010-12-29,2011-02-22,38501.10607133959,2010-12-24,2011-02-24,38497.16093595676,2010-12-28,2011-03-07,38496.26638380698,2010-12-24,2011-03-10,38420.53450904506,2010-12-16,2011-03-09
ECMWF,2011,18,144,2010-11-08,2011-03-31,42979.952002485275,2011-01-04,2011-01-04,40860.205551648454,2011-01-01,2011-01-07,39950.24933066843,2010-12-29,2011-01-11,39233.907443080294,2010-12-28,2011-01-17,38976.42444751278,2010-12-30,2011-01-26,38893.745515172486,2010-12-28,2011-01-31,38666.15924288074,2010-12-22,2011-02-01,38480.94601889247,2010-12-16,2011-02-02,38260.56211949181,2010-12-19,2011-02-12,38142.42531249324,2010-12-16,2011-02-16,37961.71097656662,2010-12-16,2011-02-23,37816.52014980557,2010-12-10,2011-02-24,37683.076315239035,2010-11-23,2011-02-14
ECMWF,2011,19,144,2010-11-08,2011-03-31,41591.971131451726,2011-01-13,2011-01-13,40060.06557137137,2011-02-10,2011-02-16,39650.45778204447,2011-02-10,2011-02-23,39427.27764994857,2011-02-08,2011-02-28,39141.09893556397,2011-02-04,2011-03-03,38785.56153583624,2011-01-28,2011-03-03,38722.78301464259,2011-01-13,2011-02-23,38776.20766237631,2011-01-10,2011-02-27,38715.504203591656,2011-01-08,2011-03-04,38621.6095498643,2011-01-01,2011-03-04,38456.07237337986,2010-12-25,2011-03-04,38358.03291752434,2010-12-16,2011-03-02,38253.84538667814,2010-12-13,2011-03-06
ECMWF,2011,20,144,2010-11-08,2011-03-31,44657.45723661763,2010-12-29,2010-12-29,41831.019413007154,2010-12-24,2010-12-30,41313.76191726081,2010-12-22,2011-01-04,40780.903716343564,2010-12-16,2011-01-05,40153.88393283357,2010-12-14,2011-01-10,39666.56715311104,2010-12-15,2011-01-18,39328.577720029614,2010-12-16,2011-01-26,39168.6486156766,2010-12-15,2011-02-01,39100.66334023898,2010-12-16,2011-02-09,38964.18004860112,2010-12-15,2011-02-15,38755.412121675225,2010-12-13,2011-02-20,38590.360608449046,2010-12-15,2011-03-01,38498.05630884295,2010-12-13,2011-03-06
ECMWF,2011,21,144,2010-11-08,2011-03-31,43247.12565942594,2011-02-01,2011-02-01,41096.47140045121,2011-01-28,2011-02-03,40501.29383340402,2011-01-24,2011-02-06,39880.9790573518,2011-01-24,2011-02-13,39412.43637045545,2011-01-20,2011-02-16,39223.48189422564,2011-01-01,2011-02-04,39280.9900557128,2010-12-27,2011-02-06,39189.46997707488,2010-12-27,2011-02-13,38964.700108377125,2010-12-25,2011-02-18,38735.74601591311,2010-12-14,2011-02-14,38638.259973127126,2010-12-04,2011-02-11,38589.58385576623,2010-12-01,2011-02-15,38455.242466814176,2010-11-29,2011-02-20
ECMWF,2011,22,144,2010-11-08,2011-03-31,43135.637895105065,2011-01-19,2011-01-19,40900.62061945958,2011-01-15,2011-01-21,39955.43058635767,2011-01-13,2011-01-26,39609.312131777595,2011-01-03,2011-01-23,39230.87450428919,2010-12-30,2011-01-26,38910.873590974305,2010-12-27,2011-01-30,38794.17269455353,2011-01-13,2011-02-23,38774.81166991151,2011-01-06,2011-02-23,38750.88257647172,2011-01-02,2011-02-26,38621.91068203858,2010-12-27,2011-02-27,38514.58937605155,2010-12-19,2011-02-26,38356.64345064709,2010-12-13,2011-02-27,38288.40396697555,2010-12-05,2011-02-26
ECMWF,2011,23,144,2010-11-08,2011-03-31,42025.129703730585,2010-12-14,2010-12-14,39645.997564736856,2011-01-13,2011-01-19,38916.07257103978,2010-12-04,2010-12-17,38629.64329518523,2010-11-29,2010-12-19,38351.27941560173,2010-11-22,2010-12-19,38043.481738033275,2010-11-19,2010-12-23,37902.19312328763,2010-12-09,2011-01-19,37939.61753069537,2010-12-04,2011-01-21,37939.19745838632,2010-11-28,2011-01-22,37886.15198116494,2010-11-22,2011-01-23,37835.125432456036,2010-11-22,2011-01-30,37765.867705916666,2010-11-19,2011-02-03,37710.1860075567,2010-11-19,2011-02-10
ECMWF,2011,24,144,2010-11-08,2011-03-31,43743.579575088115,2011-01-11,2011-01-11,42097.28491904426,2011-01-09,2011-01-15,41509.76893308514,2011-01-07,2011-01-20,40948.98115443518,2010-12-30,2011-01-19,40482.62741926866,2010-12-26,2011-01-22,39821.892848327574,2010-12-23,2011-01-26,39685.93503197286,2010-12-29,2011-02-08,39500.40875593867,2010-12-24,2011-02-10,39305.94115086839,2010-12-01,2011-01-25,39156.59161360482,2010-12-04,2011-02-04,39154.88077061565,2010-12-02,2011-02-09,38970.788340554514,2010-11-28,2011-02-12,38783.583866276764,2010-11-18,2011-02-09
ECMWF,2012,0,145,2011-11-08,2012-03-31,41950.64301804674,2012-02-03,2012-02-03,40271.36035145999,2012-01-31,2012-02-06,39941.5771056234,2012-01-25,2012-02-07,39571.490661693555,2012-01-18,2012-02-07,39280.51582539328,2012-01-14,2012-02-10,39074.15390030278,2012-01-14,2012-02-17,38761.0397082585,2012-01-15,2012-02-25,38687.01992781899,2012-01-14,2012-03-02,38448.37700622746,2012-01-12,2012-03-07,38318.63840876855,2011-12-20,2012-02-20,38240.846959147755,2011-12-21,2012-02-28,38207.686428621535,2011-12-19,2012-03-04,38117.42442562755,2011-12-12,2012-03-04
ECMWF,2012,1,145,2011-11-08,2012-03-31,42207.480805424406,2012-01-16,2012-01-16,40528.16414764764,2012-01-11,2012-01-17,39215.050954032624,2012-01-10,2012-01-23,38915.88063712929,2011-12-31,2012-01-20,38555.39785743196,2011-12-27,2012-01-23,38199.14245908216,2011-12-20,2012-01-23,37885.800187358014,2011-12-26,2012-02-05,37723.717927055506,2011-12-20,2012-02-06,37561.144941550025,2011-12-19,2012-02-12,37402.20705150513,2011-12-27,2012-02-27,37339.398432922906,2011-12-20,2012-02-27,37207.38922238963,2011-12-20,2012-03-05,37104.232300475385,2011-12-15,2012-03-07
ECMWF,2012,2,145,2011-11-08,2012-03-31,42036.79667867044,2012-01-10,2012-01-10,40111.311973565425,2012-01-06,2012-01-12,39470.41004070684,2012-01-03,2012-01-16,39252.4097133453,2012-01-06,2012-01-26,39073.959884411954,2012-01-03,2012-01-30,38874.872621618146,2011-12-30,2012-02-02,38746.45676822309,2011-12-23,2012-02-02,38596.125394893315,2011-12-19,2012-02-05,38506.53137050928,2011-12-08,2012-02-01,38441.537038542185,2011-12-02,2012-02-02,38366.734575459384,2011-12-07,2012-02-14,38310.522629016305,2011-11-30,2012-02-14,38222.04376107888,2011-11-30,2012-02-21
ECMWF,2012,3,145,2011-11-08,2012-03-31,43766.522015050024,2012-02-07,2012-02-07,41609.371847898314,2012-02-02,2012-02-08,40740.26761610195,2012-01-29,2012-02-11,40291.252747905746,2012-02-02,2012-02-22,40271.431374774766,2012-02-01,2012-02-28,40081.39792082259,2012-01-28,2012-03-02,39933.1162210883,2012-01-20,2012-03-01,39925.14532499013,2012-01-07,2012-02-24,39923.28290233769,2012-01-06,2012-03-01,39773.54826423671,2011-12-31,2012-03-02,39567.24050460372,2011-12-23,2012-03-01,39498.52348016849,2011-12-17,2012-03-02,39316.74354626188,2011-12-15,2012-03-07
ECMWF,2012,4,145,2011-11-08,2012-03-31,41440.22049664726,2012-01-10,2012-01-10,39176.24049067348,2012-02-01,2012-02-07,38652.82667213122,2011-12-31,2012-01-13,38413.356080728416,2011-12-26,2012-01-15,38194.61352229107,2011-12-20,2012-01-16,38059.6045707716,2012-01-04,2012-02-07,38080.083266936774,2011-12-29,2012-02-08,38053.9405254622,2011-12-24,2012-02-10,37966.7247584212,2011-12-18,2012-02-11,37801.853175325356,2011-12-19,2012-02-19,37677.47921637221,2011-12-15,2012-02-22,37566.56766582513,2011-11-27,2012-02-11,37483.3802996558,2011-11-20,2012-02-11
ECMWF,2012,5,145,2011-11-08,2012-03-31,42300.43431492846,2012-01-17,2012-01-17,40565.85630525156,2012-02-14,2012-02-20,39894.374085664494,2011-11-29,2011-12-12,39621.872483007166,2011-11-23,2011-12-13,39065.07379882726,2012-01-28,2012-02-24,39139.248378815966,2012-01-17,2012-02-20,39130.991991770956,2012-01-15,2012-02-25,38980.524793388315,2012-01-11,2012-02-28,38732.588768020236,2012-01-09,2012-03-04,38575.360863175665,2011-12-25,2012-02-25,38497.313651535864,2011-11-23,2012-01-31,38467.82936513789,2011-12-06,2012-02-20,38583.63750465053,2011-11-29,2012-02-20
ECMWF,2012,6,145,2011-11-08,2012-03-31,42936.19460127039,2012-02-09,2012-02-09,40997.84205941267,2012-02-03,2012-02-09,40664.93116173723,2012-01-29,2012-02-11,40376.50109619213,2012-01-27,2012-02-16,40045.46104207371,2012-01-20,2012-02-16,39777.61794272735,2012-01-13,2012-02-16,39552.35591949524,2012-01-06,2012-02-16,39505.85068296385,2011-12-30,2012-02-16,39404.385500762335,2011-12-23,2012-02-16,39295.17750663896,2011-12-17,2012-02-17,39103.45999024177,2011-12-11,2012-02-18,39033.07758148318,2011-12-01,2012-02-15,38992.18878331439,2011-11-28,2012-02-19
ECMWF,2012,7,145,2011-11-08,2012-03-31,41152.11668119982,2012-02-02,2012-02-02,38559.60541379101,2012-01-31,2012-02-06,38150.350952027366,2012-01-28,2012-02-10,37981.79965757123,2011-12-09,2011-12-29,37743.54526829766,2011-12-06,2012-01-02,37613.06096176067,2012-01-14,2012-02-17,37512.17459753642,2012-01-14,2012-02-24,37389.015513266866,2012-01-12,2012-02-29,37330.12879562315,2011-12-11,2012-02-04,37378.92627606095,2011-12-10,2012-02-10,37389.08956611754,2011-12-09,2012-02-16,37369.91558549284,2011-12-06,2012-02-20,37332.07825210495,2011-12-06,2012-02-27
ECMWF,2012,8,145,2011-11-08,2012-03-31,41871.31989315019,2012-02-09,2012-02-09,40056.105089655946,2012-02-06,2012-02-12,39419.6130911841,2012-01-31,2012-02-13,39554.48371978189,2012-01-24,2012-02-13,39359.97358871933,2012-01-16,2012-02-12,39191.36093178797,2012-01-11,2012-02-14,39261.25254508775,2012-01-02,2012-02-12,39135.81094720964,2011-12-27,2012-02-13,39127.48292513906,2011-12-19,2012-02-12,39124.28768088606,2011-12-12,2012-02-12,39065.55182268121,2011-12-06,2012-02-13,38870.64265497493,2011-12-05,2012-02-19,38697.437522680724,2011-12-08,2012-02-29
ECMWF,2012,9,145,2011-11-08,2012-03-31,42662.61731967575,2012-01-04,2012-01-04,41272.98980185783,2011-12-20,2011-12-26,40507.582239383126,2011-12-17,2011-12-30,40540.75218947152,2011-12-19,2012-01-08,40039.564434926455,2011-12-17,2012-01-13,39598.384618316675,2011-12-16,2012-01-19,39389.691149372244,2011-12-17,2012-01-27,39175.59158812365,2011-12-16,2012-02-02,39265.27470078778,2011-12-19,2012-02-12,39208.25532183207,2011-12-16,2012-02-16,39005.251497577614,2011-12-10,2012-02-17,38812.66320288978,2011-12-04,2012-02-18,38594.60583865045,2011-12-08,2012-02-29
ECMWF,2012,10,145,2011-11-08,2012-03-31,43427.053782474824,2012-01-26,2012-01-26,41234.563324348,2012-01-21,2012-01-27,41121.76145411575,2012-01-23,2012-02-05,41012.83031622101,2012-01-17,2012-02-06,40857.63927431883,2012-01-11,2012-02-07,40473.16780527322,2012-01-07,2012-02-10,40169.76530160307,2011-12-31,2012-02-10,39844.13584564366,2011-12-31,2012-02-17,39570.729006050584,2011-12-30,2012-02-23,39403.410174625555,2011-12-10,2012-02-10,39327.01751553656,2011-12-03,2012-02-10,39196.41220593207,2011-12-03,2012-02-17,39081.579576347125,2011-11-29,2012-02-20
ECMWF,2012,11,145,2011-11-08,2012-03-31,43727.93657946679,2011-12-29,2011-12-29,41606.82201689533,2011-12-24,2011-12-30,40954.1206462154,2011-12-20,2012-01-02,40025.03816179382,2011-12-16,2012-01-05,39208.99938930914,2011-12-16,2012-01-12,38760.218484425706,2011-12-13,2012-01-16,38456.26610693593,2011-12-18,2012-01-28,38610.2267450483,2011-12-21,2012-02-07,38591.59017071092,2011-12-17,2012-02-10,38425.99485573242,2011-12-14,2012-02-14,38259.151777652114,2011-12-17,2012-02-24,38179.47406832387,2011-12-19,2012-03-04,38226.71593369491,2011-12-18,2012-03-10
ECMWF,2012,12,145,2011-11-08,2012-03-31,41528.3540556256,2012-02-15,2012-02-15,39836.459741551895,2012-02-09,2012-02-15,39159.24297795592,2012-02-04,2012-02-17,38786.996327124696,2012-01-26,2012-02-15,38787.682564917835,2012-01-21,2012-02-17,38599.808242840576,2012-01-14,2012-02-17,38410.963476558776,2012-01-08,2012-02-18,38315.261399203984,2012-01-17,2012-03-05,38285.30508470977,2012-01-21,2012-03-16,38236.750181356634,2012-01-14,2012-03-16,38161.93128424631,2012-01-08,2012-03-17,38071.13081281655,2012-01-02,2012-03-18,37926.87340650812,2011-12-31,2012-03-23
ECMWF,2012,13,145,2011-11-08,2012-03-31,43590.04689372417,2012-01-18,2012-01-18,41357.978213672344,2011-12-29,2012-01-04,40383.26656628966,2011-12-26,2012-01-08,40368.941045279724,2011-12-29,2012-01-18,40253.233338493425,2011-12-27,2012-01-23,39947.87335598038,2011-12-27,2012-01-30,39653.33336477712,2011-12-22,2012-02-01,39405.684774255176,2011-12-13,2012-01-30,39315.525819537754,2011-12-08,2012-02-01,39241.63181624644,2011-11-28,2012-01-29,39131.53650652326,2011-11-24,2012-02-01,38948.345008024015,2011-11-22,2012-02-06,38887.39991632496,2011-12-07,2012-02-28
ECMWF,2012,14,145,2011-11-08,2012-03-31,42386.88962487846,2011-12-15,2011-12-15,40882.396371769755,2011-12-13,2011-12-19,39724.673778822136,2011-12-09,2011-12-22,38934.73354883801,2011-12-01,2011-12-21,38496.53651809371,2012-01-27,2012-02-23,38293.64269776522,2012-01-27,2012-03-01,38310.0484063771,2012-01-27,2012-03-08,38095.53991856576,2012-01-25,2012-03-13,37868.68197298349,2011-12-11,2012-02-04,37957.3223250862,2011-12-13,2012-02-13,37962.70379875127,2011-12-09,2012-02-16,37918.050567811755,2011-12-01,2012-02-15,37886.523059846055,2011-12-12,2012-03-04
ECMWF,2012,15,145,2011-11-08,2012-03-31,43452.58574705545,2011-12-28,2011-12-28,40522.45400598507,2012-01-12,2012-01-18,39837.785580420204,2012-01-07,2012-01-20,39604.46511968686,2011-12-27,2012-01-16,39674.62216190039,2011-12-23,2012-01-19,39394.63534312963,2011-12-20,2012-01-23,39030.01251358273,2011-12-21,2012-01-31,39049.327832020936,2011-12-21,2012-02-07,38870.54463709914,2011-12-18,2012-02-11,38649.741733564515,2011-12-20,2012-02-20,38542.92190826362,2011-12-20,2012-02-27,38464.75917398853,2011-12-19,2012-03-04,38298.425235356284,2011-12-15,2012-03-07
ECMWF,2012,16,145,2011-11-08,2012-03-31,44216.36648174675,2012-01-05,2012-01-05,42117.08185818756,2012-01-01,2012-01-07,41247.50895872867,2011-12-26,2012-01-08,40623.090377316315,2011-12-24,2012-01-13,39841.25691121885,2011-12-22,2012-01-18,39455.391681005596,2011-12-23,2012-01-26,39073.96746721399,2011-12-20,2012-01-30,38777.83217699817,2011-12-23,2012-02-09,38672.72709665783,2011-12-22,2012-02-15,38653.87742645956,2011-12-24,2012-02-24,38535.380018539865,2011-12-22,2012-02-29,38381.71897500431,2011-12-10,2012-02-24,38282.66270247421,2011-12-10,2012-03-02
ECMWF,2012,17,145,2011-11-08,2012-03-31,42641.24145283906,2012-03-06,2012-03-06,40373.46208798636,2012-03-02,2012-03-08,39657.93444052089,2012-02-27,2012-03-11,38937.42346501985,2012-02-20,2012-03-11,38469.8928740699,2012-02-14,2012-03-12,38127.414274097224,2012-02-06,2012-03-11,38049.090226423294,2012-01-30,2012-03-11,38161.97005099593,2012-01-23,2012-03-11,38049.71646120627,2012-01-17,2012-03-12,37908.42078063557,2012-01-10,2012-03-12,37825.88226042112,2012-01-02,2012-03-11,37720.37785419975,2011-12-26,2012-03-11,37786.9524196467,2011-12-19,2012-03-11
ECMWF,2012,18,145,2011-11-08,2012-03-31,41734.38994337997,2012-02-07,2012-02-07,39583.46640074508,2012-02-01,2012-02-07,39116.709622090835,2012-01-25,2012-02-07,38864.38056523165,2012-01-19,2012-02-08,38507.21326219294,2012-01-18,2012-02-14,38347.51975434101,2012-01-09,2012-02-12,38205.09067195486,2012-01-19,2012-02-29,38106.109171946126,2012-01-09,2012-02-26,38041.720088756214,2012-01-09,2012-03-04,37941.423753935494,2012-01-02,2012-03-04,37794.420802955785,2011-12-31,2012-03-09,37727.00617213374,2011-12-15,2012-02-29,37683.946461187195,2011-12-13,2012-03-05
ECMWF,2012,19,145,2011-11-08,2012-03-31,42696.11288655715,2012-01-10,2012-01-10,40342.733086088214,2011-11-30,2011-12-06,39325.90747189261,2012-01-01,2012-01-14,38940.07887446812,2011-11-27,2011-12-17,38526.00056804919,2011-11-24,2011-12-21,38104.77997739917,2011-12-30,2012-02-02,38253.88796348468,2011-12-01,2012-01-11,38360.92323685165,2011-11-27,2012-01-14,38180.129065516274,2011-11-25,2012-01-19,38094.99098910266,2011-11-28,2012-01-29,38003.66680981288,2011-11-25,2012-02-02,37845.04136330869,2011-11-23,2012-02-07,37788.65925334253,2011-11-28,2012-02-19
ECMWF,2012,20,145,2011-11-08,2012-03-31,43927.79451779815,2012-01-12,2012-01-12,42125.1300491674,2012-01-11,2012-01-17,40950.70325366048,2012-01-05,2012-01-18,40218.7716793516,2011-11-29,2011-12-19,39906.46476124524,2011-11-29,2011-12-26,39537.33526567699,2011-12-14,2012-01-17,39544.55716927725,2011-12-05,2012-01-15,39711.428557560284,2011-11-30,2012-01-17,39554.98055440626,2011-11-28,2012-01-22,39349.44647981043,2011-11-28,2012-01-29,39139.42388606977,2011-11-28,2012-02-05,38990.052791206355,2011-11-28,2012-02-12,38834.521559561814,2011-11-27,2012-02-18
ECMWF,2012,21,145,2011-11-08,2012-03-31,45167.10649931807,2011-12-28,2011-12-28,42729.596247549794,2011-12-25,2011-12-31,42448.08412226574,2011-12-23,2012-01-05,41708.384214116,2011-12-21,2012-01-10,41535.65381511828,2011-12-23,2012-01-19,41214.524039871976,2011-12-21,2012-01-24,41060.297618162826,2011-12-13,2012-01-23,40813.53214852447,2011-12-05,2012-01-22,40697.34633860854,2011-12-11,2012-02-04,40545.058154969345,2011-12-04,2012-02-04,40295.80799215639,2011-12-03,2012-02-10,40053.048865625075,2011-12-03,2012-02-17,39819.996715267946,2011-11-30,2012-02-21
ECMWF,2012,22,145,2011-11-08,2012-03-31,42173.31601163311,2012-01-25,2012-01-25,40582.65360026429,2012-01-25,2012-01-31,40219.594290658446,2012-01-21,2012-02-03,39759.310627678955,2012-01-19,2012-02-08,39415.01491742185,2012-01-14,2012-02-10,39139.131674749275,2012-01-09,2012-02-12,38965.58335853487,2012-01-02,2012-02-12,38821.03225663893,2011-12-24,2012-02-10,38695.19803330807,2012-01-06,2012-03-01,38610.09282827878,2012-01-01,2012-03-03,38565.126535166426,2011-12-23,2012-03-01,38476.27296699056,2011-12-22,2012-03-07,38348.97458039461,2011-12-20,2012-03-12
ECMWF,2012,23,145,2011-11-08,2012-03-31,42487.634033313894,2012-02-02,2012-02-02,40378.64876838767,2012-01-28,2012-02-03,39755.95013832935,2012-01-21,2012-02-03,39390.45588922842,2012-01-14,2012-02-03,39118.925056941414,2012-01-08,2012-02-04,38945.00875458174,2011-12-31,2012-02-03,38973.631316161096,2011-12-24,2012-02-03,38973.87934539977,2011-12-17,2012-02-03,38883.00167113786,2011-12-11,2012-02-04,38791.746953774906,2011-12-11,2012-02-11,38637.25330457419,2011-12-04,2012-02-11,38539.170800310865,2011-11-29,2012-02-13,38364.05609488134,2011-11-28,2012-02-19
ECMWF,2012,24,145,2011-11-08,2012-03-31,41953.66812739729,2011-12-28,2011-12-28,40287.761295910794,2011-12-26,2012-01-01,39560.60668707233,2011-12-24,2012-01-06,38763.34224594295,2011-12-23,2012-01-12,38352.30898458384,2011-12-10,2012-01-06,38248.99463678999,2011-12-05,2012-01-08,38012.165773061744,2011-12-04,2012-01-14,37892.79647080111,2011-12-10,2012-01-27,37872.485325340764,2011-12-05,2012-01-29,37867.37095497223,2011-12-24,2012-02-24,37779.72959342403,2011-12-21,2012-02-28,37865.439408184146,2011-12-25,2012-03-10,37842.26315797482,2011-12-24,2012-03-16
ECMWF,2013,0,144,2012-11-08,2013-03-31,42523.29447945187,2012-12-31,2012-12-31,40528.85470648698,2012-12-26,2013-01-01,39714.05670487436,2012-12-21,2013-01-03,39472.19541502694,2012-12-28,2013-01-17,39505.10860116685,2012-12-24,2013-01-20,39314.00929700283,2012-12-21,2013-01-24,39273.956039672616,2012-12-11,2013-01-21,39152.30457067131,2012-12-05,2013-01-22,39044.56392208992,2012-11-28,2013-01-22,38868.70243851551,2012-11-24,2013-01-25,38711.5808034004,2012-11-17,2013-01-25,38678.56422015839,2012-12-01,2013-02-15,38619.6028912999,2012-12-01,2013-02-22
ECMWF,2013,1,144,2012-11-08,2013-03-31,43900.70450684841,2012-11-28,2012-11-28,41535.10288125898,2012-11-27,2012-12-03,41165.6990340492,2012-11-23,2012-12-06,40762.12928301507,2012-11-20,2012-12-10,40219.92161018612,2012-11-17,2012-12-14,39714.38101270995,2012-11-16,2012-12-20,39509.65084927479,2013-02-02,2013-03-15,39264.03177529532,2012-11-15,2013-01-02,39057.58416727355,2013-01-15,2013-03-11,38976.745378773245,2013-01-13,2013-03-16,38833.93531610092,2012-11-17,2013-01-25,38700.21203536655,2012-11-12,2013-01-27,38746.74833590198,2012-11-19,2013-02-10
ECMWF,2013,2,144,2012-11-08,2013-03-31,41283.5872505282,2012-12-04,2012-12-04,39266.15154708749,2013-02-13,2013-02-19,39018.09282071719,2013-02-08,2013-02-21,38733.12018243723,2013-01-05,2013-01-25,38522.62475835595,2012-12-21,2013-01-17,38578.266566218335,2012-12-22,2013-01-25,38451.71147623152,2012-12-16,2013-01-26,38391.708108548715,2012-11-27,2013-01-14,38428.73403411471,2012-11-30,2013-01-24,38394.98792278911,2012-11-25,2013-01-26,38303.513605923574,2012-12-17,2013-02-24,38251.73394965404,2012-12-09,2013-02-23,38298.46761859661,2012-11-30,2013-02-21
ECMWF,2013,3,144,2012-11-08,2013-03-31,43100.53362290363,2012-12-20,2012-12-20,41698.349556049114,2012-12-19,2012-12-25,40836.141509583314,2012-12-14,2012-12-27,40140.389996883525,2012-12-14,2013-01-03,39756.312574114134,2012-12-11,2013-01-07,39367.338519397126,2012-12-05,2013-01-08,39077.46958520972,2012-11-29,2013-01-09,38888.73732489092,2012-12-11,2013-01-28,38750.15776772907,2012-12-05,2013-01-29,38634.159702859215,2012-11-30,2013-01-31,38517.13704212217,2012-11-30,2013-02-07,38396.93571329201,2012-11-26,2013-02-10,38258.80863318511,2012-11-27,2013-02-18
ECMWF,2013,4,144,2012-11-08,2013-03-31,44000.03543454477,2012-12-21,2012-12-21,41758.08059062407,2012-12-17,2012-12-23,41119.8432216514,2012-12-17,2012-12-30,40816.64729803939,2012-12-19,2013-01-08,40681.4432143694,2012-12-16,2013-01-12,40347.433666475925,2012-12-15,2013-01-18,40082.52697317455,2012-12-01,2013-01-11,39956.24269788458,2012-11-27,2013-01-14,39812.77913270717,2012-11-23,2013-01-17,39680.62603276077,2012-11-21,2013-01-22,39484.43997192051,2012-11-20,2013-01-28,39440.25903858621,2012-12-13,2013-02-27,39346.8879253622,2012-12-06,2013-02-27
ECMWF,2013,5,144,2012-11-08,2013-03-31,41779.32682743391,2013-01-09,2013-01-09,40264.92936181206,2013-01-29,2013-02-04,39928.14790561787,2013-01-06,2013-01-19,39767.21534402556,2013-01-03,2013-01-23,39676.8278579089,2013-01-06,2013-02-02,39627.004683701045,2013-01-03,2013-02-06,39553.51138159542,2012-12-12,2013-01-22,39517.1935438025,2012-12-16,2013-02-02,39517.939196063984,2012-12-12,2013-02-05,39333.15148844229,2012-12-10,2013-02-10,39218.65743965923,2012-12-15,2013-02-22,39239.478217300195,2012-12-13,2013-02-27,39174.03769219244,2012-12-11,2013-03-04
ECMWF,2013,6,144,2012-11-08,2013-03-31,45048.680376902514,2013-01-14,2013-01-14,42979.259539822706,2013-01-09,2013-01-15,42343.8515963386,2013-01-02,2013-01-15,41849.215656281456,2012-12-29,2013-01-18,41184.91824443142,2012-12-27,2013-01-23,40593.56737484719,2012-12-19,2013-01-22,40459.55014936364,2012-12-29,2013-02-08,40172.89459406863,2012-12-23,2013-02-09,39986.4045427611,2012-12-17,2013-02-10,39734.78735531392,2012-12-11,2013-02-11,39598.08358479952,2012-12-26,2013-03-05,39496.09655934432,2012-12-18,2013-03-04,39381.511788282376,2012-12-12,2013-03-05
ECMWF,2013,7,144,2012-11-08,2013-03-31,42372.4387006284,2013-01-09,2013-01-09,40578.51522838491,2013-01-07,2013-01-13,40060.2906894841,2013-01-03,2013-01-16,39677.13399795094,2012-12-30,2013-01-19,39175.35352127047,2012-12-24,2013-01-20,38890.59845377716,2012-12-29,2013-02-01,38818.46573696695,2012-12-28,2013-02-07,38595.26985909432,2012-12-25,2013-02-11,38407.15891216142,2012-11-26,2013-01-20,38370.63050374863,2012-11-19,2013-01-20,38308.972806141144,2012-11-29,2013-02-06,38274.020374632644,2012-11-22,2013-02-06,38235.65928599013,2012-11-18,2013-02-09
ECMWF,2013,8,144,2012-11-08,2013-03-31,43474.60953825395,2013-01-09,2013-01-09,41468.33772459836,2013-01-03,2013-01-09,41144.93319596035,2013-01-01,2013-01-14,40713.79398840804,2012-12-25,2013-01-14,40591.21542314064,2012-12-18,2013-01-14,40287.35325377413,2012-12-12,2013-01-15,40071.06184275421,2012-12-12,2013-01-22,39768.71553014069,2012-12-13,2013-01-30,39570.030190517435,2012-12-09,2013-02-02,39461.12923447817,2012-12-11,2013-02-11,39255.0960757377,2012-12-06,2013-02-13,39018.38314987698,2012-11-28,2013-02-12,38819.25412404773,2012-11-23,2013-02-14
ECMWF,2013,9,144,2012-11-08,2013-03-31,41063.57429763432,2012-11-29,2012-11-29,38567.87349303412,2012-11-26,2012-12-02,38095.842740375156,2012-11-28,2012-12-11,38066.973903872306,2012-11-26,2012-12-16,37521.74060435342,2012-11-19,2012-12-16,37524.58192405329,2012-11-10,2012-12-14,37397.02974761884,2012-11-08,2012-12-19,37177.55501622686,2012-11-09,2012-12-27,37123.48756445622,2012-11-10,2013-01-04,37047.74339026401,2012-11-08,2013-01-09,36981.070850464566,2012-11-09,2013-01-17,37001.087064815954,2012-11-09,2013-01-24,36935.84608464925,2012-11-08,2013-01-30
ECMWF,2013,10,144,2012-11-08,2013-03-31,42634.14858299576,2013-01-21,2013-01-21,41002.13000251319,2013-01-21,2013-01-27,40789.038107307155,2013-01-18,2013-01-31,40211.569738986516,2013-01-12,2013-02-01,39749.13120045677,2013-01-05,2013-02-01,39397.27364573448,2013-01-13,2013-02-16,39222.331552937125,2013-01-06,2013-02-16,38914.960485745265,2012-12-31,2013-02-17,38761.305685850726,2013-01-06,2013-03-02,38570.547776549705,2013-01-03,2013-03-06,38394.23614714364,2012-12-26,2013-03-05,38260.231539070766,2012-12-04,2013-02-18,38165.842333331246,2012-12-11,2013-03-04
ECMWF,2013,11,144,2012-11-08,2013-03-31,42707.75560805256,2012-12-26,2012-12-26,41025.42208881158,2012-12-24,2012-12-30,40622.178289366544,2012-12-18,2012-12-31,40138.5350944925,2012-12-15,2013-01-04,39685.47978840842,2012-12-10,2013-01-06,39290.42231326035,2012-12-04,2013-01-07,39009.97150410588,2012-12-03,2013-01-13,38938.733244779345,2012-12-18,2013-02-04,38996.45692160993,2012-12-17,2013-02-10,39067.587781001916,2012-12-17,2013-02-17,39029.09483211305,2012-12-11,2013-02-18,38933.615831060124,2012-12-17,2013-03-03,38916.13892679311,2012-12-12,2013-03-05
ECMWF,2013,12,144,2012-11-08,2013-03-31,43804.171157905526,2013-02-12,2013-02-12,41059.41121729348,2013-02-07,2013-02-13,40501.71087790822,2012-11-26,2012-12-09,40002.0869230152,2012-11-25,2012-12-15,39514.26408496225,2012-11-19,2012-12-16,39138.57331587497,2012-11-19,2012-12-23,39098.47536803342,2013-01-05,2013-02-15,38986.61127729449,2013-01-03,2013-02-20,38882.58091282036,2012-11-24,2013-01-18,38843.77339550684,2012-11-26,2013-01-27,38826.09810123837,2012-11-23,2013-01-31,38945.260084987465,2012-11-29,2013-02-13,39015.28548323891,2012-11-25,2013-02-16
ECMWF,2013,13,144,2012-11-08,2013-03-31,43293.88251007749,2012-12-31,2012-12-31,41337.75859060777,2013-01-22,2013-01-28,40864.33316796296,2013-01-17,2013-01-30,40472.38109818805,2013-01-11,2013-01-31,40179.46510301579,2013-01-07,2013-02-03,40210.957508106105,2012-12-27,2013-01-30,40199.70081838275,2012-12-21,2013-01-31,40007.10551764046,2012-12-19,2013-02-05,39767.614034396785,2012-12-20,2013-02-13,39621.79843725351,2012-12-20,2013-02-20,39472.33626970901,2012-12-20,2013-02-27,39261.31350845954,2012-12-15,2013-03-01,39137.09286176186,2012-12-07,2013-02-28
ECMWF,2013,14,144,2012-11-08,2013-03-31,42697.52502722075,2013-01-29,2013-01-29,40501.97487548793,2013-01-08,2013-01-14,39844.23645951344,2013-01-21,2013-02-03,39828.16682825436,2013-01-10,2013-01-30,39621.73323759659,2013-01-06,2013-02-02,39214.5750569736,2013-01-01,2013-02-04,38836.76780592706,2012-12-25,2013-02-04,38521.5339091052,2012-12-14,2013-01-31,38670.273949257855,2012-12-09,2013-02-02,38570.98352432093,2012-12-04,2013-02-04,38362.60585957574,2012-11-27,2013-02-04,38289.29718958564,2012-11-20,2013-02-04,38121.72218134412,2012-11-15,2013-02-06
ECMWF,2013,15,144,2012-11-08,2013-03-31,44954.417771085864,2012-12-24,2012-12-24,42282.2021117997,2012-12-19,2012-12-25,41067.886935666385,2012-12-18,2012-12-31,40423.311491565095,2012-12-15,2013-01-04,39853.47615013565,2012-12-14,2013-01-10,39486.233183755256,2012-12-15,2013-01-18,39146.13062955978,2012-12-14,2013-01-24,38914.82915240564,2012-12-04,2013-01-21,38697.38566510793,2012-12-02,2013-01-26,38486.963076708314,2012-11-25,2013-01-26,38309.41090664362,2012-11-24,2013-02-01,38135.83340334085,2012-11-17,2013-02-01,38077.99102974638,2012-12-03,2013-02-24
ECMWF,2013,16,144,2012-11-08,2013-03-31,41128.961198421865,2013-01-22,2013-01-22,39568.41791173548,2013-01-18,2013-01-24,39071.93079558455,2013-01-14,2013-01-27,38805.00564052685,2013-01-05,2013-01-25,38592.27168889233,2013-01-04,2013-01-31,38372.50842800766,2013-01-01,2013-02-04,38470.15327997826,2012-12-15,2013-01-25,38414.92724817582,2012-12-10,2013-01-27,38311.376224346786,2012-12-10,2013-02-03,38298.35138235721,2012-11-26,2013-01-27,38233.35860518575,2012-11-25,2013-02-02,38148.899277563716,2012-12-11,2013-02-25,38121.21705817355,2012-11-30,2013-02-21
ECMWF,2013,17,144,2012-11-08,2013-03-31,39748.108423246595,2013-01-17,2013-01-17,37930.056774734185,2013-03-15,2013-03-21,37565.38095683829,2013-01-14,2013-01-27,37446.31986332856,2013-01-10,2013-01-30,37433.48827991943,2013-01-03,2013-01-30,37332.28788683356,2013-01-02,2013-02-05,37184.81261440256,2012-12-21,2013-01-31,37133.54756197417,2012-12-20,2013-02-06,37159.90459705151,2012-12-06,2013-01-30,37141.03720905721,2012-12-05,2013-02-05,37076.148799599476,2012-12-03,2013-02-10,37080.70228540164,2012-11-12,2013-01-27,37087.76141918352,2012-11-11,2013-02-02
ECMWF,2013,18,144,2012-11-08,2013-03-31,41367.12173477988,2013-01-02,2013-01-02,39631.51759289635,2013-01-13,2013-01-19,39399.55267917009,2013-01-11,2013-01-24,39094.61904211341,2013-01-10,2013-01-30,39033.233175501126,2013-01-10,2013-02-06,38859.594647265265,2013-01-02,2013-02-05,38787.00992045287,2013-01-13,2013-02-23,38832.017527577715,2013-01-10,2013-02-27,38762.102899076046,2013-01-10,2013-03-06,38719.669055975384,2013-01-01,2013-03-04,38615.19052099609,2012-12-29,2013-03-08,38548.56099549845,2012-12-14,2013-02-28,38528.90055569792,2012-12-12,2013-03-05
ECMWF,2013,19,144,2012-11-08,2013-03-31,42084.22416757596,2012-12-13,2012-12-13,40461.43457801268,2012-12-19,2012-12-25,40207.363780937274,2012-12-11,2012-12-24,40003.37913152411,2012-12-08,2012-12-28,39375.92623829616,2012-12-07,2013-01-03,38894.86437830158,2012-12-07,2013-01-10,38615.6628022266,2012-12-08,2013-01-18,38497.36607993576,2012-12-07,2013-01-24,38359.31041659616,2012-12-07,2013-01-31,38377.60530788677,2012-12-07,2013-02-07,38250.984545748084,2012-12-08,2013-02-15,38235.945372398135,2012-12-07,2013-02-21,38104.481491627164,2012-12-01,2013-02-22
ECMWF,2013,20,144,2012-11-08,2013-03-31,42603.39976369642,2013-01-23,2013-01-23,40641.1688272968,2013-01-20,2013-01-26,39991.66351302357,2013-01-14,2013-01-27,39549.33944826786,2013-01-20,2013-02-09,39574.11812560523,2013-01-16,2013-02-12,39327.594574748044,2013-01-11,2013-02-14,39014.37530505933,2013-01-07,2013-02-17,38815.74098237907,2013-01-13,2013-03-02,38771.51793607603,2012-12-20,2013-02-13,38640.92759908404,2012-12-16,2013-02-16,38536.38583592064,2012-12-06,2013-02-13,38451.23103990359,2012-12-03,2013-02-17,38371.01371373789,2012-11-25,2013-02-16
ECMWF,2013,21,144,2012-11-08,2013-03-31,40991.480209818896,2013-02-07,2013-02-07,39015.164921500414,2012-11-27,2012-12-03,38585.68126106095,2012-11-20,2012-12-03,38459.15275124846,2012-11-16,2012-12-06,38226.64100114979,2012-11-10,2012-12-07,38149.36595440734,2012-12-22,2013-01-25,38193.57216684479,2012-12-30,2013-02-09,38179.15363851215,2012-12-24,2013-02-10,38139.907876115314,2012-12-18,2013-02-11,38022.61496067249,2012-11-24,2013-01-25,38049.78169493049,2012-11-17,2013-01-25,38069.710078016105,2012-11-26,2013-02-10,38077.18780024141,2012-11-19,2013-02-10
ECMWF,2013,22,144,2012-11-08,2013-03-31,45202.845735333176,2012-12-06,2012-12-06,43234.96747505642,2012-12-04,2012-12-10,42756.31404262803,2012-12-02,2012-12-15,42362.99504202197,2012-12-01,2012-12-21,42204.34994438366,2012-12-02,2012-12-29,41889.08122129953,2012-11-29,2013-01-02,41471.62104661592,2012-11-24,2013-01-04,41144.29078711378,2012-11-25,2013-01-12,40767.276677108435,2012-11-23,2013-01-17,40561.673494710216,2012-11-25,2013-01-26,40389.82029190679,2012-11-24,2013-02-01,40214.864145066385,2012-11-23,2013-02-07,40283.22372216518,2012-12-01,2013-02-22
ECMWF,2013,23,144,2012-11-08,2013-03-31,44246.284140859265,2013-01-22,2013-01-22,41776.08410831704,2013-01-17,2013-01-23,41470.803189960876,2013-01-10,2013-01-23,41109.21833747527,2013-01-08,2013-01-28,40481.758436805096,2013-01-06,2013-02-02,39995.04962278879,2013-01-05,2013-02-08,39475.50395741347,2013-01-02,2013-02-12,39016.979083840495,2012-12-23,2013-02-09,38773.69279745759,2012-12-18,2013-02-11,38678.41400778735,2012-11-28,2013-01-29,38653.02299919217,2012-11-26,2013-02-03,38588.8647408847,2012-11-24,2013-02-08,38428.87429315724,2012-11-21,2013-02-12
ECMWF,2013,24,144,2012-11-08,2013-03-31,43292.28126641888,2013-01-10,2013-01-10,40623.19878509863,2013-01-06,2013-01-12,39983.92978749356,2013-02-11,2013-02-24,40001.54767870828,2013-02-03,2013-02-23,39936.36836327915,2013-01-28,2013-02-24,39804.50278666951,2013-01-21,2013-02-24,39732.66616916131,2013-01-08,2013-02-18,39824.27956761742,2013-01-07,2013-02-24,39725.31438189523,2012-12-31,2013-02-24,39589.82061908392,2012-12-26,2013-02-26,39410.16540834571,2012-12-26,2013-03-05,39232.72583657986,2012-12-25,2013-03-11,39009.51619623235,2012-12-19,2013-03-12
ECMWF,2014,0,144,2013-11-08,2014-03-31,41351.50193967181,2014-02-20,2014-02-20,39707.86256619938,2014-02-18,2014-02-24,38959.0741997364,2014-02-17,2014-03-02,38517.86965479321,2014-02-16,2014-03-08,38173.365459722445,2014-02-16,2014-03-15,37965.86865537188,2014-01-29,2014-03-04,37872.39494787831,2014-01-29,2014-03-11,37758.28477805556,2014-01-28,2014-03-17,37631.51358315779,2014-01-24,2014-03-20,37517.69752018678,2013-12-31,2014-03-03,37592.04039440274,2013-12-19,2014-02-26,37618.14152874546,2013-12-18,2014-03-04,37607.898689187416,2013-12-16,2014-03-09
ECMWF,2014,1,144,2013-11-08,2014-03-31,42543.31325927294,2013-12-25,2013-12-25,39822.907955342926,2013-12-21,2013-12-27,39356.33156971041,2013-12-15,2013-12-28,39040.68954973589,2013-12-18,2014-01-07,38919.58325282913,2013-12-15,2014-01-11,38504.32070127447,2013-12-14,2014-01-17,38298.93138791612,2013-12-15,2014-01-25,38169.93255044223,2013-12-14,2014-01-31,38102.75655167388,2013-12-14,2014-02-07,37953.28417603275,2013-12-14,2014-02-14,37834.98962501274,2013-12-14,2014-02-21,37748.75446651795,2013-12-14,2014-02-28,37641.484142424895,2013-12-04,2014-02-25
ECMWF,2014,2,144,2013-11-08,2014-03-31,42525.33078319383,2014-03-11,2014-03-11,41024.89476924263,2013-12-28,2014-01-03,40459.694927778946,2013-12-24,2014-01-06,40370.033301714655,2014-02-24,2014-03-16,40056.47118063729,2014-02-21,2014-03-20,39582.28543583705,2014-02-15,2014-03-21,39131.39906309122,2014-02-10,2014-03-23,38798.796693659366,2014-02-01,2014-03-21,38564.79453699584,2014-01-26,2014-03-22,38414.286159769006,2014-01-17,2014-03-20,38464.30386643243,2013-12-26,2014-03-05,38643.63581348289,2013-12-27,2014-03-13,38747.405465464726,2013-12-25,2014-03-18
ECMWF,2014,3,144,2013-11-08,2014-03-31,42174.72175643333,2014-01-01,2014-01-01,40165.132787987786,2013-12-28,2014-01-03,39521.43220878277,2013-12-26,2014-01-08,39138.87476106595,2013-12-18,2014-01-07,38830.974596550805,2013-12-16,2014-01-12,38570.481973078335,2013-12-13,2014-01-16,38305.5712054258,2013-12-09,2014-01-19,38201.66631948503,2013-12-19,2014-02-05,38170.67084792608,2013-12-16,2014-02-09,38059.46989066851,2013-12-11,2014-02-11,37969.68575362325,2013-12-16,2014-02-23,37961.10547550909,2013-12-17,2014-03-03,38020.77918612227,2013-12-25,2014-03-18
ECMWF,2014,4,144,2013-11-08,2014-03-31,43484.01898087144,2014-02-04,2014-02-04,41863.44833055167,2014-01-30,2014-02-05,41707.909910759474,2014-01-30,2014-02-12,41241.95582164287,2014-01-27,2014-02-16,40448.72666342698,2014-01-20,2014-02-16,39993.34042028977,2014-01-13,2014-02-16,39506.82286469884,2014-01-10,2014-02-20,39180.61419146273,2013-12-31,2014-02-17,39205.981465620804,2013-12-23,2014-02-16,39036.34485246635,2013-12-16,2014-02-16,38976.82972462811,2013-12-09,2014-02-16,38923.394915909514,2013-12-03,2014-02-17,38859.10833472797,2013-11-25,2014-02-16
ECMWF,2014,5,144,2013-11-08,2014-03-31,44066.04157258173,2014-01-23,2014-01-23,41825.340738341736,2014-01-19,2014-01-25,41244.655459981914,2014-01-14,2014-01-27,40639.62574377887,2014-01-09,2014-01-29,40166.93534405523,2014-01-14,2014-02-10,39988.61428400526,2014-01-08,2014-02-11,39726.42354996452,2014-01-03,2014-02-13,39591.500113829985,2014-01-05,2014-02-22,39411.948574847134,2013-12-31,2014-02-24,39284.88825308575,2013-12-24,2014-02-24,39093.978868650476,2013-12-17,2014-02-24,38890.9590424608,2013-12-12,2014-02-26,38738.721263727115,2013-12-03,2014-02-24
ECMWF,2014,6,144,2013-11-08,2014-03-31,40992.062596941265,2014-01-22,2014-01-22,38725.10922351268,2014-01-20,2014-01-26,38151.77441631477,2014-01-19,2014-02-01,37979.58062942902,2014-01-06,2014-01-26,37978.888054548544,2013-12-30,2014-01-26,37892.03243894217,2013-12-30,2014-02-02,37741.14847449976,2014-01-08,2014-02-18,37767.40219003438,2014-01-01,2014-02-18,37680.63801120595,2013-12-25,2014-02-18,37567.191393115194,2013-12-19,2014-02-19,37414.16820299086,2013-12-19,2014-02-26,37367.83148923908,2013-12-04,2014-02-18,37309.231821041336,2013-12-01,2014-02-22
ECMWF,2014,7,144,2013-11-08,2014-03-31,44886.851336887215,2014-01-14,2014-01-14,42308.86995802928,2014-01-09,2014-01-15,42044.33502703065,2014-01-02,2014-01-15,41855.70577170753,2013-12-30,2014-01-19,41309.41325760575,2013-12-24,2014-01-20,41170.42485363454,2013-12-27,2014-01-30,40736.06557064733,2013-12-21,2014-01-31,40389.22214091702,2013-12-13,2014-01-30,40132.537580332384,2013-12-07,2014-01-31,39782.22551794942,2013-12-05,2014-02-05,39579.21358187803,2013-12-07,2014-02-14,39281.5678230105,2013-12-05,2014-02-19,39088.42977874444,2013-11-21,2014-02-12
ECMWF,2014,8,144,2013-11-08,2014-03-31,42588.84665245789,2014-01-08,2014-01-08,40914.84114075847,2014-01-03,2014-01-09,40660.06225301318,2013-12-29,2014-01-11,39954.101453201416,2013-12-24,2014-01-13,39301.91357863506,2013-12-16,2014-01-12,38866.85142332737,2013-12-14,2014-01-17,38554.64189299236,2013-12-03,2014-01-13,38377.05460580605,2013-11-29,2014-01-16,38191.080049986056,2013-12-15,2014-02-08,38027.37918988975,2013-12-14,2014-02-14,37958.362213383916,2013-11-30,2014-02-07,37859.0481785565,2013-11-30,2014-02-14,37731.38291866882,2013-11-24,2014-02-15
ECMWF,2014,9,144,2013-11-08,2014-03-31,42532.925176741104,2013-12-11,2013-12-11,40858.981602500826,2013-12-05,2013-12-11,40588.86898242216,2013-11-29,2013-12-12,40028.79608355243,2013-11-25,2013-12-15,39881.25726318491,2013-11-30,2013-12-27,39722.58976032535,2013-11-25,2013-12-29,39662.34617417885,2013-12-02,2014-01-12,39687.4683671167,2013-11-26,2014-01-13,39527.43124609798,2013-11-23,2014-01-17,39439.67272784369,2013-11-26,2014-01-27,39348.78251413904,2013-11-30,2014-02-07,39357.29598960229,2013-11-26,2014-02-10,39254.45591748318,2013-11-22,2014-02-13
ECMWF,2014,10,144,2013-11-08,2014-03-31,41549.733668321576,2013-12-25,2013-12-25,38353.025380301115,2013-12-24,2013-12-30,38096.95685284805,2013-12-23,2014-01-05,37833.81584663851,2013-12-21,2014-01-10,37585.14187051897,2013-12-14,2014-01-10,37282.78309129845,2013-12-12,2014-01-15,37179.32747839488,2013-12-23,2014-02-02,37193.80582861102,2013-12-23,2014-02-09,37149.78255192442,2013-12-15,2014-02-08,37094.20407888086,2013-12-23,2014-02-23,37133.073793088646,2013-12-23,2014-03-02,37107.26957845659,2013-12-15,2014-03-01,37034.6694984269,2013-12-09,2014-03-02
ECMWF,2014,11,144,2013-11-08,2014-03-31,41155.99965663457,2013-11-28,2013-11-28,39410.34461510989,2013-11-26,2013-12-02,38179.91539444509,2013-11-20,2013-12-03,37721.5297717667,2013-11-13,2013-12-03,37386.46259201506,2013-11-08,2013-12-05,37115.95646388284,2013-11-09,2013-12-13,37160.076707219385,2013-11-25,2014-01-05,37140.9913002766,2013-11-25,2014-01-12,37089.42789329662,2013-11-18,2014-01-12,37045.74002535324,2013-11-13,2014-01-14,36981.83481574511,2013-11-09,2014-01-17,36934.717525069354,2013-11-10,2014-01-25,37001.76253459009,2013-11-26,2014-02-17
ECMWF,2014,12,144,2013-11-08,2014-03-31,42179.27653171963,2014-02-18,2014-02-18,40399.75354938394,2014-02-12,2014-02-18,40196.79895652535,2014-02-11,2014-02-24,39751.581788970536,2014-02-07,2014-02-27,39206.74393456082,2014-02-04,2014-03-03,38777.727307576104,2014-01-24,2014-02-27,38929.79695689575,2014-01-14,2014-02-24,38878.11145262364,2014-01-13,2014-03-02,38756.27077988725,2014-01-02,2014-02-26,38645.035013708504,2013-12-31,2014-03-03,38458.64271622086,2013-12-26,2014-03-05,38340.37676743839,2013-12-16,2014-03-02,38317.503974877814,2013-12-05,2014-02-26
ECMWF,2014,13,144,2013-11-08,2014-03-31,43679.14165980509,2014-01-22,2014-01-22,40999.75097264223,2014-01-18,2014-01-24,39687.29034217678,2014-01-13,2014-01-26,39462.79441388066,2013-12-13,2014-01-02,39148.26688845699,2013-12-27,2014-01-23,39191.82615025882,2013-12-21,2014-01-24,39226.708593720745,2013-12-15,2014-01-25,39077.672449373655,2013-12-09,2014-01-26,38793.42775071103,2013-12-15,2014-02-08,38713.760394663965,2013-12-09,2014-02-09,38523.51945799433,2013-12-15,2014-02-22,38506.25015361445,2013-12-12,2014-02-26,38410.04075011783,2013-12-08,2014-03-01
ECMWF,2014,14,144,2013-11-08,2014-03-31,42366.810232755575,2013-12-03,2013-12-03,40140.37126710518,2013-11-28,2013-12-04,39107.989325252456,2013-11-22,2013-12-05,38759.63791011854,2013-11-24,2013-12-14,38624.73346631439,2013-12-30,2014-01-26,38454.4834374688,2013-12-26,2014-01-29,38310.62257716259,2013-12-30,2014-02-09,38352.619549265335,2014-01-13,2014-03-02,38303.49524157176,2014-01-10,2014-03-06,38338.04999780892,2013-12-30,2014-03-02,38307.211320189985,2013-12-27,2014-03-06,38257.7567359297,2013-12-30,2014-03-16,38282.486890026004,2013-12-30,2014-03-23
ECMWF,2014,15,144,2013-11-08,2014-03-31,41412.81118582927,2014-01-01,2014-01-01,39611.02754163685,2014-02-19,2014-02-25,39496.58626533397,2014-02-12,2014-02-25,39393.47275081847,2014-02-05,2014-02-25,39356.27261892987,2014-01-30,2014-02-26,39224.26552931896,2014-01-21,2014-02-24,39187.21092444351,2014-01-16,2014-02-26,38827.06136791522,2014-01-10,2014-02-27,38731.70251534229,2013-12-31,2014-02-24,38717.03043974225,2013-12-26,2014-02-26,38555.598111284395,2013-12-19,2014-02-26,38507.77005214535,2013-12-12,2014-02-26,38413.464779976246,2013-12-05,2014-02-26
ECMWF,2014,16,144,2013-11-08,2014-03-31,42322.302567360675,2014-01-23,2014-01-23,40746.28425225505,2014-01-22,2014-01-28,40284.15863890653,2014-01-16,2014-01-29,39876.974253302265,2014-01-17,2014-02-06,39510.639307308935,2014-01-12,2014-02-08,39160.1768877785,2014-01-05,2014-02-08,39075.46092670524,2013-12-29,2014-02-08,38924.29162629304,2013-12-24,2014-02-10,38810.01094928215,2013-12-28,2014-02-21,38711.5579911195,2013-12-23,2014-02-23,38554.11441717976,2013-12-20,2014-02-27,38449.603457020115,2013-12-07,2014-02-21,38384.9470850731,2013-12-03,2014-02-24
ECMWF,2014,17,144,2013-11-08,2014-03-31,42625.05098499986,2013-12-18,2013-12-18,40961.74937107775,2013-12-06,2013-12-12,40709.11036328458,2013-12-06,2013-12-19,40104.578498281655,2013-12-03,2013-12-23,39428.18342730055,2013-12-02,2013-12-29,39163.95819601313,2013-12-01,2014-01-04,38771.46040703808,2013-11-29,2014-01-09,38607.0866684213,2013-11-30,2014-01-17,38360.362751216,2013-11-29,2014-01-23,38150.53327073969,2013-11-29,2014-01-30,37959.108674553274,2013-11-29,2014-02-06,37905.68841001116,2013-11-30,2014-02-14,37801.7612773711,2013-11-29,2014-02-20
ECMWF,2014,18,144,2013-11-08,2014-03-31,43988.643762968386,2014-01-14,2014-01-14,42223.49035932675,2014-01-17,2014-01-23,42194.540067774804,2014-01-13,2014-01-26,41868.14807906993,2014-01-07,2014-01-27,41414.796534819296,2013-12-31,2014-01-27,41019.25263150389,2013-12-25,2014-01-28,40687.26708184677,2013-12-22,2014-02-01,40412.39488985549,2013-12-20,2014-02-06,40181.6981233181,2013-12-13,2014-02-06,39955.75775423115,2013-12-10,2014-02-10,39719.06088431552,2013-12-11,2014-02-18,39586.76672846093,2013-11-24,2014-02-08,39444.91876945421,2013-12-12,2014-03-05
ECMWF,2014,19,144,2013-11-08,2014-03-31,42512.67717736279,2014-02-27,2014-02-27,40686.03377365728,2014-02-23,2014-03-01,40306.1997458004,2014-02-20,2014-03-05,40122.77939560377,2014-02-08,2014-02-28,40089.07711822076,2014-02-06,2014-03-05,39804.85850707303,2014-01-29,2014-03-04,39778.3640281456,2014-01-23,2014-03-05,39580.53211388794,2014-01-18,2014-03-07,39487.19287803611,2014-01-09,2014-03-05,39378.44728708527,2014-01-04,2014-03-07,39281.21931062682,2013-12-30,2014-03-09,39131.799620665195,2013-12-23,2014-03-09,39009.553605648485,2013-12-12,2014-03-05
ECMWF,2014,20,144,2013-11-08,2014-03-31,40998.35614737968,2014-01-01,2014-01-01,39047.40087652092,2013-12-29,2014-01-04,38960.601348170945,2013-12-31,2014-01-13,38767.66153946778,2013-12-27,2014-01-16,38382.12928635974,2013-12-27,2014-01-23,38325.291971894374,2013-12-29,2014-02-01,38259.569406775765,2013-12-26,2014-02-05,38260.23520485083,2013-12-31,2014-02-17,38229.09282268334,2013-12-26,2014-02-19,38044.3811125494,2013-12-17,2014-02-17,37936.44586954254,2013-12-15,2014-02-22,37791.879958320824,2013-12-06,2014-02-20,37700.675657287626,2013-11-28,2014-02-19
ECMWF,2014,21,144,2013-11-08,2014-03-31,45408.31565394206,2014-01-23,2014-01-23,42879.85789723306,2014-01-19,2014-01-25,41658.86100232301,2014-01-13,2014-01-26,40823.60983862121,2014-01-10,2014-01-30,40045.10094045039,2014-01-04,2014-01-31,39348.48424692247,2014-01-03,2014-02-06,39049.99883754032,2014-01-08,2014-02-18,38833.46970731775,2014-01-05,2014-02-22,38735.29528600305,2013-12-04,2014-01-28,38676.51639505484,2013-11-29,2014-01-30,38622.40046675916,2013-11-22,2014-01-30,38559.839398427495,2013-11-15,2014-01-30,38483.4984824866,2013-11-09,2014-01-31
ECMWF,2014,22,144,2013-11-08,2014-03-31,42670.17198984225,2013-12-18,2013-12-18,40136.50058688477,2014-01-01,2014-01-07,39271.9784363726,2013-12-07,2013-12-20,38772.76587243842,2013-11-29,2013-12-19,38887.22111906047,2013-11-23,2013-12-20,38697.443486599856,2013-12-08,2014-01-11,38629.624681988134,2013-11-27,2014-01-07,38662.510200149,2013-11-21,2014-01-08,38507.76495702736,2013-11-20,2014-01-14,38318.25854346609,2013-11-20,2014-01-21,38157.56724101481,2013-11-19,2014-01-27,38022.978283342905,2013-11-20,2014-02-04,37919.91848803017,2013-11-21,2014-02-12
ECMWF,2014,23,144,2013-11-08,2014-03-31,42302.464440258074,2014-02-06,2014-02-06,40243.28840368901,2014-02-01,2014-02-07,39695.22238737162,2014-01-25,2014-02-07,39351.884728486104,2014-01-20,2014-02-09,39306.93167331184,2014-01-11,2014-02-07,39214.41008498721,2014-01-06,2014-02-09,38978.57617361597,2014-01-01,2014-02-11,38826.24636320404,2013-12-23,2014-02-09,38891.36624962251,2013-12-15,2014-02-08,38868.72454345399,2013-12-10,2014-02-10,38720.87724857301,2013-12-02,2014-02-09,38659.35626531483,2013-11-28,2014-02-12,38492.94612249077,2013-11-26,2014-02-17
ECMWF,2014,24,144,2013-11-08,2014-03-31,41400.35010759563,2013-12-26,2013-12-26,40036.1855957861,2013-12-25,2013-12-31,38956.190699234685,2014-02-26,2014-03-11,38626.16232275652,2014-02-20,2014-03-12,38143.38279645494,2014-02-14,2014-03-13,37957.467572411835,2013-12-24,2014-01-27,38055.16960140084,2013-12-25,2014-02-04,37952.72661643818,2013-12-23,2014-02-09,37889.073255355186,2014-01-15,2014-03-11,37868.984814393705,2014-01-10,2014-03-13,37892.79325628337,2013-12-25,2014-03-04,37969.43022391748,2013-12-25,2014-03-11,37886.51833882072,2013-12-19,2014-03-12
ECMWF,2015,0,144,2014-11-08,2015-03-31,43789.67722787258,2015-02-24,2015-02-24,41570.91057265253,2015-02-21,2015-02-27,41036.487571545986,2015-02-19,2015-03-04,40453.5179623838,2015-02-13,2015-03-05,39790.27130011733,2015-02-07,2015-03-06,39672.59062997055,2014-12-13,2015-01-16,39662.36732721064,2014-12-09,2015-01-19,39675.44990650039,2014-12-12,2015-01-29,39620.88295357359,2014-12-07,2015-01-31,39561.742202318834,2015-01-01,2015-03-04,39488.22217922955,2014-12-26,2015-03-05,39514.24823313731,2014-12-14,2015-02-28,39555.611584668215,2014-12-11,2015-03-04
ECMWF,2015,1,144,2014-11-08,2015-03-31,44983.1694507561,2015-01-22,2015-01-22,42709.7923781223,2015-01-19,2015-01-25,42476.58962687268,2015-01-19,2015-02-01,41895.21154190234,2015-01-16,2015-02-05,41250.235204234545,2015-01-16,2015-02-12,40645.47963058662,2015-01-13,2015-02-16,40527.95270065944,2015-01-18,2015-02-28,40520.738307736145,2015-01-16,2015-03-05,40292.19750823831,2015-01-13,2015-03-09,39932.687740394074,2015-01-14,2015-03-17,39773.36795537534,2015-01-14,2015-03-24,39520.7614885648,2015-01-09,2015-03-26,39402.58371133247,2014-12-14,2015-03-07
ECMWF,2015,2,144,2014-11-08,2015-03-31,41826.73401167251,2014-12-10,2014-12-10,39498.77197110635,2014-12-07,2014-12-13,38826.34443672449,2015-02-27,2015-03-12,38124.597245404235,2015-02-22,2015-03-14,37729.56284983105,2015-01-11,2015-02-07,37825.59858271802,2015-01-04,2015-02-07,37755.98656858351,2015-01-30,2015-03-12,37723.463771217335,2015-01-26,2015-03-15,37532.314398185656,2015-01-19,2015-03-15,37634.24221338993,2014-12-06,2015-02-06,37645.78812473797,2015-01-03,2015-03-13,37588.394583133144,2014-11-30,2015-02-14,37443.33732214438,2014-11-25,2015-02-16
ECMWF,2015,3,144,2014-11-08,2015-03-31,41715.20287908505,2015-01-06,2015-01-06,39761.7959620447,2014-12-31,2015-01-06,39683.39516840249,2014-12-31,2015-01-13,39363.00523183796,2014-12-27,2015-01-16,39047.12618865735,2014-12-22,2015-01-18,38809.52928464872,2014-12-22,2015-01-25,38644.028853347736,2014-12-22,2015-02-01,38597.61371619568,2014-12-01,2015-01-18,38519.80826549832,2014-11-30,2015-01-24,38444.7327217167,2014-11-29,2015-01-30,38352.58914879244,2014-12-25,2015-03-04,38307.19902694338,2014-12-18,2015-03-04,38253.1221341802,2014-12-05,2015-02-26
ECMWF,2015,4,144,2014-11-08,2015-03-31,40961.5807840116,2014-12-31,2014-12-31,38653.89049816469,2014-12-28,2015-01-03,38131.194173398704,2014-12-28,2015-01-10,37696.40461380781,2014-12-13,2015-01-02,37722.47938822395,2014-12-12,2015-01-08,37641.955569068086,2014-12-09,2015-01-12,37449.40356322048,2014-12-05,2015-01-15,37414.349281398434,2014-11-22,2015-01-09,37344.62926632387,2014-11-21,2015-01-15,37231.35613203842,2014-12-10,2015-02-10,37211.90446674643,2014-12-08,2015-02-15,37149.79740328644,2014-12-05,2015-02-19,37161.17973530985,2014-11-23,2015-02-14
ECMWF,2015,5,144,2014-11-08,2015-03-31,43337.0131561291,2014-12-24,2014-12-24,41564.06107092302,2014-12-19,2014-12-25,41133.38532868212,2014-12-12,2014-12-25,40361.169649909294,2014-12-07,2014-12-27,39870.87941310643,2014-12-07,2015-01-03,39613.74844262057,2014-11-25,2014-12-29,39467.64130777604,2014-11-16,2014-12-27,39315.122364193434,2014-11-16,2015-01-03,39093.9727893721,2014-11-14,2015-01-08,38803.01304052465,2014-11-15,2015-01-16,38667.902110263545,2014-11-15,2015-01-23,38489.4082954031,2014-11-15,2015-01-30,38383.828650301686,2014-12-12,2015-03-05
ECMWF,2015,6,144,2014-11-08,2015-03-31,42602.78515196376,2014-12-02,2014-12-02,40610.779183505496,2014-11-30,2014-12-06,39691.292407943794,2014-11-25,2014-12-08,39002.181024720005,2014-11-22,2014-12-12,38287.08456154844,2014-11-21,2014-12-18,37792.444704058384,2014-11-20,2014-12-24,37782.49527588343,2015-01-30,2015-03-12,37787.054313150205,2015-01-24,2015-03-13,37744.52033962334,2015-01-17,2015-03-13,37742.26635363144,2015-01-09,2015-03-12,37707.2880612325,2015-01-04,2015-03-14,37626.36907745234,2014-11-21,2015-02-05,37540.90046595695,2014-11-21,2015-02-12
ECMWF,2015,7,144,2014-11-08,2015-03-31,40004.939916421754,2014-11-25,2014-11-25,38252.64677589041,2014-11-21,2014-11-27,37932.938191555775,2015-02-02,2015-02-15,37715.26918635444,2015-01-28,2015-02-17,37643.537213562755,2014-11-20,2014-12-17,37590.56223543388,2014-11-15,2014-12-19,37576.261535393285,2015-01-05,2015-02-15,37463.48362484105,2015-01-03,2015-02-20,37405.87477619462,2014-11-16,2015-01-10,37402.32881436007,2014-12-14,2015-02-14,37404.760344829716,2014-12-03,2015-02-10,37425.52206236216,2014-12-02,2015-02-16,37443.18979133138,2014-11-21,2015-02-12
ECMWF,2015,8,144,2014-11-08,2015-03-31,42495.444942048685,2015-01-21,2015-01-21,40198.17686411748,2015-01-17,2015-01-23,39650.350140748786,2015-01-15,2015-01-28,38962.428403229795,2015-01-10,2015-01-30,38644.11171398409,2015-01-03,2015-01-30,38420.3481327509,2014-12-29,2015-02-01,38132.57104127356,2014-12-20,2015-01-30,38078.40856539543,2014-12-10,2015-01-27,38073.068781019676,2014-12-07,2015-01-31,37899.326891421726,2014-12-07,2015-02-07,37857.79797884594,2014-12-07,2015-02-14,37783.44730654925,2014-12-08,2015-02-22,37729.18294983871,2014-12-06,2015-02-27
ECMWF,2015,9,144,2014-11-08,2015-03-31,43654.55062928189,2015-01-05,2015-01-05,41361.53463775076,2014-12-30,2015-01-05,40778.866835731525,2014-12-25,2015-01-07,40232.98333909038,2014-12-20,2015-01-09,39772.4528358566,2014-12-13,2015-01-09,39487.86071907267,2014-12-07,2015-01-10,39181.0238409774,2014-11-29,2015-01-09,39071.79493064642,2014-11-22,2015-01-09,38868.978406914066,2014-11-18,2015-01-12,38748.85884100377,2014-11-09,2015-01-10,38664.10407648817,2014-12-23,2015-03-02,38705.52098653919,2014-12-21,2015-03-07,38698.286451941574,2014-12-21,2015-03-14
ECMWF,2015,10,144,2014-11-08,2015-03-31,41606.91913553717,2015-01-06,2015-01-06,39806.364272830186,2015-01-03,2015-01-09,39419.26899400513,2014-12-28,2015-01-10,38902.60710506415,2014-12-21,2015-01-10,38701.2495787005,2014-12-29,2015-01-25,38562.58910491816,2014-12-23,2015-01-26,38485.47552250944,2014-12-18,2015-01-28,38311.54844627252,2014-12-08,2015-01-25,38275.98728074645,2014-12-04,2015-01-28,38262.06887503518,2014-11-27,2015-01-28,38116.69728356971,2014-11-27,2015-02-04,38106.889178376536,2014-11-26,2015-02-10,38021.059533197156,2014-11-24,2015-02-15
ECMWF,2015,11,144,2014-11-08,2015-03-31,42987.67989267831,2015-01-27,2015-01-27,40690.849536359594,2015-01-22,2015-01-28,40292.551273667115,2015-01-17,2015-01-30,40281.84152797024,2015-01-20,2015-02-09,39976.36218792118,2015-01-17,2015-02-13,39637.92646413085,2015-01-17,2015-02-20,39209.688447567096,2015-01-11,2015-02-21,38870.678648937566,2015-01-04,2015-02-21,38531.580316750704,2014-12-31,2015-02-24,38190.43193386684,2014-12-26,2015-02-26,37845.620028669335,2014-12-20,2015-02-27,37645.98343866836,2014-12-10,2015-02-24,37523.32290702901,2014-12-02,2015-02-23
ECMWF,2015,12,144,2014-11-08,2015-03-31,41283.141567674786,2015-01-08,2015-01-08,39824.46513160511,2015-01-07,2015-01-13,39384.6431005282,2015-01-06,2015-01-19,38852.55951946284,2014-12-31,2015-01-20,38442.02072796045,2014-12-31,2015-01-27,38124.73482347486,2014-12-30,2015-02-02,38098.02490724999,2014-12-09,2015-01-19,38008.33337593638,2014-12-07,2015-01-24,37879.037274072165,2014-12-03,2015-01-27,37800.884208536074,2014-12-09,2015-02-09,37742.53442323918,2014-12-04,2015-02-11,37620.730399724365,2014-12-04,2015-02-18,37601.40107849411,2014-11-19,2015-02-10
ECMWF,2015,13,144,2014-11-08,2015-03-31,42269.07010253198,2014-12-25,2014-12-25,40009.53641527147,2014-12-20,2014-12-26,39352.28720236538,2014-12-13,2014-12-26,38984.930701478115,2014-12-08,2014-12-28,38494.603942643436,2014-12-06,2015-01-02,38184.04718196958,2014-12-05,2015-01-08,37870.793817819365,2014-12-09,2015-01-19,37887.757326642066,2014-12-11,2015-01-28,37871.140802708505,2014-12-08,2015-02-01,37751.58555791583,2014-12-03,2015-02-03,37588.164182629436,2014-11-26,2015-02-03,37584.38387753229,2014-12-14,2015-02-28,37675.94840517531,2014-12-10,2015-03-03
ECMWF,2015,14,144,2014-11-08,2015-03-31,44897.41350491499,2015-01-22,2015-01-22,42805.50006351761,2015-01-18,2015-01-24,41541.10610105522,2015-01-15,2015-01-28,41008.74402749564,2015-01-08,2015-01-28,40485.76099678334,2015-01-08,2015-02-04,40165.85247182884,2014-12-28,2015-01-31,39928.74519453827,2014-12-25,2015-02-04,39639.766204897525,2014-12-23,2015-02-09,39423.69733221437,2014-12-25,2015-02-18,39285.65730804589,2014-12-22,2015-02-22,39188.035547868465,2014-12-24,2015-03-03,39049.17987887481,2014-12-23,2015-03-09,38853.512726495515,2014-12-17,2015-03-10
ECMWF,2015,15,144,2014-11-08,2015-03-31,43298.482930024016,2015-02-04,2015-02-04,40579.06418898726,2015-01-31,2015-02-06,39221.767796805536,2015-01-29,2015-02-11,39207.534478376845,2015-01-16,2015-02-05,39056.955332599406,2015-01-13,2015-02-09,38741.24077896404,2015-01-08,2015-02-11,38618.72051820871,2014-12-27,2015-02-06,38614.83575896739,2014-12-23,2015-02-09,38534.36452372076,2014-12-16,2015-02-09,38516.007656972695,2014-12-09,2015-02-09,38412.77612472516,2014-12-02,2015-02-09,38449.488964261094,2014-11-25,2015-02-09,38399.3750557921,2014-11-19,2015-02-10
ECMWF,2015,16,144,2014-11-08,2015-03-31,44484.651015409414,2015-02-05,2015-02-05,41822.948622665586,2015-02-01,2015-02-07,40990.38099414427,2015-01-26,2015-02-08,40413.20847070839,2015-01-18,2015-02-07,40447.77300322646,2015-01-12,2015-02-08,40085.48227660216,2015-01-07,2015-02-10,39874.783137480605,2014-12-29,2015-02-08,39826.37058321051,2014-12-23,2015-02-09,39609.08113919331,2014-12-23,2015-02-16,39486.80103754069,2014-12-23,2015-02-23,39373.571832830334,2014-12-23,2015-03-02,39137.37290324204,2014-12-16,2015-03-02,38921.317450663904,2014-12-12,2015-03-05
ECMWF,2015,17,144,2014-11-08,2015-03-31,41317.13504109101,2014-12-17,2014-12-17,38750.17368377822,2015-02-24,2015-03-02,38318.922825913985,2015-02-17,2015-03-02,38384.87170298585,2015-02-10,2015-03-02,38196.96276937583,2015-02-03,2015-03-02,38150.41404431338,2015-01-28,2015-03-03,38081.412200862374,2015-01-22,2015-03-04,37957.3112351019,2015-01-15,2015-03-04,37910.897099145404,2015-01-07,2015-03-03,37882.310202072156,2014-12-31,2015-03-03,37779.91352937363,2014-12-28,2015-03-07,37693.47649722441,2014-12-16,2015-03-02,37685.095442606216,2014-12-12,2015-03-05
ECMWF,2015,18,144,2014-11-08,2015-03-31,41894.07675122993,2014-12-17,2014-12-17,39787.534406236235,2014-12-12,2014-12-18,38907.275694211676,2014-12-08,2014-12-21,38574.16824053393,2014-12-13,2015-01-02,38403.67143629055,2014-12-08,2015-01-04,38043.30706262784,2014-12-07,2015-01-10,37897.073023664634,2014-12-11,2015-01-21,37992.16232469809,2014-12-11,2015-01-28,38016.32878306454,2014-12-09,2015-02-02,37870.955534426146,2014-12-07,2015-02-07,37836.35675969847,2014-12-10,2015-02-17,37733.04478670776,2014-12-07,2015-02-21,37640.411205679484,2014-11-19,2015-02-10
ECMWF,2015,19,144,2014-11-08,2015-03-31,41985.00811498356,2014-12-18,2014-12-18,38839.27769964978,2014-12-14,2014-12-20,38145.22436543788,2015-02-11,2015-02-24,37760.70077383968,2015-02-06,2015-02-26,37600.62336678832,2014-12-09,2015-01-05,37509.882439775916,2015-01-22,2015-02-25,37529.02722971224,2015-01-15,2015-02-25,37385.058620278585,2014-12-12,2015-01-29,37409.54364183188,2015-01-01,2015-02-25,37334.18580416157,2014-12-26,2015-02-26,37428.400927878356,2014-12-16,2015-02-23,37436.79254883638,2014-12-12,2015-02-26,37408.98414598506,2014-12-05,2015-02-26
ECMWF,2015,20,144,2014-11-08,2015-03-31,43682.92613081247,2015-01-01,2015-01-01,41537.22790769536,2014-12-27,2015-01-02,40722.06101081834,2014-12-25,2015-01-07,40274.44038548028,2014-12-19,2015-01-08,40042.09228814081,2014-12-19,2015-01-15,39833.976942502726,2014-12-14,2015-01-17,39712.172681774486,2014-11-28,2015-01-08,39659.84535319166,2014-11-29,2015-01-16,39548.837233110644,2014-11-25,2015-01-19,39301.17274541053,2014-11-21,2015-01-22,39081.13546442763,2014-11-23,2015-01-31,38986.957245109894,2014-11-23,2015-02-07,38865.72273330281,2014-11-23,2015-02-14
ECMWF,2015,21,144,2014-11-08,2015-03-31,41698.40746713418,2014-12-23,2014-12-23,39651.983963131286,2014-12-20,2014-12-26,39027.60098000257,2014-12-16,2014-12-29,38717.31189760721,2014-12-22,2015-01-11,38738.43368193205,2014-12-17,2015-01-13,38600.980608020276,2014-12-10,2015-01-13,38440.144458584684,2014-12-08,2015-01-18,38246.10065198702,2014-12-04,2015-01-21,37998.01598491373,2014-12-01,2015-01-25,37875.801789421734,2014-11-16,2015-01-17,37771.179418723455,2014-11-15,2015-01-23,37645.175063169816,2014-11-15,2015-01-30,37496.18851610386,2014-11-12,2015-02-03
ECMWF,2015,22,144,2014-11-08,2015-03-31,43303.14602104638,2014-12-25,2014-12-25,41120.35699611187,2014-12-20,2014-12-26,40851.43298250165,2014-12-20,2015-01-02,40133.06880031065,2014-12-16,2015-01-05,39580.24407172064,2014-12-08,2015-01-04,39167.35604118792,2014-12-19,2015-01-22,39052.39788325906,2014-12-18,2015-01-28,38882.895265435975,2014-12-08,2015-01-25,38744.21068324855,2014-12-17,2015-02-10,38652.30335934358,2014-12-07,2015-02-07,38532.1921036289,2014-12-04,2015-02-11,38386.43760144188,2014-11-29,2015-02-13,38256.37161701827,2014-11-28,2015-02-19
ECMWF,2015,23,144,2014-11-08,2015-03-31,42330.08225937548,2015-01-19,2015-01-19,40149.19668493944,2015-01-15,2015-01-21,39670.455805938174,2015-02-02,2015-02-15,39203.89797641076,2015-01-28,2015-02-17,39048.77274438896,2015-01-15,2015-02-11,39058.87423406506,2015-01-13,2015-02-16,38752.708777895394,2015-01-08,2015-02-18,38424.87925939775,2015-01-01,2015-02-18,38168.94162410351,2015-01-14,2015-03-10,38095.08630070412,2015-01-13,2015-03-16,38021.18261810955,2014-12-09,2015-02-16,37965.66717769799,2014-12-04,2015-02-18,37897.2095861415,2014-11-27,2015-02-18
ECMWF,2015,24,144,2014-11-08,2015-03-31,42633.29194943063,2014-12-25,2014-12-25,40342.84630370486,2014-12-22,2014-12-28,39656.82071843674,2014-12-18,2014-12-31,39519.05212640372,2015-01-14,2015-02-03,39539.51191493142,2015-01-11,2015-02-07,39242.494177377856,2015-01-10,2015-02-13,39032.931895989794,2014-12-24,2015-02-03,39123.036096146214,2014-12-21,2015-02-07,39065.35638257443,2014-12-14,2015-02-07,38951.46448660048,2014-12-08,2015-02-08,38876.347206047125,2014-12-01,2015-02-08,38789.91145986787,2014-12-01,2015-02-15,38669.51634419571,2014-11-26,2015-02-17
ECMWF,2016,0,145,2015-11-08,2016-03-31,41616.59377195198,2016-02-02,2016-02-02,39284.959020056565,2016-02-01,2016-02-07,38942.701719432625,2016-01-28,2016-02-10,38651.58219664936,2016-01-29,2016-02-18,38429.90990737099,2016-01-25,2016-02-21,38084.170639332784,2016-01-21,2016-02-24,37763.09233910323,2016-01-14,2016-02-24,37607.82705562732,2016-01-21,2016-03-09,37587.49900722686,2015-12-21,2016-02-14,37654.03195341559,2015-12-21,2016-02-21,37563.720087834554,2015-12-18,2016-02-25,37424.68007217592,2015-12-19,2016-03-04,37377.69001651595,2015-12-18,2016-03-10
ECMWF,2016,1,145,2015-11-08,2016-03-31,41562.40973093472,2016-02-18,2016-02-18,38539.81176906883,2016-02-15,2016-02-21,38045.02219695293,2016-02-10,2016-02-23,37725.11372794722,2016-02-04,2016-02-24,37626.72687930004,2016-01-28,2016-02-24,37370.49499389079,2016-01-21,2016-02-24,37287.768028270926,2016-01-28,2016-03-09,37176.53454870759,2016-01-24,2016-03-12,37184.39672442699,2015-12-27,2016-02-20,37170.5012204129,2015-12-25,2016-02-25,37076.94783005341,2015-12-26,2016-03-04,37073.835552892975,2015-12-25,2016-03-10,37045.47296917344,2015-12-27,2016-03-19
ECMWF,2016,2,145,2015-11-08,2016-03-31,42864.09638476908,2016-01-12,2016-01-12,40990.256144366125,2016-01-06,2016-01-12,39971.610905396745,2016-01-02,2016-01-15,39103.352357569536,2016-01-01,2016-01-21,38656.06550014394,2015-12-20,2016-01-16,38379.73547813322,2015-12-19,2016-01-22,38140.97080539454,2015-12-03,2016-01-13,38198.13068097341,2015-11-27,2016-01-14,38127.08008788405,2015-11-24,2016-01-18,38004.69787189986,2015-11-22,2016-01-23,37877.44988326998,2015-11-25,2016-02-02,37827.206260089,2015-11-24,2016-02-08,37719.37087276491,2015-11-22,2016-02-13
ECMWF,2016,3,145,2015-11-08,2016-03-31,42551.09830407698,2016-02-17,2016-02-17,40763.365466016054,2016-02-11,2016-02-17,40680.21984695442,2016-02-06,2016-02-19,40349.06245175204,2016-02-02,2016-02-22,39999.91644458711,2016-02-01,2016-02-28,39896.059275413616,2016-02-06,2016-03-11,39802.303866678165,2016-01-31,2016-03-12,39596.119347023094,2016-01-26,2016-03-14,39276.47751492605,2016-01-19,2016-03-14,39166.93294624519,2016-01-07,2016-03-09,39200.79724827499,2016-01-02,2016-03-11,39139.46413593691,2015-12-29,2016-03-14,38991.42869101955,2015-12-22,2016-03-14
ECMWF,2016,4,145,2015-11-08,2016-03-31,41451.88569419501,2016-01-11,2016-01-11,39645.709664536356,2016-01-10,2016-01-16,39331.19006468113,2016-01-08,2016-01-21,38802.71431602045,2016-01-06,2016-01-26,38428.26212126649,2015-12-05,2016-01-01,38381.90481477813,2015-12-14,2016-01-17,38519.1473939659,2015-12-11,2016-01-21,38518.520949355465,2015-12-07,2016-01-24,38342.57018621121,2015-12-05,2016-01-29,38191.24574675838,2015-12-13,2016-02-13,38286.30475802354,2015-12-07,2016-02-14,38181.54277587656,2015-12-01,2016-02-15,38038.91115756453,2015-11-27,2016-02-18
ECMWF,2016,5,145,2015-11-08,2016-03-31,41116.49444343706,2016-02-08,2016-02-08,39519.529529305975,2016-02-05,2016-02-11,38664.97556114695,2016-01-29,2016-02-11,38271.49291902286,2016-01-25,2016-02-14,37770.27779529533,2016-01-19,2016-02-15,37692.23564128061,2016-01-31,2016-03-05,37745.43623255388,2016-01-25,2016-03-06,37593.34026085547,2015-12-25,2016-02-11,37582.05284480855,2015-12-22,2016-02-15,37470.231148157654,2015-12-11,2016-02-11,37475.94397970909,2015-12-08,2016-02-15,37483.07741332555,2015-12-22,2016-03-07,37403.99957706109,2015-12-15,2016-03-07
ECMWF,2016,6,145,2015-11-08,2016-03-31,42992.07204254647,2016-01-14,2016-01-14,41059.769914155135,2016-01-10,2016-01-16,40012.45149391403,2016-01-06,2016-01-19,39482.69596367209,2016-01-25,2016-02-14,39441.826048396724,2016-01-09,2016-02-05,39565.25502375383,2016-01-10,2016-02-13,39413.7899629623,2016-01-05,2016-02-15,39108.58328635507,2015-12-29,2016-02-15,38860.95532086082,2015-12-22,2016-02-15,38712.09930314912,2015-12-15,2016-02-15,38522.012564339755,2015-12-13,2016-02-20,38387.87077651882,2015-12-12,2016-02-26,38250.28031209718,2015-12-12,2016-03-04
ECMWF,2016,7,145,2015-11-08,2016-03-31,41434.68405402561,2016-03-08,2016-03-08,39441.34138787355,2016-03-04,2016-03-10,38736.92520314275,2016-03-03,2016-03-16,38299.22991032452,2016-02-26,2016-03-17,38261.96705218762,2016-02-13,2016-03-11,38185.8477451218,2016-02-11,2016-03-16,38003.545181256704,2016-02-10,2016-03-22,37897.10352561753,2016-01-23,2016-03-11,37949.05328463768,2016-01-15,2016-03-10,37964.933621277465,2016-01-13,2016-03-15,37943.38906206545,2016-01-08,2016-03-17,37864.38143853861,2016-01-06,2016-03-22,37815.40459295005,2015-12-17,2016-03-09
ECMWF,2016,8,145,2015-11-08,2016-03-31,43823.40578652016,2016-02-10,2016-02-10,41897.68023109295,2016-02-08,2016-02-14,41133.00948191717,2016-02-04,2016-02-17,40495.78905008699,2016-02-06,2016-02-26,40353.98033050843,2016-02-04,2016-03-02,40087.1391041872,2016-02-04,2016-03-09,39787.31403290854,2016-02-03,2016-03-15,39482.97931710902,2016-01-28,2016-03-16,39247.70961940731,2016-01-20,2016-03-15,39138.418704425174,2016-01-06,2016-03-08,39066.15230061023,2016-01-05,2016-03-14,38966.76986376395,2015-12-31,2016-03-16,38938.93761757658,2015-12-18,2016-03-10
ECMWF,2016,9,145,2015-11-08,2016-03-31,42280.43423532001,2016-02-03,2016-02-03,40219.27877492268,2016-01-31,2016-02-06,39744.100238208885,2016-01-27,2016-02-09,39546.91439244577,2016-01-25,2016-02-14,39250.88153729342,2016-01-23,2016-02-19,39010.61168181915,2016-01-12,2016-02-15,38956.872136922684,2016-01-09,2016-02-19,38808.001477531354,2015-12-25,2016-02-11,38820.62997955297,2015-12-24,2016-02-17,38685.12876056969,2015-12-21,2016-02-21,38530.03168611562,2015-12-04,2016-02-11,38572.95455042691,2015-12-02,2016-02-16,38536.64377597226,2015-11-28,2016-02-19
ECMWF,2016,10,145,2015-11-08,2016-03-31,42236.54277329319,2015-12-23,2015-12-23,40570.6030526664,2015-12-28,2016-01-03,40412.66937977753,2015-12-22,2016-01-04,40052.07215905177,2015-12-18,2016-01-07,39878.46296762039,2015-12-07,2016-01-03,39856.89562068578,2015-12-04,2016-01-07,39561.79281186617,2015-12-02,2016-01-12,39138.336896260334,2015-11-29,2016-01-16,38748.361476849495,2015-11-30,2016-01-24,38451.37491991558,2015-11-29,2016-01-30,38214.00463258014,2015-11-29,2016-02-06,38034.71197118967,2015-12-02,2016-02-16,37896.49658995007,2015-11-28,2016-02-19
ECMWF,2016,11,145,2015-11-08,2016-03-31,41836.270881877754,2016-03-02,2016-03-02,40240.06873642081,2016-02-25,2016-03-02,39813.42142239907,2016-02-22,2016-03-06,39196.68044854108,2016-02-16,2016-03-07,38559.28461703552,2016-02-14,2016-03-12,38255.02335905272,2016-02-02,2016-03-07,38112.728087831056,2016-01-26,2016-03-07,37999.66634189908,2016-01-20,2016-03-08,37853.3924648294,2016-01-12,2016-03-07,37886.260426655215,2016-01-05,2016-03-07,37757.58710488179,2016-01-04,2016-03-13,37683.463886671525,2015-12-23,2016-03-08,37585.52553896028,2015-12-17,2016-03-09
ECMWF,2016,12,145,2015-11-08,2016-03-31,43984.98949545818,2016-01-13,2016-01-13,41475.542396026794,2016-01-12,2016-01-18,41125.95871696296,2016-01-09,2016-01-22,40742.56610381027,2016-01-06,2016-01-26,40317.83132246109,2016-01-04,2016-01-31,40137.249821310594,2016-01-09,2016-02-12,40148.48000375259,2016-01-08,2016-02-18,40046.71584443443,2016-01-06,2016-02-23,39837.131208548984,2016-01-04,2016-02-28,39616.31902443878,2015-12-28,2016-02-28,39399.857251122885,2015-12-21,2016-02-28,39251.85752798177,2015-12-14,2016-02-28,39150.7938975861,2015-12-05,2016-02-26
ECMWF,2016,13,145,2015-11-08,2016-03-31,41496.115678665614,2016-01-19,2016-01-19,39403.42580786408,2016-01-18,2016-01-24,38649.323013102694,2016-01-16,2016-01-29,38208.945678616554,2016-01-08,2016-01-28,38059.13458480321,2016-01-03,2016-01-30,37921.42695999074,2015-12-27,2016-01-30,37838.415902832836,2016-01-16,2016-02-26,37864.37642834543,2015-12-12,2016-01-29,37759.68786091079,2015-12-12,2016-02-05,37698.75589990151,2015-12-26,2016-02-26,37613.6181126601,2015-12-12,2016-02-19,37707.498580837244,2015-12-12,2016-02-26,37614.84815301027,2015-12-06,2016-02-27
ECMWF,2016,14,145,2015-11-08,2016-03-31,40946.78704450492,2015-12-31,2015-12-31,39340.62144422961,2015-12-25,2015-12-31,39025.455293607585,2015-12-19,2016-01-01,38635.936529534134,2015-12-18,2016-01-07,38547.62495135662,2015-12-06,2016-01-02,38381.10574023863,2015-12-05,2016-01-08,38101.680022205925,2015-12-05,2016-01-15,37944.59110180257,2015-12-05,2016-01-22,37930.78631394521,2015-12-18,2016-02-11,37925.82412704323,2015-12-11,2016-02-11,37934.45950044849,2015-12-05,2016-02-12,37802.2286716145,2015-12-05,2016-02-19,37710.74553454693,2015-12-05,2016-02-26
ECMWF,2016,15,145,2015-11-08,2016-03-31,42983.72616416267,2015-12-15,2015-12-15,41003.12640631835,2015-12-09,2015-12-15,40542.34461639116,2015-12-06,2015-12-19,39823.678512895254,2016-02-14,2016-03-05,39418.46951968856,2016-02-16,2016-03-14,39358.7793457081,2016-02-14,2016-03-19,39222.73835245245,2015-12-07,2016-01-17,39282.36607473644,2015-12-07,2016-01-24,39134.39612629272,2015-12-01,2016-01-25,38972.67834365475,2015-11-26,2016-01-27,38779.446525063926,2015-11-26,2016-02-03,38706.295766673225,2015-12-11,2016-02-25,38844.074837599845,2015-12-07,2016-02-28
ECMWF,2016,16,145,2015-11-08,2016-03-31,41374.358766206075,2016-02-02,2016-02-02,39346.15011660593,2016-01-29,2016-02-04,38749.3630688222,2015-12-15,2015-12-28,38466.96630065621,2015-12-09,2015-12-29,38346.1937503876,2015-12-04,2015-12-31,38170.73675728636,2015-12-03,2016-01-06,37912.13691072842,2015-12-01,2016-01-11,38032.11047660089,2015-12-19,2016-02-05,38022.56136028459,2015-12-15,2016-02-08,38023.352919101875,2015-12-04,2016-02-04,37986.89320989818,2015-12-03,2016-02-10,37878.29602832358,2015-11-29,2016-02-13,37718.06348153598,2015-11-25,2016-02-16
ECMWF,2016,17,145,2015-11-08,2016-03-31,41947.584626937656,2016-02-24,2016-02-24,39801.72017636755,2016-02-20,2016-02-26,39540.68813266623,2016-02-14,2016-02-27,39288.74424399498,2016-02-12,2016-03-03,39081.65651565734,2016-02-01,2016-02-28,38992.539056786074,2016-01-30,2016-03-04,38878.14461606972,2016-01-21,2016-03-02,38850.18502154622,2016-01-15,2016-03-03,38675.895488712296,2016-01-12,2016-03-07,38464.58735878918,2015-12-28,2016-02-28,38468.00567079154,2015-12-26,2016-03-04,38333.32970191575,2015-12-22,2016-03-07,38129.45775746569,2015-12-14,2016-03-06
ECMWF,2016,18,145,2015-11-08,2016-03-31,42266.415270223246,2016-01-26,2016-01-26,40244.614223395234,2016-01-23,2016-01-29,39628.85642057908,2016-01-17,2016-01-30,39209.93026848623,2016-01-11,2016-01-31,38765.63112164695,2016-01-04,2016-01-31,38777.865311263384,2015-12-27,2016-01-30,38555.8615340738,2015-12-25,2016-02-04,38221.887153671836,2015-12-23,2016-02-09,38028.79547014059,2015-12-08,2016-02-01,37912.84676889777,2015-12-05,2016-02-05,37725.67026580789,2015-12-02,2016-02-09,37594.55354570772,2015-12-28,2016-03-13,37673.1964959914,2015-12-29,2016-03-21
ECMWF,2016,19,145,2015-11-08,2016-03-31,40661.4641284856,2016-01-27,2016-01-27,38669.29601640767,2016-01-27,2016-02-02,38455.821218145655,2016-01-21,2016-02-03,38337.62012695221,2016-01-14,2016-02-03,38154.74509720793,2016-01-14,2016-02-10,37938.36744397861,2016-01-11,2016-02-14,37783.25524158529,2016-01-12,2016-02-22,37596.04892521666,2016-01-08,2016-02-25,37481.91896729176,2016-01-16,2016-03-11,37441.8836085892,2016-01-12,2016-03-14,37342.641873817985,2016-01-07,2016-03-16,37193.19386585422,2016-01-06,2016-03-22,37137.44830499637,2015-12-23,2016-03-15
ECMWF,2016,20,145,2015-11-08,2016-03-31,44754.15533195369,2015-12-24,2015-12-24,42760.715620966184,2015-12-21,2015-12-27,41944.52426072873,2015-12-20,2016-01-02,41680.574913444485,2015-12-19,2016-01-08,41427.215011366745,2015-12-17,2016-01-13,40919.87164561041,2015-12-15,2016-01-18,40636.49104785222,2015-12-16,2016-01-26,40381.529211734196,2015-12-14,2016-01-31,40069.95810875432,2015-12-11,2016-02-04,39848.304501450075,2015-12-04,2016-02-04,39564.08827051203,2015-11-30,2016-02-07,39320.18724810957,2015-12-02,2016-02-16,39079.935583842824,2015-11-25,2016-02-16
ECMWF,2016,21,145,2015-11-08,2016-03-31,42969.166446208925,2016-01-19,2016-01-19,40563.692185536034,2016-01-15,2016-01-21,39572.1804313269,2016-01-12,2016-01-25,39613.559033154175,2016-01-16,2016-02-05,39471.42363247112,2016-01-13,2016-02-09,39289.40716983025,2016-01-15,2016-02-18,39234.40430181631,2016-01-14,2016-02-24,38987.20776324067,2016-01-08,2016-02-25,38852.74126639443,2016-01-11,2016-03-06,38706.2542827416,2016-01-04,2016-03-06,38582.55288221976,2015-12-28,2016-03-06,38432.38858594439,2015-12-26,2016-03-11,38237.54601724826,2015-12-24,2016-03-16
ECMWF,2016,22,145,2015-11-08,2016-03-31,42945.10486649177,2016-01-04,2016-01-04,41041.24714541449,2015-12-30,2016-01-05,40447.84902966448,2015-12-30,2016-01-12,39942.94069523081,2015-12-26,2016-01-15,39801.714322600754,2015-12-30,2016-01-26,39669.03835704841,2015-12-26,2016-01-29,39542.68196738672,2015-12-17,2016-01-27,39442.68617343962,2015-12-15,2016-02-01,39214.48333842715,2015-12-08,2016-02-01,38977.95792213925,2015-12-01,2016-02-01,38963.14424457035,2015-11-24,2016-02-01,38768.035270922956,2015-11-24,2016-02-08,38573.78417270759,2015-11-20,2016-02-11
ECMWF,2016,23,145,2015-11-08,2016-03-31,44445.8766881351,2016-01-28,2016-01-28,41975.741510905114,2016-01-22,2016-01-28,41564.43580678369,2016-01-21,2016-02-03,40855.66470977347,2016-01-15,2016-02-04,40334.53998405554,2016-01-17,2016-02-13,39926.47993610662,2016-01-13,2016-02-16,39361.89490032589,2016-01-10,2016-02-20,39117.842790560375,2016-01-13,2016-03-01,38750.986497274964,2016-01-10,2016-03-05,38702.3630458688,2015-12-13,2016-02-13,38612.032887062735,2015-12-08,2016-02-15,38451.340770933726,2015-12-04,2016-02-18,38351.76556560934,2015-12-09,2016-03-01
ECMWF,2016,24,145,2015-11-08,2016-03-31,42361.42207891839,2016-01-12,2016-01-12,40180.65978572139,2015-12-10,2015-12-16,39439.62226440733,2015-12-09,2015-12-22,39241.960886769564,2015-12-08,2015-12-28,38974.93356339098,2015-12-05,2016-01-01,39083.57445439001,2015-12-10,2016-01-13,38994.145667294186,2015-12-05,2016-01-15,38816.43268256062,2015-12-04,2016-01-21,38672.62795407665,2015-12-06,2016-01-30,38549.93558112739,2015-12-04,2016-02-04,38399.79026331886,2015-12-05,2016-02-12,38265.714175956266,2015-12-02,2016-02-16,38041.77906459362,2015-11-26,2016-02-17
